ISO-10303-21;
HEADER;
FILE_DESCRIPTION (( 'STEP AP214' ),
    '1' );
FILE_NAME ('badge_case_final.STEP',
    '2025-09-25T22:14:22',
    ( '' ),
    ( '' ),
    'SwSTEP 2.0',
    'SolidWorks 2024',
    '' );
FILE_SCHEMA (( 'AUTOMOTIVE_DESIGN' ));
ENDSEC;

DATA;
#1 = DIRECTION ( 'NONE',  ( -1.000000000000000000, 0.000000000000000000, 0.000000000000000000 ) ) ;
#2 = ORIENTED_EDGE ( 'NONE', *, *, #1459, .T. ) ;
#3 = VECTOR ( 'NONE', #410, 1000.000000000000114 ) ;
#4 = MANIFOLD_SOLID_BREP ( 'mirror', #2164 ) ;
#5 = EDGE_LOOP ( 'NONE', ( #1492, #4681, #7197, #2300, #1204, #2145 ) ) ;
#6 = ADVANCED_FACE ( 'NONE', ( #1658 ), #434, .F. ) ;
#7 = ORIENTED_EDGE ( 'NONE', *, *, #389, .F. ) ;
#8 = CARTESIAN_POINT ( 'NONE',  ( 44.90000000000000568, 27.99999999999997513, 63.98722716699411706 ) ) ;
#9 = DIRECTION ( 'NONE',  ( 0.000000000000000000, -2.465544075527127488E-16, 1.000000000000000000 ) ) ;
#10 = AXIS2_PLACEMENT_3D ( 'NONE', #6443, #5318, #5881 ) ;
#11 = CARTESIAN_POINT ( 'NONE',  ( -15.90000000000001812, -1.055039092276781046E-14, 84.65047971475041777 ) ) ;
#12 = LINE ( 'NONE', #6266, #2041 ) ;
#13 = ORIENTED_EDGE ( 'NONE', *, *, #6081, .T. ) ;
#14 = ORIENTED_EDGE ( 'NONE', *, *, #4073, .F. ) ;
#15 = VECTOR ( 'NONE', #3804, 1000.000000000000000 ) ;
#16 = CARTESIAN_POINT ( 'NONE',  ( -43.39999999999999858, 27.99999999999998224, 78.49999999999998579 ) ) ;
#17 = CARTESIAN_POINT ( 'NONE',  ( -49.39999999999999858, 5.999999999999995559, 6.500000000000000000 ) ) ;
#18 = CARTESIAN_POINT ( 'NONE',  ( -49.26155224264807941, 9.999999999999994671, 1.268820645879640940 ) ) ;
#19 = VECTOR ( 'NONE', #4957, 1000.000000000000000 ) ;
#20 = CARTESIAN_POINT ( 'NONE',  ( 49.39999999999999858, 12.82842712474618097, 75.19155853512361887 ) ) ;
#21 = CARTESIAN_POINT ( 'NONE',  ( -45.40000000000000568, 29.99999999999998579, 64.48722716699411706 ) ) ;
#22 = FACE_OUTER_BOUND ( 'NONE', #7110, .T. ) ;
#23 = DIRECTION ( 'NONE',  ( 0.000000000000000000, -1.000000000000000000, 0.000000000000000000 ) ) ;
#24 = CARTESIAN_POINT ( 'NONE',  ( -31.39999999999999858, -0.001000000000070389028, 4.500000000000017764 ) ) ;
#25 = PLANE ( 'NONE',  #1317 ) ;
#26 = CARTESIAN_POINT ( 'NONE',  ( -13.90000000000000213, 28.49999999999998224, 108.5000000000000000 ) ) ;
#27 = ORIENTED_EDGE ( 'NONE', *, *, #4176, .T. ) ;
#28 = CARTESIAN_POINT ( 'NONE',  ( -43.40000000000000568, 9.999999999999994671, 0.7999999999999951594 ) ) ;
#29 = ADVANCED_FACE ( 'NONE', ( #1619 ), #3919, .T. ) ;
#30 = CARTESIAN_POINT ( 'NONE',  ( -48.77867965644036019, 5.999999999999992895, 6.500000000000000888 ) ) ;
#31 = VECTOR ( 'NONE', #306, 1000.000000000000000 ) ;
#32 = ORIENTED_EDGE ( 'NONE', *, *, #2105, .F. ) ;
#33 = VERTEX_POINT ( 'NONE', #7388 ) ;
#34 = CARTESIAN_POINT ( 'NONE',  ( 49.39999999999999858, 4.499999999999995559, 0.000000000000000000 ) ) ;
#35 = CARTESIAN_POINT ( 'NONE',  ( 44.39999999999999147, -1.232772037763563695E-15, 5.000000000000000000 ) ) ;
#36 = VERTEX_POINT ( 'NONE', #2725 ) ;
#37 = CARTESIAN_POINT ( 'NONE',  ( 40.81421356237309084, 3.414213562373099808, 116.4999999999999858 ) ) ;
#38 = EDGE_CURVE ( 'NONE', #3482, #301, #226, .T. ) ;
#39 = ORIENTED_EDGE ( 'NONE', *, *, #3410, .T. ) ;
#40 = EDGE_CURVE ( 'NONE', #6894, #1942, #472, .T. ) ;
#41 = ORIENTED_EDGE ( 'NONE', *, *, #986, .T. ) ;
#42 = VECTOR ( 'NONE', #1409, 1000.000000000000000 ) ;
#43 = EDGE_LOOP ( 'NONE', ( #737, #2860, #1550, #5356 ) ) ;
#44 = CARTESIAN_POINT ( 'NONE',  ( 28.84940091402926754, 22.99999999999997868, 87.39999999999997726 ) ) ;
#45 = FACE_OUTER_BOUND ( 'NONE', #6808, .T. ) ;
#46 = DIRECTION ( 'NONE',  ( 0.000000000000000000, 0.000000000000000000, 1.000000000000000000 ) ) ;
#47 = ADVANCED_FACE ( 'NONE', ( #548 ), #7283, .F. ) ;
#48 = ORIENTED_EDGE ( 'NONE', *, *, #2599, .F. ) ;
#49 = VERTEX_POINT ( 'NONE', #2768 ) ;
#50 = DIRECTION ( 'NONE',  ( -0.000000000000000000, 0.000000000000000000, 1.000000000000000000 ) ) ;
#51 = DIRECTION ( 'NONE',  ( 0.000000000000000000, 0.7071067811865487940, 0.7071067811865463515 ) ) ;
#52 = CARTESIAN_POINT ( 'NONE',  ( 44.02132034355964407, 5.999999999999996447, 39.86590682343454972 ) ) ;
#53 = DIRECTION ( 'NONE',  ( 0.000000000000000000, -0.9203309184584744784, 0.3911406403448519642 ) ) ;
#54 = DIRECTION ( 'NONE',  ( -0.000000000000000000, -1.000000000000000000, 0.000000000000000000 ) ) ;
#55 = DIRECTION ( 'NONE',  ( 0.000000000000000000, 0.000000000000000000, 1.000000000000000000 ) ) ;
#56 = DIRECTION ( 'NONE',  ( -1.000000000000000000, 0.000000000000000000, 0.000000000000000000 ) ) ;
#57 = DIRECTION ( 'NONE',  ( 0.000000000000000000, 1.000000000000000000, 0.000000000000000000 ) ) ;
#58 = DIRECTION ( 'NONE',  ( -1.000000000000000000, 0.000000000000000000, 0.000000000000000000 ) ) ;
#59 = AXIS2_PLACEMENT_3D ( 'NONE', #6786, #2255, #1755 ) ;
#60 = CARTESIAN_POINT ( 'NONE',  ( -13.90000000000000391, 16.37867965644036161, 89.12132034355961707 ) ) ;
#61 = ORIENTED_EDGE ( 'NONE', *, *, #2083, .F. ) ;
#62 = AXIS2_PLACEMENT_3D ( 'NONE', #3915, #7318, #4474 ) ;
#63 = EDGE_CURVE ( 'NONE', #1454, #3487, #1107, .T. ) ;
#64 = ORIENTED_EDGE ( 'NONE', *, *, #6404, .F. ) ;
#65 = CARTESIAN_POINT ( 'NONE',  ( 49.39999999999999858, 4.499999999999995559, 40.48722716699418100 ) ) ;
#66 = ORIENTED_EDGE ( 'NONE', *, *, #5437, .F. ) ;
#67 = VECTOR ( 'NONE', #2413, 1000.000000000000000 ) ;
#68 = ORIENTED_EDGE ( 'NONE', *, *, #851, .F. ) ;
#69 = EDGE_LOOP ( 'NONE', ( #7255, #6392, #2926, #1786, #5396 ) ) ;
#70 = AXIS2_PLACEMENT_3D ( 'NONE', #4128, #3013, #155 ) ;
#71 = AXIS2_PLACEMENT_3D ( 'NONE', #3221, #6663, #6740 ) ;
#72 = VERTEX_POINT ( 'NONE', #2157 ) ;
#73 = ADVANCED_FACE ( 'NONE', ( #5044 ), #3956, .T. ) ;
#74 = DIRECTION ( 'NONE',  ( 0.000000000000000000, 2.465544075527127488E-16, -1.000000000000000000 ) ) ;
#75 = CARTESIAN_POINT ( 'NONE',  ( 15.90000000000000391, 2.828427124746183630, 84.88796213622862297 ) ) ;
#76 = EDGE_CURVE ( 'NONE', #7066, #5125, #4516, .T. ) ;
#77 = DIRECTION ( 'NONE',  ( -0.000000000000000000, -1.000000000000000000, 4.956352788505160310E-16 ) ) ;
#78 = VECTOR ( 'NONE', #6504, 1000.000000000000000 ) ;
#79 = AXIS2_PLACEMENT_3D ( 'NONE', #5389, #6599, #930 ) ;
#80 = DIRECTION ( 'NONE',  ( 1.000000000000000000, -1.826024711554535885E-16, -3.727058863615381873E-33 ) ) ;
#81 = ORIENTED_EDGE ( 'NONE', *, *, #2141, .T. ) ;
#82 = ORIENTED_EDGE ( 'NONE', *, *, #2913, .F. ) ;
#83 = CARTESIAN_POINT ( 'NONE',  ( -45.40000000000000568, 27.99999999999998224, 118.5000000000000000 ) ) ;
#84 = ADVANCED_FACE ( 'NONE', ( #5110 ), #5078, .T. ) ;
#85 = LINE ( 'NONE', #4656, #2767 ) ;
#86 = CARTESIAN_POINT ( 'NONE',  ( -39.39999999999999858, 4.828427124746200505, 118.5000000000000000 ) ) ;
#87 = EDGE_CURVE ( 'NONE', #3451, #4610, #4601, .T. ) ;
#88 = CARTESIAN_POINT ( 'NONE',  ( 32.00000000000000000, 29.19999999999999929, 1.700000000000007061 ) ) ;
#89 = LINE ( 'NONE', #687, #244 ) ;
#90 = CARTESIAN_POINT ( 'NONE',  ( -49.17869564058743492, 11.77869564058453022, 110.9126150999498606 ) ) ;
#91 = CYLINDRICAL_SURFACE ( 'NONE', #2971, 1.500000000000001332 ) ;
#92 = EDGE_CURVE ( 'NONE', #802, #6550, #5288, .T. ) ;
#93 = CARTESIAN_POINT ( 'NONE',  ( 31.39999999999999858, 24.89999999999998082, 4.200000000000001066 ) ) ;
#94 = VECTOR ( 'NONE', #4906, 1000.000000000000000 ) ;
#95 = FACE_OUTER_BOUND ( 'NONE', #5307, .T. ) ;
#96 = EDGE_CURVE ( 'NONE', #4711, #2923, #3614, .T. ) ;
#97 = CARTESIAN_POINT ( 'NONE',  ( -15.40000000000001279, 0.4999999999999896194, 96.07462821482180004 ) ) ;
#98 = VERTEX_POINT ( 'NONE', #7046 ) ;
#99 = ORIENTED_EDGE ( 'NONE', *, *, #3410, .F. ) ;
#100 = PLANE ( 'NONE',  #3432 ) ;
#101 = DIRECTION ( 'NONE',  ( 1.000000000000000000, 0.000000000000000000, 0.000000000000000000 ) ) ;
#102 = VERTEX_POINT ( 'NONE', #7008 ) ;
#103 = EDGE_CURVE ( 'NONE', #2992, #2807, #5652, .T. ) ;
#104 = CYLINDRICAL_SURFACE ( 'NONE', #5861, 2.000000000000001776 ) ;
#105 = AXIS2_PLACEMENT_3D ( 'NONE', #3627, #4858, #849 ) ;
#106 = ORIENTED_EDGE ( 'NONE', *, *, #2417, .T. ) ;
#107 = EDGE_LOOP ( 'NONE', ( #3031, #4611, #5700, #6653 ) ) ;
#108 = ORIENTED_EDGE ( 'NONE', *, *, #597, .T. ) ;
#109 = CARTESIAN_POINT ( 'NONE',  ( -43.39999999999999858, 13.99999999999989875, 2.500000000000004885 ) ) ;
#110 = VECTOR ( 'NONE', #2486, 1000.000000000000000 ) ;
#111 = DIRECTION ( 'NONE',  ( -0.000000000000000000, 0.6427876096865379196, 0.7660444431189792347 ) ) ;
#112 = EDGE_CURVE ( 'NONE', #6024, #2271, #1106, .T. ) ;
#113 = LINE ( 'NONE', #2508, #7044 ) ;
#114 = VECTOR ( 'NONE', #6704, 1000.000000000000000 ) ;
#115 = CARTESIAN_POINT ( 'NONE',  ( 49.39999999999999858, 5.999999999999995559, 6.500000000000000000 ) ) ;
#116 = ORIENTED_EDGE ( 'NONE', *, *, #1948, .T. ) ;
#117 = AXIS2_PLACEMENT_3D ( 'NONE', #3290, #1477, #919 ) ;
#118 = EDGE_LOOP ( 'NONE', ( #6694, #3306, #1625, #6259 ) ) ;
#119 = AXIS2_PLACEMENT_3D ( 'NONE', #6123, #1507, #5438 ) ;
#120 = DIRECTION ( 'NONE',  ( 1.000000000000000000, 0.000000000000000000, 0.000000000000000000 ) ) ;
#121 = CARTESIAN_POINT ( 'NONE',  ( -39.14999999999999858, 21.99999999999998224, 78.49999999999998579 ) ) ;
#122 = CARTESIAN_POINT ( 'NONE',  ( -32.00000000000000000, 4.800000000000000711, 2.500000000000000000 ) ) ;
#123 = VECTOR ( 'NONE', #7179, 1000.000000000000114 ) ;
#124 = CARTESIAN_POINT ( 'NONE',  ( -43.39999999999999858, 21.99999999999998579, 10.50000000000000533 ) ) ;
#125 = CIRCLE ( 'NONE', #6589, 1.999999999999997780 ) ;
#126 = DIRECTION ( 'NONE',  ( -0.000000000000000000, -0.7071067811865475727, -0.7071067811865475727 ) ) ;
#127 = EDGE_CURVE ( 'NONE', #3998, #6821, #6590, .T. ) ;
#128 = EDGE_CURVE ( 'NONE', #2360, #5690, #6453, .T. ) ;
#129 = CARTESIAN_POINT ( 'NONE',  ( -57.36745404150985195, 36.26087754277239128, 65.93017061498481723 ) ) ;
#130 = DIRECTION ( 'NONE',  ( 0.000000000000000000, -1.000000000000000000, -9.829967624376073786E-17 ) ) ;
#131 = FACE_OUTER_BOUND ( 'NONE', #5504, .T. ) ;
#132 = CARTESIAN_POINT ( 'NONE',  ( 42.59999999999998721, 29.19999999999999929, 0.8000000000000007105 ) ) ;
#133 = ADVANCED_FACE ( 'NONE', ( #4170 ), #998, .T. ) ;
#134 = VERTEX_POINT ( 'NONE', #4102 ) ;
#135 = VERTEX_POINT ( 'NONE', #1242 ) ;
#136 = DIRECTION ( 'NONE',  ( 1.826024711554535885E-16, -1.000000000000000000, -0.000000000000000000 ) ) ;
#137 = CARTESIAN_POINT ( 'NONE',  ( -49.39999999999999858, 27.99999999999998224, 80.49999999999998579 ) ) ;
#138 = CARTESIAN_POINT ( 'NONE',  ( 32.00000000000000000, 29.19999999999999929, 1.700000000000000178 ) ) ;
#139 = ORIENTED_EDGE ( 'NONE', *, *, #3593, .T. ) ;
#140 = DIRECTION ( 'NONE',  ( 0.000000000000000000, 0.000000000000000000, -1.000000000000000000 ) ) ;
#141 =( BOUNDED_CURVE ( )  B_SPLINE_CURVE ( 3, ( #6047, #4964, #7348, #7319 ),
 .UNSPECIFIED., .F., .F. ) 
 B_SPLINE_CURVE_WITH_KNOTS ( ( 4, 4 ),
 ( 3.141592653589793116, 4.712388980384689674 ),
 .UNSPECIFIED. ) 
 CURVE ( )  GEOMETRIC_REPRESENTATION_ITEM ( )  RATIONAL_B_SPLINE_CURVE ( ( 1.000000000000000000, 0.8047378541243649375, 0.8047378541243649375, 1.000000000000000000 ) ) 
 REPRESENTATION_ITEM ( '' )  );
#142 = LINE ( 'NONE', #5341, #367 ) ;
#143 = ORIENTED_EDGE ( 'NONE', *, *, #1119, .F. ) ;
#144 = VERTEX_POINT ( 'NONE', #2979 ) ;
#145 = AXIS2_PLACEMENT_3D ( 'NONE', #729, #5748, #3502 ) ;
#146 = ORIENTED_EDGE ( 'NONE', *, *, #5241, .T. ) ;
#147 = DIRECTION ( 'NONE',  ( 0.000000000000000000, -2.465544075527127488E-16, 1.000000000000000000 ) ) ;
#148 = CARTESIAN_POINT ( 'NONE',  ( -49.26155224264807941, 9.999999999999994671, 1.268820645879640940 ) ) ;
#149 = DIRECTION ( 'NONE',  ( -0.000000000000000000, -0.000000000000000000, 1.000000000000000000 ) ) ;
#150 = ORIENTED_EDGE ( 'NONE', *, *, #2357, .T. ) ;
#151 = ORIENTED_EDGE ( 'NONE', *, *, #2240, .T. ) ;
#152 = EDGE_CURVE ( 'NONE', #7370, #3425, #5251, .T. ) ;
#153 = CARTESIAN_POINT ( 'NONE',  ( 15.77035873658440934, 17.00000000000000000, 73.62342201006141806 ) ) ;
#154 = EDGE_LOOP ( 'NONE', ( #5130, #2212, #225, #4406 ) ) ;
#155 = DIRECTION ( 'NONE',  ( 0.000000000000000000, 0.000000000000000000, 1.000000000000000000 ) ) ;
#156 = DIRECTION ( 'NONE',  ( -1.826024711554535885E-16, -1.000000000000000000, -0.000000000000000000 ) ) ;
#157 = DIRECTION ( 'NONE',  ( -0.000000000000000000, -0.7071067811865512365, -0.7071067811865439090 ) ) ;
#158 = FACE_OUTER_BOUND ( 'NONE', #3680, .T. ) ;
#159 = CARTESIAN_POINT ( 'NONE',  ( 7.038071187457542344, -30.36192881254232745, 84.72385762508436358 ) ) ;
#160 = DIRECTION ( 'NONE',  ( 0.6081204024113461282, 0.6081204024113420203, -0.5102736053747343181 ) ) ;
#161 = CARTESIAN_POINT ( 'NONE',  ( -34.39999999999999858, -0.001000000000066919581, 10.50000000000001776 ) ) ;
#162 = EDGE_CURVE ( 'NONE', #6464, #1051, #2530, .T. ) ;
#163 = CARTESIAN_POINT ( 'NONE',  ( -43.39999999999999858, 20.99999999999997513, 9.500000000000005329 ) ) ;
#164 = DIRECTION ( 'NONE',  ( 0.000000000000000000, 0.000000000000000000, -1.000000000000000000 ) ) ;
#165 = EDGE_CURVE ( 'NONE', #72, #4610, #4695, .T. ) ;
#166 = B_SPLINE_CURVE_WITH_KNOTS ( 'NONE', 1,
 ( #4778, #3029 ),
 .UNSPECIFIED., .F., .F.,
 ( 2, 2 ),
 ( 0.000000000000000000, 1.000000000000000000 ),
 .UNSPECIFIED. ) ;
#167 = ORIENTED_EDGE ( 'NONE', *, *, #6112, .F. ) ;
#168 = VERTEX_POINT ( 'NONE', #7124 ) ;
#169 = CARTESIAN_POINT ( 'NONE',  ( 49.39999999999999858, 4.499999999999995559, 5.878679656440357171 ) ) ;
#170 = VECTOR ( 'NONE', #4539, 1000.000000000000000 ) ;
#171 = LINE ( 'NONE', #6390, #3671 ) ;
#172 = DIRECTION ( 'NONE',  ( -0.000000000000000000, 0.000000000000000000, 1.000000000000000000 ) ) ;
#173 = ORIENTED_EDGE ( 'NONE', *, *, #3424, .T. ) ;
#174 = EDGE_CURVE ( 'NONE', #5172, #5564, #3539, .T. ) ;
#175 = CARTESIAN_POINT ( 'NONE',  ( 38.27168512291369495, 28.74763398995455432, 78.62168512291368927 ) ) ;
#176 = ADVANCED_FACE ( 'NONE', ( #3770 ), #4327, .T. ) ;
#177 = CARTESIAN_POINT ( 'NONE',  ( -14.48578643762691520, 1.414213562373083821, 84.39642895246723242 ) ) ;
#178 = CIRCLE ( 'NONE', #5317, 2.000000000000001776 ) ;
#179 = ORIENTED_EDGE ( 'NONE', *, *, #2842, .T. ) ;
#180 = ORIENTED_EDGE ( 'NONE', *, *, #6478, .F. ) ;
#181 = CARTESIAN_POINT ( 'NONE',  ( -39.39999999999997016, 1.999999999999988232, 116.4999999999999858 ) ) ;
#182 = ORIENTED_EDGE ( 'NONE', *, *, #3118, .T. ) ;
#183 = PLANE ( 'NONE',  #714 ) ;
#184 = DIRECTION ( 'NONE',  ( -1.000000000000000000, 0.000000000000000000, -0.000000000000000000 ) ) ;
#185 = DIRECTION ( 'NONE',  ( -0.7071067811865500152, -0.7071067811865451302, 1.401868266681937195E-15 ) ) ;
#186 = VERTEX_POINT ( 'NONE', #3650 ) ;
#187 = VERTEX_POINT ( 'NONE', #4361 ) ;
#188 = LINE ( 'NONE', #3233, #5375 ) ;
#189 = ORIENTED_EDGE ( 'NONE', *, *, #2995, .F. ) ;
#190 = VECTOR ( 'NONE', #5052, 999.9999999999998863 ) ;
#191 = DIRECTION ( 'NONE',  ( 0.000000000000000000, -1.000000000000000000, -0.000000000000000000 ) ) ;
#192 = CARTESIAN_POINT ( 'NONE',  ( 15.40000000000000213, 28.49999999999998224, 0.000000000000000000 ) ) ;
#193 = VECTOR ( 'NONE', #3150, 1000.000000000000114 ) ;
#194 = DIRECTION ( 'NONE',  ( 0.000000000000000000, 0.000000000000000000, 1.000000000000000000 ) ) ;
#195 = EDGE_CURVE ( 'NONE', #3818, #6828, #2072, .T. ) ;
#196 = DIRECTION ( 'NONE',  ( 0.000000000000000000, 0.7071067811865487940, 0.7071067811865463515 ) ) ;
#197 = DIRECTION ( 'NONE',  ( -0.000000000000000000, -0.000000000000000000, -1.000000000000000000 ) ) ;
#198 = FACE_OUTER_BOUND ( 'NONE', #773, .T. ) ;
#199 = CYLINDRICAL_SURFACE ( 'NONE', #4074, 1.499999999999999556 ) ;
#200 = LINE ( 'NONE', #6010, #2941 ) ;
#201 = DIRECTION ( 'NONE',  ( 0.000000000000000000, 0.000000000000000000, -1.000000000000000000 ) ) ;
#202 = ADVANCED_FACE ( 'NONE', ( #3164 ), #6043, .F. ) ;
#203 = EDGE_LOOP ( 'NONE', ( #845, #4722, #1670, #3180 ) ) ;
#204 = ADVANCED_FACE ( 'NONE', ( #1433 ), #308, .F. ) ;
#205 = ORIENTED_EDGE ( 'NONE', *, *, #2426, .T. ) ;
#206 = LINE ( 'NONE', #4704, #1976 ) ;
#207 = DIRECTION ( 'NONE',  ( -1.000000000000000000, -0.000000000000000000, -0.000000000000000000 ) ) ;
#208 = CARTESIAN_POINT ( 'NONE',  ( -48.39999999999999858, -1.044187211523073769E-14, 42.35118819767313170 ) ) ;
#209 = CIRCLE ( 'NONE', #2125, 0.8000000000000020428 ) ;
#210 = ORIENTED_EDGE ( 'NONE', *, *, #6208, .T. ) ;
#211 = DIRECTION ( 'NONE',  ( 0.000000000000000000, 4.956352788505160310E-16, 1.000000000000000000 ) ) ;
#212 = CARTESIAN_POINT ( 'NONE',  ( 32.00000000000000000, 30.00000000000000355, 6.123233995736761352E-16 ) ) ;
#213 = ORIENTED_EDGE ( 'NONE', *, *, #4476, .F. ) ;
#214 = EDGE_LOOP ( 'NONE', ( #1417, #4757, #1635, #1663 ) ) ;
#215 = EDGE_CURVE ( 'NONE', #4287, #2360, #4925, .T. ) ;
#216 = DIRECTION ( 'NONE',  ( -0.000000000000000000, 1.000000000000000000, -3.252606517456513302E-16 ) ) ;
#217 = DIRECTION ( 'NONE',  ( 0.000000000000000000, -0.9203309184584744784, 0.3911406403448520197 ) ) ;
#218 = ORIENTED_EDGE ( 'NONE', *, *, #7230, .F. ) ;
#219 = CARTESIAN_POINT ( 'NONE',  ( 49.39464807800132462, 12.67583452145694878, 75.25557866467845258 ) ) ;
#220 = SPHERICAL_SURFACE ( 'NONE', #3672, 1.000000000000000000 ) ;
#221 = FACE_OUTER_BOUND ( 'NONE', #2320, .T. ) ;
#222 = VECTOR ( 'NONE', #1558, 1000.000000000000000 ) ;
#223 = ORIENTED_EDGE ( 'NONE', *, *, #2885, .T. ) ;
#224 = EDGE_CURVE ( 'NONE', #6936, #4454, #6529, .T. ) ;
#225 = ORIENTED_EDGE ( 'NONE', *, *, #4994, .T. ) ;
#226 =( BOUNDED_CURVE ( )  B_SPLINE_CURVE ( 3, ( #5150, #5599, #5640, #6799 ),
 .UNSPECIFIED., .F., .F. ) 
 B_SPLINE_CURVE_WITH_KNOTS ( ( 4, 4 ),
 ( 5.435123228198085243, 6.283185307179586232 ),
 .UNSPECIFIED. ) 
 CURVE ( )  GEOMETRIC_REPRESENTATION_ITEM ( )  RATIONAL_B_SPLINE_CURVE ( ( 1.000000000000000000, 0.9409585518440956031, 0.9409585518440956031, 1.000000000000000000 ) ) 
 REPRESENTATION_ITEM ( '' )  );
#227 = CIRCLE ( 'NONE', #5970, 1.000000000000000888 ) ;
#228 = ORIENTED_EDGE ( 'NONE', *, *, #5673, .T. ) ;
#229 = CARTESIAN_POINT ( 'NONE',  ( 13.64760121402803072, 17.00000000000000355, 72.08939620240391832 ) ) ;
#230 = ORIENTED_EDGE ( 'NONE', *, *, #5431, .T. ) ;
#231 = CARTESIAN_POINT ( 'NONE',  ( -49.39999999999999858, 5.999999999999995559, 6.500000000000000000 ) ) ;
#232 = DIRECTION ( 'NONE',  ( 0.000000000000000000, 1.000000000000000000, -4.956352788505160310E-16 ) ) ;
#233 = DIRECTION ( 'NONE',  ( 1.000000000000000000, 0.000000000000000000, 0.000000000000000000 ) ) ;
#234 = CARTESIAN_POINT ( 'NONE',  ( 49.39999999999999858, -1.044187211523073769E-14, 42.35118819767313170 ) ) ;
#235 = VECTOR ( 'NONE', #2954, 1000.000000000000000 ) ;
#236 = VECTOR ( 'NONE', #4196, 1000.000000000000000 ) ;
#237 = AXIS2_PLACEMENT_3D ( 'NONE', #3762, #7234, #6604 ) ;
#238 = CARTESIAN_POINT ( 'NONE',  ( -13.90000000000000213, 2.828427124746181853, 108.5000000000000000 ) ) ;
#239 = CARTESIAN_POINT ( 'NONE',  ( 15.40000000000000391, 15.50000000000000178, 74.25525001016717397 ) ) ;
#240 = DIRECTION ( 'NONE',  ( 0.000000000000000000, 0.000000000000000000, -1.000000000000000000 ) ) ;
#241 = AXIS2_PLACEMENT_3D ( 'NONE', #6280, #57, #5751 ) ;
#242 = DIRECTION ( 'NONE',  ( 0.000000000000000000, -1.000000000000000000, 0.000000000000000000 ) ) ;
#243 = DIRECTION ( 'NONE',  ( 0.000000000000000000, -0.7071067811865474617, 0.7071067811865475727 ) ) ;
#244 = VECTOR ( 'NONE', #4694, 1000.000000000000000 ) ;
#245 = ORIENTED_EDGE ( 'NONE', *, *, #3971, .F. ) ;
#246 = ORIENTED_EDGE ( 'NONE', *, *, #5426, .F. ) ;
#247 = CARTESIAN_POINT ( 'NONE',  ( -49.39999999999999858, 12.82842712474617386, 74.58128414062309730 ) ) ;
#248 = EDGE_CURVE ( 'NONE', #2132, #751, #5361, .T. ) ;
#249 = DIRECTION ( 'NONE',  ( -1.000000000000000000, 0.000000000000000000, 0.000000000000000000 ) ) ;
#250 = DIRECTION ( 'NONE',  ( 1.000000000000000000, 0.000000000000000000, -8.673617379884013384E-15 ) ) ;
#251 = VERTEX_POINT ( 'NONE', #4885 ) ;
#252 = DIRECTION ( 'NONE',  ( -0.000000000000000000, 1.000000000000000000, -1.284980352575412206E-16 ) ) ;
#253 = ORIENTED_EDGE ( 'NONE', *, *, #5192, .T. ) ;
#254 = EDGE_LOOP ( 'NONE', ( #2471, #288, #3446, #2219, #5794, #1291 ) ) ;
#255 = CYLINDRICAL_SURFACE ( 'NONE', #5449, 1.500000000000000222 ) ;
#256 = DIRECTION ( 'NONE',  ( 0.000000000000000000, 0.000000000000000000, -1.000000000000000000 ) ) ;
#257 = ORIENTED_EDGE ( 'NONE', *, *, #1846, .F. ) ;
#258 = DIRECTION ( 'NONE',  ( 0.000000000000000000, 0.000000000000000000, 1.000000000000000000 ) ) ;
#259 = CARTESIAN_POINT ( 'NONE',  ( -38.14999999999999858, 22.99999999999998224, 3.500000000000000888 ) ) ;
#260 = EDGE_CURVE ( 'NONE', #3371, #6013, #3691, .T. ) ;
#261 = DIRECTION ( 'NONE',  ( 0.000000000000000000, -0.7071067811865467956, 0.7071067811865483499 ) ) ;
#262 = EDGE_CURVE ( 'NONE', #2350, #5655, #5402, .T. ) ;
#263 = ORIENTED_EDGE ( 'NONE', *, *, #4573, .F. ) ;
#264 = ORIENTED_EDGE ( 'NONE', *, *, #4200, .F. ) ;
#265 = DIRECTION ( 'NONE',  ( 0.000000000000000000, -1.000000000000000000, 0.000000000000000000 ) ) ;
#266 = ORIENTED_EDGE ( 'NONE', *, *, #354, .T. ) ;
#267 = CARTESIAN_POINT ( 'NONE',  ( 49.39999999999999858, 12.82842712474617031, 108.5000000000000000 ) ) ;
#268 = FACE_OUTER_BOUND ( 'NONE', #4036, .T. ) ;
#269 = EDGE_CURVE ( 'NONE', #6605, #5159, #4207, .T. ) ;
#270 = CARTESIAN_POINT ( 'NONE',  ( 43.39999999999997016, 21.58578643762688287, 10.08578643762690774 ) ) ;
#271 = DIRECTION ( 'NONE',  ( 0.000000000000000000, 1.000000000000000000, 6.911788849595102600E-15 ) ) ;
#272 = CARTESIAN_POINT ( 'NONE',  ( 43.39999999999999858, 15.17860619515672838, 73.21952414394151276 ) ) ;
#273 = DIRECTION ( 'NONE',  ( 0.000000000000000000, -0.7660444431189793457, 0.6427876096865379196 ) ) ;
#274 = DIRECTION ( 'NONE',  ( 0.000000000000000000, -0.7071067811865512365, -0.7071067811865439090 ) ) ;
#275 = PLANE ( 'NONE',  #5682 ) ;
#276 = DIRECTION ( 'NONE',  ( -1.000000000000000000, 0.000000000000000000, 0.000000000000000000 ) ) ;
#277 = ORIENTED_EDGE ( 'NONE', *, *, #76, .F. ) ;
#278 = EDGE_CURVE ( 'NONE', #2419, #1360, #873, .T. ) ;
#279 = EDGE_LOOP ( 'NONE', ( #404, #591, #2551, #6328, #5488 ) ) ;
#280 = LINE ( 'NONE', #2117, #2464 ) ;
#281 = CARTESIAN_POINT ( 'NONE',  ( 44.39999999999999147, 23.76897060844265752, 64.70594524374263301 ) ) ;
#282 = DIRECTION ( 'NONE',  ( 8.673617379884013384E-15, -0.000000000000000000, 1.000000000000000000 ) ) ;
#283 = ORIENTED_EDGE ( 'NONE', *, *, #6684, .T. ) ;
#284 = CARTESIAN_POINT ( 'NONE',  ( 40.01907671340887873, 29.99999999999998579, 80.23815342681776031 ) ) ;
#285 = FACE_OUTER_BOUND ( 'NONE', #279, .T. ) ;
#286 = EDGE_CURVE ( 'NONE', #2429, #5760, #836, .T. ) ;
#287 = ORIENTED_EDGE ( 'NONE', *, *, #6387, .F. ) ;
#288 = ORIENTED_EDGE ( 'NONE', *, *, #2865, .T. ) ;
#289 = CARTESIAN_POINT ( 'NONE',  ( -28.40000000000000213, 21.99999999999998224, 0.000000000000000000 ) ) ;
#290 = CARTESIAN_POINT ( 'NONE',  ( -15.90000000000001812, -1.201742988853863452E-14, 99.57462821482178583 ) ) ;
#291 = ORIENTED_EDGE ( 'NONE', *, *, #5077, .F. ) ;
#292 = DIRECTION ( 'NONE',  ( -0.000000000000000000, 0.000000000000000000, -1.000000000000000000 ) ) ;
#293 = CARTESIAN_POINT ( 'NONE',  ( 44.90000000000000568, 5.999999999999995559, 39.86590682343454972 ) ) ;
#294 = CIRCLE ( 'NONE', #6639, 1.000000000000000888 ) ;
#295 = DIRECTION ( 'NONE',  ( -0.000000000000000000, 0.000000000000000000, 1.000000000000000000 ) ) ;
#296 = VERTEX_POINT ( 'NONE', #1352 ) ;
#297 = ORIENTED_EDGE ( 'NONE', *, *, #4045, .T. ) ;
#298 = EDGE_CURVE ( 'NONE', #4051, #3110, #1468, .T. ) ;
#299 = EDGE_CURVE ( 'NONE', #1496, #6175, #3660, .T. ) ;
#300 = CARTESIAN_POINT ( 'NONE',  ( -49.39999999999999858, -1.387778780781445676E-14, 118.5000000000000000 ) ) ;
#301 = VERTEX_POINT ( 'NONE', #3244 ) ;
#302 = DIRECTION ( 'NONE',  ( 0.5773502691896257311, 0.5773502691896238437, 0.5773502691896276184 ) ) ;
#303 = DIRECTION ( 'NONE',  ( -0.000000000000000000, 1.000000000000000000, 0.000000000000000000 ) ) ;
#304 = DIRECTION ( 'NONE',  ( 0.000000000000000000, 2.041077998578920060E-17, -1.000000000000000000 ) ) ;
#305 = VECTOR ( 'NONE', #3911, 1000.000000000000000 ) ;
#306 = DIRECTION ( 'NONE',  ( 0.000000000000000000, -1.000000000000000000, 0.000000000000000000 ) ) ;
#307 = EDGE_CURVE ( 'NONE', #3556, #5987, #3304, .T. ) ;
#308 = PLANE ( 'NONE',  #3900 ) ;
#309 = DIRECTION ( 'NONE',  ( 0.000000000000000000, -1.000000000000000000, 0.000000000000000000 ) ) ;
#310 = VECTOR ( 'NONE', #1251, 999.9999999999998863 ) ;
#311 = FACE_OUTER_BOUND ( 'NONE', #2533, .T. ) ;
#312 = EDGE_CURVE ( 'NONE', #4609, #2009, #1389, .T. ) ;
#313 = AXIS2_PLACEMENT_3D ( 'NONE', #3861, #2737, #6022 ) ;
#314 = CARTESIAN_POINT ( 'NONE',  ( 32.00000000000000000, 22.99999999999997868, 1.700000000000007061 ) ) ;
#315 = FACE_OUTER_BOUND ( 'NONE', #2616, .T. ) ;
#316 = AXIS2_PLACEMENT_3D ( 'NONE', #3559, #2469, #4684 ) ;
#317 = EDGE_CURVE ( 'NONE', #6778, #4644, #4507, .T. ) ;
#318 = ORIENTED_EDGE ( 'NONE', *, *, #6065, .F. ) ;
#319 = PLANE ( 'NONE',  #4985 ) ;
#320 = DIRECTION ( 'NONE',  ( -0.000000000000000000, -1.000000000000000000, 4.956352788505160310E-16 ) ) ;
#321 = CARTESIAN_POINT ( 'NONE',  ( 36.91385540582908931, 0.2852813585156209752, 84.41110023203819424 ) ) ;
#322 = VERTEX_POINT ( 'NONE', #7277 ) ;
#323 = CARTESIAN_POINT ( 'NONE',  ( 39.53545326974071372, 29.59933366422760059, 79.27090653948141608 ) ) ;
#324 = CARTESIAN_POINT ( 'NONE',  ( 49.39999999999999858, 12.82842712474617386, 75.19155853512361887 ) ) ;
#325 = ORIENTED_EDGE ( 'NONE', *, *, #1227, .F. ) ;
#326 = ORIENTED_EDGE ( 'NONE', *, *, #2317, .T. ) ;
#327 = CIRCLE ( 'NONE', #7019, 1.500000000000001332 ) ;
#328 = FACE_OUTER_BOUND ( 'NONE', #1967, .T. ) ;
#329 = DIRECTION ( 'NONE',  ( 0.000000000000000000, -0.7071067811865474617, 0.7071067811865475727 ) ) ;
#330 = ORIENTED_EDGE ( 'NONE', *, *, #6738, .T. ) ;
#331 = CARTESIAN_POINT ( 'NONE',  ( -38.14999999999999858, 22.99999999999998224, 87.40000000000000568 ) ) ;
#332 = AXIS2_PLACEMENT_3D ( 'NONE', #4281, #349, #2644 ) ;
#333 = DIRECTION ( 'NONE',  ( -0.000000000000000000, -0.7071067811865487940, -0.7071067811865463515 ) ) ;
#334 = CARTESIAN_POINT ( 'NONE',  ( 48.57851130197757072, 11.43565328620641708, 75.52954342671385746 ) ) ;
#335 = ORIENTED_EDGE ( 'NONE', *, *, #4240, .T. ) ;
#336 = ORIENTED_EDGE ( 'NONE', *, *, #317, .T. ) ;
#337 = ORIENTED_EDGE ( 'NONE', *, *, #4352, .F. ) ;
#338 = EDGE_CURVE ( 'NONE', #3556, #3998, #4400, .T. ) ;
#339 = CARTESIAN_POINT ( 'NONE',  ( 30.39999999999999503, 3.200000000000000178, 6.531449595452550356E-17 ) ) ;
#340 = ORIENTED_EDGE ( 'NONE', *, *, #1722, .F. ) ;
#341 = CIRCLE ( 'NONE', #7395, 0.8000000000000000444 ) ;
#342 = LINE ( 'NONE', #1497, #912 ) ;
#343 = CARTESIAN_POINT ( 'NONE',  ( -49.39999999999999858, 15.50000000000000178, 73.60254636550102703 ) ) ;
#344 = LINE ( 'NONE', #6075, #482 ) ;
#345 = CARTESIAN_POINT ( 'NONE',  ( -23.90000000000000568, 1.414213562373080935, 117.9142135623730780 ) ) ;
#346 = DIRECTION ( 'NONE',  ( 1.000000000000000000, 0.000000000000000000, 0.000000000000000000 ) ) ;
#347 = VECTOR ( 'NONE', #3397, 1000.000000000000000 ) ;
#348 = CARTESIAN_POINT ( 'NONE',  ( -8.062257748298550908, 5.999999999999987566, 96.07462821482178583 ) ) ;
#349 = DIRECTION ( 'NONE',  ( -1.000000000000000000, 8.673617379884049672E-15, -0.000000000000000000 ) ) ;
#350 = CARTESIAN_POINT ( 'NONE',  ( -49.39999999999999858, 14.53581858547019934, 72.45347970082255529 ) ) ;
#351 = LINE ( 'NONE', #1470, #4246 ) ;
#352 = LINE ( 'NONE', #6687, #5614 ) ;
#353 = AXIS2_PLACEMENT_3D ( 'NONE', #6787, #1647, #5097 ) ;
#354 = EDGE_CURVE ( 'NONE', #520, #5867, #6875, .T. ) ;
#355 = ADVANCED_FACE ( 'NONE', ( #2147 ), #6194, .F. ) ;
#356 = VECTOR ( 'NONE', #147, 1000.000000000000000 ) ;
#357 = VERTEX_POINT ( 'NONE', #1582 ) ;
#358 = CIRCLE ( 'NONE', #2762, 0.8000000000000020428 ) ;
#359 = CARTESIAN_POINT ( 'NONE',  ( 44.39999999999999147, 22.99999999999998579, 65.35118819767305354 ) ) ;
#360 = VECTOR ( 'NONE', #822, 1000.000000000000000 ) ;
#361 = DIRECTION ( 'NONE',  ( 0.000000000000000000, 0.000000000000000000, 1.000000000000000000 ) ) ;
#362 = CARTESIAN_POINT ( 'NONE',  ( 42.59999999999998721, 9.999999999999994671, 2.041077998578919136E-16 ) ) ;
#363 = VERTEX_POINT ( 'NONE', #3986 ) ;
#364 = VECTOR ( 'NONE', #1695, 1000.000000000000000 ) ;
#365 = CARTESIAN_POINT ( 'NONE',  ( -43.39999999999999858, 23.70710678118653192, 64.64408141648650030 ) ) ;
#366 = ADVANCED_FACE ( 'NONE', ( #6724 ), #5592, .F. ) ;
#367 = VECTOR ( 'NONE', #5870, 1000.000000000000000 ) ;
#368 = AXIS2_PLACEMENT_3D ( 'NONE', #2196, #1109, #1702 ) ;
#369 = ORIENTED_EDGE ( 'NONE', *, *, #2370, .F. ) ;
#370 = VERTEX_POINT ( 'NONE', #1059 ) ;
#371 = CARTESIAN_POINT ( 'NONE',  ( -48.40000440956465866, 12.12018930229863045, 74.48043334139285321 ) ) ;
#372 = CARTESIAN_POINT ( 'NONE',  ( -31.99999999999999289, 4.800000000000000711, 9.797174393178811359E-17 ) ) ;
#373 = PRODUCT_DEFINITION_FORMATION_WITH_SPECIFIED_SOURCE ( 'ANY', '', #1631, .NOT_KNOWN. ) ;
#374 = ORIENTED_EDGE ( 'NONE', *, *, #6030, .F. ) ;
#375 = CARTESIAN_POINT ( 'NONE',  ( 49.39999999999999858, 1.000000000000000888, 2.465544075527129460E-16 ) ) ;
#376 = CARTESIAN_POINT ( 'NONE',  ( -31.44878389599858082, 29.40713882155234415, 2.284466000840246647 ) ) ;
#377 = CARTESIAN_POINT ( 'NONE',  ( 49.39999999999999858, 12.82842712474617386, 74.58128414062309730 ) ) ;
#378 = ORIENTED_EDGE ( 'NONE', *, *, #3748, .F. ) ;
#379 = VERTEX_POINT ( 'NONE', #6754 ) ;
#380 = CARTESIAN_POINT ( 'NONE',  ( 28.39999999999999858, 29.17157287525379417, 82.55267969074971290 ) ) ;
#381 = VERTEX_POINT ( 'NONE', #6269 ) ;
#382 = LINE ( 'NONE', #4276, #1179 ) ;
#383 = DIRECTION ( 'NONE',  ( -1.000000000000000000, -0.000000000000000000, -0.000000000000000000 ) ) ;
#384 = CARTESIAN_POINT ( 'NONE',  ( 29.40000000000000213, 21.99999999999998224, 88.49999999999998579 ) ) ;
#385 = AXIS2_PLACEMENT_3D ( 'NONE', #6154, #6610, #2182 ) ;
#386 = DIRECTION ( 'NONE',  ( -1.000000000000000000, 0.000000000000000000, 0.000000000000000000 ) ) ;
#387 =( BOUNDED_CURVE ( )  B_SPLINE_CURVE ( 3, ( #4381, #2060, #376, #7195 ),
 .UNSPECIFIED., .F., .F. ) 
 B_SPLINE_CURVE_WITH_KNOTS ( ( 4, 4 ),
 ( 3.713952838562957659, 3.989654732571295437 ),
 .UNSPECIFIED. ) 
 CURVE ( )  GEOMETRIC_REPRESENTATION_ITEM ( )  RATIONAL_B_SPLINE_CURVE ( ( 1.000000000000000000, 0.9936757299401537402, 0.9936757299401537402, 1.000000000000000000 ) ) 
 REPRESENTATION_ITEM ( '' )  );
#388 = DIRECTION ( 'NONE',  ( 1.000000000000000000, -0.000000000000000000, -0.000000000000000000 ) ) ;
#389 = EDGE_CURVE ( 'NONE', #4610, #852, #5666, .T. ) ;
#390 = CARTESIAN_POINT ( 'NONE',  ( -31.19999999999999929, 29.19999999999999929, 118.5009999999999906 ) ) ;
#391 = CARTESIAN_POINT ( 'NONE',  ( 14.76657813467668134, 3.961848990069495535, 83.93690826706756525 ) ) ;
#392 = CARTESIAN_POINT ( 'NONE',  ( -8.062257748298550908, 5.999999999999989342, 97.07462821482178583 ) ) ;
#393 = FACE_OUTER_BOUND ( 'NONE', #485, .T. ) ;
#394 = CARTESIAN_POINT ( 'NONE',  ( 13.90000000000000213, 5.999999999999989342, 97.07462821482178583 ) ) ;
#395 = VERTEX_POINT ( 'NONE', #1541 ) ;
#396 = VECTOR ( 'NONE', #2222, 1000.000000000000000 ) ;
#397 = DIRECTION ( 'NONE',  ( 0.000000000000000000, -9.829967624376075018E-17, 1.000000000000000000 ) ) ;
#398 = EDGE_CURVE ( 'NONE', #2655, #1887, #3392, .T. ) ;
#399 = DIRECTION ( 'NONE',  ( -1.000000000000000000, -0.000000000000000000, -0.000000000000000000 ) ) ;
#400 = CARTESIAN_POINT ( 'NONE',  ( -15.50244617905689104, 17.00000000000000000, 73.85710746571974994 ) ) ;
#401 = ORIENTED_EDGE ( 'NONE', *, *, #2975, .T. ) ;
#402 = ADVANCED_FACE ( 'NONE', ( #3844 ), #3426, .T. ) ;
#403 = CARTESIAN_POINT ( 'NONE',  ( 38.14999999999999858, 24.89999999999998082, 4.200000000000001066 ) ) ;
#404 = ORIENTED_EDGE ( 'NONE', *, *, #7390, .F. ) ;
#405 = ORIENTED_EDGE ( 'NONE', *, *, #1768, .T. ) ;
#406 = EDGE_CURVE ( 'NONE', #187, #5036, #6790, .T. ) ;
#407 = CARTESIAN_POINT ( 'NONE',  ( -47.89999999999999858, 29.99999999999998579, 64.48722716699411706 ) ) ;
#408 = LINE ( 'NONE', #4417, #1429 ) ;
#409 = EDGE_LOOP ( 'NONE', ( #6211, #1187, #1050, #1458 ) ) ;
#410 = DIRECTION ( 'NONE',  ( 0.000000000000000000, 0.6427876096865344779, -0.7660444431189820103 ) ) ;
#411 = EDGE_CURVE ( 'NONE', #6024, #603, #1937, .T. ) ;
#412 = FACE_OUTER_BOUND ( 'NONE', #3507, .T. ) ;
#413 = VERTEX_POINT ( 'NONE', #7241 ) ;
#414 = ORIENTED_EDGE ( 'NONE', *, *, #4439, .F. ) ;
#415 = ORIENTED_EDGE ( 'NONE', *, *, #4442, .F. ) ;
#416 = CIRCLE ( 'NONE', #3051, 0.7999999999999999334 ) ;
#417 = CARTESIAN_POINT ( 'NONE',  ( 28.40000000000000213, 27.99999999999998224, 82.55267969074972711 ) ) ;
#418 = EDGE_LOOP ( 'NONE', ( #4235, #2184, #6484, #2704, #6806 ) ) ;
#419 = CYLINDRICAL_SURFACE ( 'NONE', #4531, 9.999999999999994671 ) ;
#420 = CARTESIAN_POINT ( 'NONE',  ( 42.39999999999998437, 26.99999999999998579, 9.500000000000005329 ) ) ;
#421 = DIRECTION ( 'NONE',  ( -3.727058863615381873E-33, 0.000000000000000000, -1.000000000000000000 ) ) ;
#422 = LINE ( 'NONE', #984, #3964 ) ;
#423 = FACE_OUTER_BOUND ( 'NONE', #1336, .T. ) ;
#424 = AXIS2_PLACEMENT_3D ( 'NONE', #1953, #2983, #3694 ) ;
#425 = EDGE_LOOP ( 'NONE', ( #5342, #5338, #768, #6995 ) ) ;
#426 = CARTESIAN_POINT ( 'NONE',  ( -39.39999999999999858, 28.49999999999998224, 117.0000000000000000 ) ) ;
#427 = CARTESIAN_POINT ( 'NONE',  ( 44.90000000000000568, 29.35355339059326241, 63.21946021402776239 ) ) ;
#428 = CARTESIAN_POINT ( 'NONE',  ( 23.90000000000000568, 2.828427124746187182, 118.5000000000000000 ) ) ;
#429 = CARTESIAN_POINT ( 'NONE',  ( -28.40000000000000213, 27.99999999999998224, 84.55267969074972711 ) ) ;
#430 =( BOUNDED_SURFACE ( )  B_SPLINE_SURFACE ( 3, 2, ( 
 ( #37, #4607, #3897 ),
 ( #2889, #6291, #6178 ),
 ( #6777, #5127, #1714 ),
 ( #634, #7332, #5057 ),
 ( #1155, #3379, #5725 ),
 ( #3972, #1750, #6217 ),
 ( #4530, #1047, #4041 ),
 ( #6814, #1677, #6256 ),
 ( #2209, #2322, #4492 ),
 ( #3411, #6326, #3933 ) ),
 .UNSPECIFIED., .F., .F., .F. ) 
 B_SPLINE_SURFACE_WITH_KNOTS ( ( 4, 2, 2, 2, 4 ),
 ( 3, 3 ),
 ( 1.570796326794896558, 1.963495408493620697, 2.356194490192344837, 2.748893571891068976, 3.141592653589793116 ),
 ( 0.000000000000000000, 1.000000000000000000 ),
 .UNSPECIFIED. ) 
 GEOMETRIC_REPRESENTATION_ITEM ( )  RATIONAL_B_SPLINE_SURFACE ( (
 ( 1.000000000000000000, 0.7071067811865475727, 1.000000000000000000),
 ( 1.000000000000000000, 0.7398497524079945542, 1.000000000000000000),
 ( 1.000000000000000000, 0.7702345535697714407, 1.000000000000000000),
 ( 1.000000000000000000, 0.8238783973048506848, 1.000000000000000000),
 ( 1.000000000000000000, 0.8471316604207369538, 1.000000000000000000),
 ( 1.000000000000000000, 0.8849191471481417937, 1.000000000000000000),
 ( 1.000000000000000000, 0.8994581711958440362, 1.000000000000000000),
 ( 1.000000000000000000, 0.9189375406546793634, 1.000000000000000000),
 ( 1.000000000000000000, 0.9238886108739536862, 1.000000000000000000),
 ( 1.000000000000000000, 0.9238795325112861834, 1.000000000000000000) ) ) 
 REPRESENTATION_ITEM ( '' )  SURFACE ( )  );
#431 = VECTOR ( 'NONE', #4842, 1000.000000000000000 ) ;
#432 = CYLINDRICAL_SURFACE ( 'NONE', #2625, 9.999999999999994671 ) ;
#433 = CIRCLE ( 'NONE', #4501, 9.999999999999994671 ) ;
#434 = PLANE ( 'NONE',  #2518 ) ;
#435 = LINE ( 'NONE', #5005, #1748 ) ;
#436 = CARTESIAN_POINT ( 'NONE',  ( 47.89999999999999858, 4.499999999999995559, 0.000000000000000000 ) ) ;
#437 = CARTESIAN_POINT ( 'NONE',  ( -13.64760121402803072, 16.99999999999992895, 72.08939620240391832 ) ) ;
#438 = ORIENTED_EDGE ( 'NONE', *, *, #5942, .T. ) ;
#439 = EDGE_CURVE ( 'NONE', #860, #6268, #6121, .T. ) ;
#440 = CARTESIAN_POINT ( 'NONE',  ( -32.00000000000000000, 22.99999999999998224, 0.7999999999999951594 ) ) ;
#441 = AXIS2_PLACEMENT_3D ( 'NONE', #6016, #320, #361 ) ;
#442 = VECTOR ( 'NONE', #333, 999.9999999999998863 ) ;
#443 = VERTEX_POINT ( 'NONE', #3879 ) ;
#444 = EDGE_LOOP ( 'NONE', ( #2290, #2815, #5644, #6386 ) ) ;
#445 = PLANE ( 'NONE',  #313 ) ;
#446 = CARTESIAN_POINT ( 'NONE',  ( -39.14999999999998437, 26.99999999999998579, 10.50000000000000355 ) ) ;
#447 = EDGE_LOOP ( 'NONE', ( #4177, #2066, #5755, #1743 ) ) ;
#448 = CARTESIAN_POINT ( 'NONE',  ( -49.33603315458948657, 12.30986126991284024, 75.40912274388948333 ) ) ;
#449 = CARTESIAN_POINT ( 'NONE',  ( -37.39999999999994884, -1.757438457373110282E-14, 115.9823619097949319 ) ) ;
#450 = EDGE_CURVE ( 'NONE', #2554, #135, #3320, .T. ) ;
#451 = ORIENTED_EDGE ( 'NONE', *, *, #4518, .T. ) ;
#452 = EDGE_CURVE ( 'NONE', #1334, #1979, #7314, .T. ) ;
#453 = ORIENTED_EDGE ( 'NONE', *, *, #4832, .T. ) ;
#454 = VECTOR ( 'NONE', #7242, 1000.000000000000000 ) ;
#455 = ORIENTED_EDGE ( 'NONE', *, *, #3383, .F. ) ;
#456 = CARTESIAN_POINT ( 'NONE',  ( -39.14999999999999858, 27.99999999999998224, 78.49999999999998579 ) ) ;
#457 = ORIENTED_EDGE ( 'NONE', *, *, #5927, .T. ) ;
#458 = DIRECTION ( 'NONE',  ( 1.000000000000000000, 0.000000000000000000, 0.000000000000000000 ) ) ;
#459 = FACE_OUTER_BOUND ( 'NONE', #5689, .T. ) ;
#460 = LINE ( 'NONE', #5031, #7291 ) ;
#461 = ADVANCED_FACE ( 'NONE', ( #1614 ), #6237, .F. ) ;
#462 = DIRECTION ( 'NONE',  ( 0.000000000000000000, 0.000000000000000000, -1.000000000000000000 ) ) ;
#463 = CYLINDRICAL_SURFACE ( 'NONE', #3616, 1.499999999999999556 ) ;
#464 = VERTEX_POINT ( 'NONE', #4586 ) ;
#465 = CARTESIAN_POINT ( 'NONE',  ( -47.39999999999999858, 30.00000000000000000, 6.123233995736760366E-16 ) ) ;
#466 = CARTESIAN_POINT ( 'NONE',  ( -28.40000000000000213, 27.99999999999998224, 82.55267969074972711 ) ) ;
#467 = DIRECTION ( 'NONE',  ( 0.000000000000000000, 0.000000000000000000, 1.000000000000000000 ) ) ;
#468 = CARTESIAN_POINT ( 'NONE',  ( 44.90000000000000568, 4.499999999999995559, 39.86590682343454972 ) ) ;
#469 = CARTESIAN_POINT ( 'NONE',  ( -47.89999999999999858, 5.999999999999995559, 39.86590682343454972 ) ) ;
#470 = LINE ( 'NONE', #2191, #7299 ) ;
#471 = AXIS2_PLACEMENT_3D ( 'NONE', #1255, #2425, #6990 ) ;
#472 = LINE ( 'NONE', #6129, #842 ) ;
#473 = DIRECTION ( 'NONE',  ( -0.000000000000000000, 1.000000000000000000, -0.000000000000000000 ) ) ;
#474 = DIRECTION ( 'NONE',  ( 1.000000000000000000, 0.000000000000000000, 0.000000000000000000 ) ) ;
#475 = CARTESIAN_POINT ( 'NONE',  ( -13.95205468838193852, 15.24762750605374428, 73.78364035285957812 ) ) ;
#476 =( BOUNDED_CURVE ( )  B_SPLINE_CURVE ( 3, ( #7004, #1867, #1314, #3048 ),
 .UNSPECIFIED., .F., .F. ) 
 B_SPLINE_CURVE_WITH_KNOTS ( ( 4, 4 ),
 ( 4.712388980384689674, 6.283185307179586232 ),
 .UNSPECIFIED. ) 
 CURVE ( )  GEOMETRIC_REPRESENTATION_ITEM ( )  RATIONAL_B_SPLINE_CURVE ( ( 1.000000000000000000, 0.8047378541243649375, 0.8047378541243649375, 1.000000000000000000 ) ) 
 REPRESENTATION_ITEM ( '' )  );
#477 = VECTOR ( 'NONE', #801, 1000.000000000000000 ) ;
#478 = ORIENTED_EDGE ( 'NONE', *, *, #4734, .F. ) ;
#479 = CARTESIAN_POINT ( 'NONE',  ( 39.14999999999999858, 27.99999999999998224, 78.49999999999998579 ) ) ;
#480 = AXIS2_PLACEMENT_3D ( 'NONE', #5658, #6860, #5026 ) ;
#481 = VECTOR ( 'NONE', #3931, 1000.000000000000000 ) ;
#482 = VECTOR ( 'NONE', #940, 1000.000000000000000 ) ;
#483 = ORIENTED_EDGE ( 'NONE', *, *, #4777, .T. ) ;
#484 = ADVANCED_FACE ( 'NONE', ( #5308 ), #7028, .F. ) ;
#485 = EDGE_LOOP ( 'NONE', ( #4569, #1493, #5678, #6356 ) ) ;
#486 = VECTOR ( 'NONE', #7168, 1000.000000000000000 ) ;
#487 = SPHERICAL_SURFACE ( 'NONE', #3908, 2.000000000000000000 ) ;
#488 = DIRECTION ( 'NONE',  ( 0.7071067811865500152, 0.7071067811865451302, -0.000000000000000000 ) ) ;
#489 = ORIENTED_EDGE ( 'NONE', *, *, #3959, .T. ) ;
#490 = VECTOR ( 'NONE', #1837, 1000.000000000000000 ) ;
#491 = VECTOR ( 'NONE', #1819, 1000.000000000000000 ) ;
#492 = CYLINDRICAL_SURFACE ( 'NONE', #3723, 1.499999999999997113 ) ;
#493 = VECTOR ( 'NONE', #2194, 1000.000000000000000 ) ;
#494 = ORIENTED_EDGE ( 'NONE', *, *, #3191, .T. ) ;
#495 = ORIENTED_EDGE ( 'NONE', *, *, #945, .F. ) ;
#496 = AXIS2_PLACEMENT_3D ( 'NONE', #7310, #2715, #5032 ) ;
#497 = ORIENTED_EDGE ( 'NONE', *, *, #1959, .F. ) ;
#498 = EDGE_CURVE ( 'NONE', #1725, #4260, #2516, .T. ) ;
#499 = CARTESIAN_POINT ( 'NONE',  ( -38.58745361325046019, 29.30395656095039314, 78.93745361325096610 ) ) ;
#500 = CYLINDRICAL_SURFACE ( 'NONE', #1065, 2.000000000000002665 ) ;
#501 = CYLINDRICAL_SURFACE ( 'NONE', #1727, 0.8000000000000003775 ) ;
#502 = EDGE_CURVE ( 'NONE', #1922, #3696, #6143, .T. ) ;
#503 = CARTESIAN_POINT ( 'NONE',  ( -49.39999999999999858, 28.49999999999998224, 64.48722716699411706 ) ) ;
#504 = DIRECTION ( 'NONE',  ( 0.000000000000000000, 0.000000000000000000, -1.000000000000000000 ) ) ;
#505 = ORIENTED_EDGE ( 'NONE', *, *, #1952, .T. ) ;
#506 = ORIENTED_EDGE ( 'NONE', *, *, #2819, .T. ) ;
#507 = DIRECTION ( 'NONE',  ( 0.6785983445458414476, -0.6785983445458509955, 0.2810846377148241149 ) ) ;
#508 = DIRECTION ( 'NONE',  ( 0.000000000000000000, 0.000000000000000000, 1.000000000000000000 ) ) ;
#509 = EDGE_CURVE ( 'NONE', #187, #5198, #7213, .T. ) ;
#510 = DIRECTION ( 'NONE',  ( 0.000000000000000000, -0.7071067811865487940, -0.7071067811865463515 ) ) ;
#511 = CARTESIAN_POINT ( 'NONE',  ( 48.39999999999998437, 12.18563951505962706, 74.42551409200461876 ) ) ;
#512 = CARTESIAN_POINT ( 'NONE',  ( 43.45205468269730886, 28.52349585571216650, 64.11810113092207075 ) ) ;
#513 = CARTESIAN_POINT ( 'NONE',  ( -15.90000000000000391, 15.50000000000000178, 73.60254636550102703 ) ) ;
#514 = DIRECTION ( 'NONE',  ( 0.000000000000000000, 0.7660444431189792347, -0.6427876096865379196 ) ) ;
#515 = LINE ( 'NONE', #5079, #4930 ) ;
#516 = LINE ( 'NONE', #2874, #6830 ) ;
#517 = LINE ( 'NONE', #5221, #6587 ) ;
#518 = ORIENTED_EDGE ( 'NONE', *, *, #7077, .F. ) ;
#519 = DIRECTION ( 'NONE',  ( -1.000000000000000000, 0.000000000000000000, 0.000000000000000000 ) ) ;
#520 = VERTEX_POINT ( 'NONE', #5345 ) ;
#521 = EDGE_LOOP ( 'NONE', ( #5872, #3898, #6641, #3857 ) ) ;
#522 = CARTESIAN_POINT ( 'NONE',  ( 39.39999999999999858, 28.49999999999998224, 117.0000000000000000 ) ) ;
#523 = CARTESIAN_POINT ( 'NONE',  ( 49.39999999999999858, 28.49999999999998224, 0.000000000000000000 ) ) ;
#524 = VERTEX_POINT ( 'NONE', #854 ) ;
#525 = ADVANCED_FACE ( 'NONE', ( #2901 ), #2679, .T. ) ;
#526 = DIRECTION ( 'NONE',  ( 0.000000000000000000, -0.7660444431189792347, 0.6427876096865379196 ) ) ;
#527 = ORIENTED_EDGE ( 'NONE', *, *, #5431, .F. ) ;
#528 = ORIENTED_EDGE ( 'NONE', *, *, #1664, .F. ) ;
#529 = ORIENTED_EDGE ( 'NONE', *, *, #4447, .F. ) ;
#530 = CARTESIAN_POINT ( 'NONE',  ( -38.77456362709085624, 29.50077375515759925, 79.12456362709032476 ) ) ;
#531 = CYLINDRICAL_SURFACE ( 'NONE', #4415, 0.7999999999999986011 ) ;
#532 = CARTESIAN_POINT ( 'NONE',  ( -49.13566360466897009, 11.82612638499684898, 75.61207362564978496 ) ) ;
#533 = EDGE_CURVE ( 'NONE', #665, #6358, #3108, .T. ) ;
#534 = LINE ( 'NONE', #6370, #711 ) ;
#535 = CARTESIAN_POINT ( 'NONE',  ( -38.14999999999999858, 27.99999999999998224, 79.49999999999998579 ) ) ;
#536 = EDGE_LOOP ( 'NONE', ( #5353, #7035, #2883, #1781 ) ) ;
#537 = EDGE_CURVE ( 'NONE', #6984, #4786, #5774, .T. ) ;
#538 = EDGE_LOOP ( 'NONE', ( #2925, #1396, #6710, #495 ) ) ;
#539 = TOROIDAL_SURFACE ( 'NONE', #5197, 8.500000000000000000, 1.500000000000000000 ) ;
#540 = CARTESIAN_POINT ( 'NONE',  ( -14.72842712474619198, 14.53581858547018335, 72.45347970082254108 ) ) ;
#541 = DIRECTION ( 'NONE',  ( 0.000000000000000000, 0.000000000000000000, 1.000000000000000000 ) ) ;
#542 = CARTESIAN_POINT ( 'NONE',  ( 43.40000000000001279, 5.378679656440352730, 40.12326613631526584 ) ) ;
#543 = DIRECTION ( 'NONE',  ( 0.000000000000000000, -9.829967624376075018E-17, 1.000000000000000000 ) ) ;
#544 = LINE ( 'NONE', #6378, #4537 ) ;
#545 = VECTOR ( 'NONE', #7160, 1000.000000000000000 ) ;
#546 = LINE ( 'NONE', #2869, #5148 ) ;
#547 = EDGE_CURVE ( 'NONE', #1796, #5580, #5384, .T. ) ;
#548 = FACE_OUTER_BOUND ( 'NONE', #970, .T. ) ;
#549 = LINE ( 'NONE', #6245, #1910 ) ;
#550 = DIRECTION ( 'NONE',  ( -1.000000000000000000, 0.000000000000000000, 0.000000000000000000 ) ) ;
#551 = CARTESIAN_POINT ( 'NONE',  ( -15.38143494633756170, 14.56665633038819685, 72.51110633867665456 ) ) ;
#552 = EDGE_LOOP ( 'NONE', ( #2809, #1956, #606, #6281 ) ) ;
#553 = CARTESIAN_POINT ( 'NONE',  ( 32.00000000000000000, 28.89999999999998082, 2.500000000000000000 ) ) ;
#554 = EDGE_CURVE ( 'NONE', #2816, #2773, #7102, .T. ) ;
#555 = ORIENTED_EDGE ( 'NONE', *, *, #1097, .F. ) ;
#556 = ORIENTED_EDGE ( 'NONE', *, *, #5254, .F. ) ;
#557 = DIRECTION ( 'NONE',  ( -1.000000000000000000, 0.000000000000000000, 0.000000000000000000 ) ) ;
#558 = DIRECTION ( 'NONE',  ( 0.000000000000000000, -0.7071067811865487940, -0.7071067811865463515 ) ) ;
#559 = EDGE_LOOP ( 'NONE', ( #611, #3155, #5763, #5906 ) ) ;
#560 = VECTOR ( 'NONE', #3028, 1000.000000000000000 ) ;
#561 = LINE ( 'NONE', #2921, #7186 ) ;
#562 = ORIENTED_EDGE ( 'NONE', *, *, #5084, .T. ) ;
#563 = ORIENTED_EDGE ( 'NONE', *, *, #4248, .F. ) ;
#564 = EDGE_CURVE ( 'NONE', #803, #1157, #1889, .T. ) ;
#565 = ORIENTED_EDGE ( 'NONE', *, *, #1733, .F. ) ;
#566 = CARTESIAN_POINT ( 'NONE',  ( -38.41433681121478116, 29.00230136216333321, 79.63216840560762932 ) ) ;
#567 = CARTESIAN_POINT ( 'NONE',  ( -31.39999999999999858, 22.99999999999998224, 4.500000000000006217 ) ) ;
#568 = CARTESIAN_POINT ( 'NONE',  ( 29.40000000000000213, 17.00000000000000000, 78.49999999999998579 ) ) ;
#569 = CARTESIAN_POINT ( 'NONE',  ( 47.39999999999999858, 30.00000000000000000, 6.123233995736760366E-16 ) ) ;
#570 = ORIENTED_EDGE ( 'NONE', *, *, #6738, .F. ) ;
#571 = VERTEX_POINT ( 'NONE', #1929 ) ;
#572 = EDGE_CURVE ( 'NONE', #6521, #72, #1620, .T. ) ;
#573 = DIRECTION ( 'NONE',  ( 0.000000000000000000, 0.000000000000000000, -1.000000000000000000 ) ) ;
#574 = AXIS2_PLACEMENT_3D ( 'NONE', #3182, #329, #1236 ) ;
#575 = FACE_OUTER_BOUND ( 'NONE', #6141, .T. ) ;
#576 = LINE ( 'NONE', #3497, #5503 ) ;
#577 = CARTESIAN_POINT ( 'NONE',  ( 37.39999999999996305, -1.055039092276781046E-14, 84.65047971475041777 ) ) ;
#578 = AXIS2_PLACEMENT_3D ( 'NONE', #2446, #4728, #7009 ) ;
#579 = LINE ( 'NONE', #3533, #3580 ) ;
#580 = CARTESIAN_POINT ( 'NONE',  ( -40.81421356237309084, 3.414213562373101585, 116.4999999999999858 ) ) ;
#581 = DIRECTION ( 'NONE',  ( 0.000000000000000000, -2.478176394252584099E-16, -1.000000000000000000 ) ) ;
#582 = DIRECTION ( 'NONE',  ( 0.000000000000000000, -0.000000000000000000, 1.000000000000000000 ) ) ;
#583 = DIRECTION ( 'NONE',  ( -1.000000000000000000, 0.000000000000000000, 0.000000000000000000 ) ) ;
#584 = CARTESIAN_POINT ( 'NONE',  ( -15.73889215254697937, 17.00000000000000000, 73.63588249306259570 ) ) ;
#585 = VERTEX_POINT ( 'NONE', #16 ) ;
#586 = ADVANCED_FACE ( 'NONE', ( #5178 ), #255, .T. ) ;
#587 = CARTESIAN_POINT ( 'NONE',  ( -48.90678037698604896, 11.50676790485368883, 75.74606041710052295 ) ) ;
#588 = CARTESIAN_POINT ( 'NONE',  ( 49.39999999999999858, 28.49999999999998224, 64.48722716699411706 ) ) ;
#589 = VECTOR ( 'NONE', #5118, 1000.000000000000000 ) ;
#590 = ADVANCED_FACE ( 'NONE', ( #4788 ), #780, .T. ) ;
#591 = ORIENTED_EDGE ( 'NONE', *, *, #5364, .T. ) ;
#592 = ORIENTED_EDGE ( 'NONE', *, *, #2972, .F. ) ;
#593 = AXIS2_PLACEMENT_3D ( 'NONE', #5785, #659, #2313 ) ;
#594 = DIRECTION ( 'NONE',  ( -1.000000000000000000, 0.000000000000000000, 0.000000000000000000 ) ) ;
#595 = CARTESIAN_POINT ( 'NONE',  ( 30.39999999999999503, 3.199999999999999734, 2.500000000000000000 ) ) ;
#596 = ORIENTED_EDGE ( 'NONE', *, *, #5766, .T. ) ;
#597 = EDGE_CURVE ( 'NONE', #5606, #4690, #3459, .T. ) ;
#598 = CIRCLE ( 'NONE', #833, 2.000000000000000000 ) ;
#599 = CARTESIAN_POINT ( 'NONE',  ( 39.14999999999999858, 27.99999999999998224, 79.49999999999998579 ) ) ;
#600 = CIRCLE ( 'NONE', #951, 0.8000000000000000444 ) ;
#601 = EDGE_LOOP ( 'NONE', ( #4620, #898, #6336 ) ) ;
#602 = AXIS2_PLACEMENT_3D ( 'NONE', #3301, #1215, #2312 ) ;
#603 = VERTEX_POINT ( 'NONE', #3073 ) ;
#604 = VECTOR ( 'NONE', #1354, 1000.000000000000000 ) ;
#605 = AXIS2_PLACEMENT_3D ( 'NONE', #3865, #4420, #6708 ) ;
#606 = ORIENTED_EDGE ( 'NONE', *, *, #5638, .F. ) ;
#607 = CARTESIAN_POINT ( 'NONE',  ( -39.20107389905143691, 28.64443133430549437, 78.60214779810273455 ) ) ;
#608 = CYLINDRICAL_SURFACE ( 'NONE', #59, 1.500000000000001332 ) ;
#609 = LINE ( 'NONE', #6333, #4309 ) ;
#610 = VECTOR ( 'NONE', #1648, 1000.000000000000000 ) ;
#611 = ORIENTED_EDGE ( 'NONE', *, *, #6303, .F. ) ;
#612 = ORIENTED_EDGE ( 'NONE', *, *, #1359, .T. ) ;
#613 = AXIS2_PLACEMENT_3D ( 'NONE', #7324, #5676, #6733 ) ;
#614 = LINE ( 'NONE', #289, #3317 ) ;
#615 = CARTESIAN_POINT ( 'NONE',  ( -38.14999999999999858, 27.99999999999998224, 82.55267969074972711 ) ) ;
#616 = CARTESIAN_POINT ( 'NONE',  ( 43.39999999999999858, 17.00000000000000000, 73.60254636550102703 ) ) ;
#617 = DIRECTION ( 'NONE',  ( -1.000000000000000000, 0.000000000000000000, 0.000000000000000000 ) ) ;
#618 = CARTESIAN_POINT ( 'NONE',  ( -45.21952304619089347, 29.99999999996853361, 63.86590682340404612 ) ) ;
#619 = EDGE_CURVE ( 'NONE', #5159, #1611, #4283, .T. ) ;
#620 = CYLINDRICAL_SURFACE ( 'NONE', #6834, 1.500000000000001332 ) ;
#621 = CARTESIAN_POINT ( 'NONE',  ( -44.84316540398238971, 7.443165403982389350, 115.4902911074024701 ) ) ;
#622 = CARTESIAN_POINT ( 'NONE',  ( 23.90000000000000568, 28.49999999999998224, 108.5000000000000000 ) ) ;
#623 = FACE_OUTER_BOUND ( 'NONE', #6636, .T. ) ;
#624 = DIRECTION ( 'NONE',  ( 0.000000000000000000, 0.000000000000000000, -1.000000000000000000 ) ) ;
#625 = DIRECTION ( 'NONE',  ( 1.000000000000000000, 0.000000000000000000, 0.000000000000000000 ) ) ;
#626 = VECTOR ( 'NONE', #6878, 1000.000000000000000 ) ;
#627 = ORIENTED_EDGE ( 'NONE', *, *, #3383, .T. ) ;
#628 = EDGE_CURVE ( 'NONE', #6475, #5332, #614, .T. ) ;
#629 = ORIENTED_EDGE ( 'NONE', *, *, #3093, .T. ) ;
#630 = EDGE_CURVE ( 'NONE', #7200, #1709, #2949, .T. ) ;
#631 = CARTESIAN_POINT ( 'NONE',  ( -48.81421356237309084, 11.41421356237307805, 75.78489157442020030 ) ) ;
#632 = DIRECTION ( 'NONE',  ( 0.6081204024113447959, 0.6081204024113426865, -0.5102736053747347622 ) ) ;
#633 = VERTEX_POINT ( 'NONE', #407 ) ;
#634 = CARTESIAN_POINT ( 'NONE',  ( 44.84316540398238971, 7.443165403982389350, 115.4902911074024701 ) ) ;
#635 = ORIENTED_EDGE ( 'NONE', *, *, #4844, .F. ) ;
#636 = EDGE_CURVE ( 'NONE', #5121, #5505, #6614, .T. ) ;
#637 = ORIENTED_EDGE ( 'NONE', *, *, #4602, .F. ) ;
#638 = ADVANCED_FACE ( 'NONE', ( #2577 ), #7145, .T. ) ;
#639 = ORIENTED_EDGE ( 'NONE', *, *, #5160, .T. ) ;
#640 = DIRECTION ( 'NONE',  ( 1.000000000000000000, 0.000000000000000000, -0.000000000000000000 ) ) ;
#641 = DIRECTION ( 'NONE',  ( -1.000000000000000000, -0.000000000000000000, 0.000000000000000000 ) ) ;
#642 = DIRECTION ( 'NONE',  ( 0.000000000000000000, 9.829967624376075018E-17, -1.000000000000000000 ) ) ;
#643 = DIRECTION ( 'NONE',  ( 0.000000000000000000, 0.7071067811865487940, 0.7071067811865463515 ) ) ;
#644 = EDGE_LOOP ( 'NONE', ( #5279, #4486, #3117, #4427, #4831, #1877, #2746, #1931, #3423, #1036, #1707, #5424, #2062, #6096, #5647, #7361, #6752, #2784, #1358, #4892 ) ) ;
#645 = ORIENTED_EDGE ( 'NONE', *, *, #805, .F. ) ;
#646 = EDGE_CURVE ( 'NONE', #6541, #7362, #1032, .T. ) ;
#647 = DIRECTION ( 'NONE',  ( -1.000000000000000000, -0.000000000000000000, 0.000000000000000000 ) ) ;
#648 = DIRECTION ( 'NONE',  ( 1.000000000000000000, 0.000000000000000000, 0.000000000000000000 ) ) ;
#649 = CARTESIAN_POINT ( 'NONE',  ( 14.89769859209248004, 14.66325292048043494, 72.69161683741491231 ) ) ;
#650 = CARTESIAN_POINT ( 'NONE',  ( -45.25786437626905467, 9.514718625761419801, 118.5000000000000000 ) ) ;
#651 = CARTESIAN_POINT ( 'NONE',  ( -31.39999999999999858, 28.89999999999998082, 2.500000000000000000 ) ) ;
#652 = PLANE ( 'NONE',  #7304 ) ;
#653 = CARTESIAN_POINT ( 'NONE',  ( -48.34045570796525482, 10.94045570796817302, 113.1602736703652425 ) ) ;
#654 = LINE ( 'NONE', #3576, #6200 ) ;
#655 = EDGE_CURVE ( 'NONE', #571, #5195, #2661, .T. ) ;
#656 = CARTESIAN_POINT ( 'NONE',  ( 49.39999999999999858, 30.00000000000000000, 6.123233995736760366E-16 ) ) ;
#657 = CARTESIAN_POINT ( 'NONE',  ( 31.19999999999999574, 3.199999999999999734, 1.700000000000007061 ) ) ;
#658 = VECTOR ( 'NONE', #383, 1000.000000000000000 ) ;
#659 = DIRECTION ( 'NONE',  ( 0.000000000000000000, 1.000000000000000000, 2.041077998578920060E-17 ) ) ;
#660 = ORIENTED_EDGE ( 'NONE', *, *, #1359, .F. ) ;
#661 = EDGE_LOOP ( 'NONE', ( #4772, #3332, #1004, #5913, #3720, #4872 ) ) ;
#662 = EDGE_CURVE ( 'NONE', #6252, #5094, #4503, .T. ) ;
#663 = FACE_OUTER_BOUND ( 'NONE', #6433, .T. ) ;
#664 = CARTESIAN_POINT ( 'NONE',  ( 44.39999999999999147, -1.086717016938246726E-14, 42.35118819767313170 ) ) ;
#665 = VERTEX_POINT ( 'NONE', #6629 ) ;
#666 = VECTOR ( 'NONE', #56, 1000.000000000000000 ) ;
#667 = DIRECTION ( 'NONE',  ( 0.000000000000000000, -0.000000000000000000, 1.000000000000000000 ) ) ;
#668 = EDGE_LOOP ( 'NONE', ( #3877, #645, #6711, #2176 ) ) ;
#669 = ORIENTED_EDGE ( 'NONE', *, *, #6956, .T. ) ;
#670 = CIRCLE ( 'NONE', #6532, 8.499999999999992895 ) ;
#671 = ORIENTED_EDGE ( 'NONE', *, *, #904, .F. ) ;
#672 = CARTESIAN_POINT ( 'NONE',  ( 49.38346077543320689, 12.57072724653741069, 75.29967453953490519 ) ) ;
#673 = CARTESIAN_POINT ( 'NONE',  ( 49.39999999999999858, 9.999999999999994671, 2.500000000000000000 ) ) ;
#674 = ADVANCED_FACE ( 'NONE', ( #1563 ), #445, .F. ) ;
#675 = CARTESIAN_POINT ( 'NONE',  ( -32.00000000000000000, 30.00000000000000000, 2.500000000000000000 ) ) ;
#676 = CIRCLE ( 'NONE', #5878, 0.7999999999999986011 ) ;
#678 = ADVANCED_FACE ( 'NONE', ( #1005 ), #4942, .F. ) ;
#677 = AXIS2_PLACEMENT_3D ( 'NONE', #6997, #1414, #3266 ) ;
#679 = FACE_OUTER_BOUND ( 'NONE', #5772, .T. ) ;
#680 = VERTEX_POINT ( 'NONE', #925 ) ;
#681 = VERTEX_POINT ( 'NONE', #1484 ) ;
#682 = DIRECTION ( 'NONE',  ( 1.826024711554535885E-16, -1.000000000000000000, -0.000000000000000000 ) ) ;
#683 = DIRECTION ( 'NONE',  ( 1.000000000000000000, 0.000000000000000000, 0.000000000000000000 ) ) ;
#684 = DIRECTION ( 'NONE',  ( -1.826024711554535639E-16, -1.000000000000000000, -2.041077998578920060E-17 ) ) ;
#685 = EDGE_CURVE ( 'NONE', #927, #4273, #5014, .T. ) ;
#686 = DIRECTION ( 'NONE',  ( -0.000000000000000000, -1.000000000000000000, -2.041077998578920060E-17 ) ) ;
#687 = CARTESIAN_POINT ( 'NONE',  ( -42.39999999999998437, 22.99999999999998579, 10.50000000000000533 ) ) ;
#688 = AXIS2_PLACEMENT_3D ( 'NONE', #4943, #3340, #2207 ) ;
#689 = CARTESIAN_POINT ( 'NONE',  ( -45.73058732345825916, 8.330587323458249926, 114.8973347379046004 ) ) ;
#690 = DIRECTION ( 'NONE',  ( 0.000000000000000000, 0.000000000000000000, 1.000000000000000000 ) ) ;
#691 = CYLINDRICAL_SURFACE ( 'NONE', #2513, 2.000000000000000000 ) ;
#692 = AXIS2_PLACEMENT_3D ( 'NONE', #4767, #6382, #7047 ) ;
#693 = CARTESIAN_POINT ( 'NONE',  ( -48.26783180232096271, 11.68448914516474524, 74.84602918254776682 ) ) ;
#694 = CARTESIAN_POINT ( 'NONE',  ( -47.89999999999999858, 5.999999999999995559, 6.500000000000000000 ) ) ;
#695 = ORIENTED_EDGE ( 'NONE', *, *, #5364, .F. ) ;
#696 = ORIENTED_EDGE ( 'NONE', *, *, #6264, .T. ) ;
#697 = CARTESIAN_POINT ( 'NONE',  ( -39.14999999999998437, 26.99999999999998579, 3.499999999999998668 ) ) ;
#698 = CARTESIAN_POINT ( 'NONE',  ( -32.00000000000000711, 29.19999999999999929, 2.500000000000000000 ) ) ;
#699 = DIRECTION ( 'NONE',  ( 0.000000000000000000, -2.465544075527127488E-16, 1.000000000000000000 ) ) ;
#700 = VECTOR ( 'NONE', #252, 1000.000000000000000 ) ;
#701 = VERTEX_POINT ( 'NONE', #889 ) ;
#702 = DIRECTION ( 'NONE',  ( -1.000000000000000000, -0.000000000000000000, -0.000000000000000000 ) ) ;
#703 = LINE ( 'NONE', #1851, #491 ) ;
#704 = ADVANCED_FACE ( 'NONE', ( #328 ), #4456, .T. ) ;
#705 = CIRCLE ( 'NONE', #944, 1.500000000000001332 ) ;
#706 = ORIENTED_EDGE ( 'NONE', *, *, #619, .F. ) ;
#707 = ORIENTED_EDGE ( 'NONE', *, *, #1909, .F. ) ;
#708 = EDGE_LOOP ( 'NONE', ( #6975, #4491, #3154, #3927, #6469, #3037 ) ) ;
#709 = CARTESIAN_POINT ( 'NONE',  ( 49.35425200144141655, 12.40301048453680011, 75.37004025596445445 ) ) ;
#710 =( BOUNDED_CURVE ( )  B_SPLINE_CURVE ( 3, ( #1699, #2942, #6412, #5813 ),
 .UNSPECIFIED., .F., .F. ) 
 B_SPLINE_CURVE_WITH_KNOTS ( ( 4, 4 ),
 ( 3.141592653589793116, 4.712388980384689674 ),
 .UNSPECIFIED. ) 
 CURVE ( )  GEOMETRIC_REPRESENTATION_ITEM ( )  RATIONAL_B_SPLINE_CURVE ( ( 1.000000000000000000, 0.8047378541243649375, 0.8047378541243649375, 1.000000000000000000 ) ) 
 REPRESENTATION_ITEM ( '' )  );
#711 = VECTOR ( 'NONE', #6299, 1000.000000000000000 ) ;
#712 = CARTESIAN_POINT ( 'NONE',  ( -38.14999999999999858, 22.99999999999998224, 79.49999999999998579 ) ) ;
#713 = CARTESIAN_POINT ( 'NONE',  ( 37.39999999999997726, 2.828427124746180077, 116.4999999999999858 ) ) ;
#714 = AXIS2_PLACEMENT_3D ( 'NONE', #1823, #5202, #74 ) ;
#715 = EDGE_LOOP ( 'NONE', ( #6373, #297, #5646, #862 ) ) ;
#716 = AXIS2_PLACEMENT_3D ( 'NONE', #4568, #1152, #1186 ) ;
#717 = ORIENTED_EDGE ( 'NONE', *, *, #6126, .T. ) ;
#718 = VECTOR ( 'NONE', #6491, 999.9999999999998863 ) ;
#719 = ADVANCED_FACE ( 'NONE', ( #967 ), #2619, .T. ) ;
#720 = AXIS2_PLACEMENT_3D ( 'NONE', #1061, #5106, #6871 ) ;
#721 = CARTESIAN_POINT ( 'NONE',  ( 31.19999999999999574, 4.800000000000000711, 0.7999999999999947153 ) ) ;
#722 = EDGE_LOOP ( 'NONE', ( #6020, #146, #6901, #916 ) ) ;
#723 = CYLINDRICAL_SURFACE ( 'NONE', #70, 0.7999999999999999334 ) ;
#724 = DIRECTION ( 'NONE',  ( 0.000000000000000000, 0.000000000000000000, 1.000000000000000000 ) ) ;
#725 = CARTESIAN_POINT ( 'NONE',  ( -44.39999999999999147, -1.086717016938246726E-14, 42.35118819767313170 ) ) ;
#726 = VECTOR ( 'NONE', #4186, 1000.000000000000114 ) ;
#727 = DIRECTION ( 'NONE',  ( 0.000000000000000000, -1.000000000000000000, -2.041077998578920060E-17 ) ) ;
#728 = ADVANCED_FACE ( 'NONE', ( #5418 ), #4905, .T. ) ;
#729 = CARTESIAN_POINT ( 'NONE',  ( 30.39999999999999503, 4.800000000000000711, 0.7999999999999951594 ) ) ;
#730 = DIRECTION ( 'NONE',  ( 0.000000000000000000, 0.000000000000000000, 1.000000000000000000 ) ) ;
#731 = AXIS2_PLACEMENT_3D ( 'NONE', #5626, #504, #4922 ) ;
#732 = CARTESIAN_POINT ( 'NONE',  ( 39.14999999999998437, 26.99999999999998579, 10.50000000000000355 ) ) ;
#733 = ADVANCED_FACE ( 'NONE', ( #1744 ), #487, .T. ) ;
#734 = CARTESIAN_POINT ( 'NONE',  ( 49.39999999999999858, 3.199999999999999734, 2.500000000000000000 ) ) ;
#735 = LINE ( 'NONE', #1437, #1657 ) ;
#736 = EDGE_LOOP ( 'NONE', ( #1816, #4043, #3937, #7396, #6722, #3860, #318, #4305 ) ) ;
#737 = ORIENTED_EDGE ( 'NONE', *, *, #3153, .F. ) ;
#738 = CARTESIAN_POINT ( 'NONE',  ( 31.19999999999999574, 4.000000000000000000, 0.7999999999999951594 ) ) ;
#739 = CARTESIAN_POINT ( 'NONE',  ( -43.40000000000001279, 5.378679656440352730, 40.12326613631526584 ) ) ;
#740 = DIRECTION ( 'NONE',  ( -0.000000000000000000, -0.7071067811865483499, -0.7071067811865467956 ) ) ;
#741 = EDGE_LOOP ( 'NONE', ( #405, #5199, #3679, #6441, #2387, #865, #3935, #6892, #374, #6519 ) ) ;
#742 = DIRECTION ( 'NONE',  ( 1.000000000000000000, 0.000000000000000000, 0.000000000000000000 ) ) ;
#743 = CARTESIAN_POINT ( 'NONE',  ( -49.39999999999999858, 4.499999999999995559, 5.878679656440357171 ) ) ;
#744 = ORIENTED_EDGE ( 'NONE', *, *, #2727, .T. ) ;
#745 = ORIENTED_EDGE ( 'NONE', *, *, #3887, .F. ) ;
#746 = ORIENTED_EDGE ( 'NONE', *, *, #439, .F. ) ;
#747 = EDGE_CURVE ( 'NONE', #5651, #1271, #4604, .T. ) ;
#748 = CARTESIAN_POINT ( 'NONE',  ( 49.36015224554355996, 12.43111612838045765, 75.35825027667348763 ) ) ;
#749 = LINE ( 'NONE', #1264, #5453 ) ;
#750 = FACE_OUTER_BOUND ( 'NONE', #4713, .T. ) ;
#751 = VERTEX_POINT ( 'NONE', #7363 ) ;
#752 = ORIENTED_EDGE ( 'NONE', *, *, #1299, .T. ) ;
#753 = VECTOR ( 'NONE', #1024, 1000.000000000000000 ) ;
#754 = EDGE_CURVE ( 'NONE', #5873, #4817, #2777, .T. ) ;
#755 = CARTESIAN_POINT ( 'NONE',  ( 43.39999999999999858, 21.99999999999998579, 10.50000000000000533 ) ) ;
#756 = VERTEX_POINT ( 'NONE', #5123 ) ;
#757 = CARTESIAN_POINT ( 'NONE',  ( 49.39999999999999858, -1.368118845532693358E-14, 116.4999999999999716 ) ) ;
#758 = CARTESIAN_POINT ( 'NONE',  ( -47.89999999999999858, 28.49999999999998224, 64.48722716699411706 ) ) ;
#759 = DIRECTION ( 'NONE',  ( 0.000000000000000000, 0.7071067811865499042, -0.7071067811865451302 ) ) ;
#760 = ADVANCED_FACE ( 'NONE', ( #3480 ), #7329, .T. ) ;
#761 = LINE ( 'NONE', #4325, #6109 ) ;
#762 = CARTESIAN_POINT ( 'NONE',  ( -44.43618980201308233, 8.857378966353634198, 117.2378638842450300 ) ) ;
#763 = FACE_OUTER_BOUND ( 'NONE', #4119, .T. ) ;
#764 = CARTESIAN_POINT ( 'NONE',  ( 44.27812213167766942, 15.14365295231669251, 72.10254636550104124 ) ) ;
#765 = LINE ( 'NONE', #2449, #110 ) ;
#766 = EDGE_CURVE ( 'NONE', #5505, #2434, #2325, .T. ) ;
#767 = EDGE_CURVE ( 'NONE', #1324, #2717, #2206, .T. ) ;
#768 = ORIENTED_EDGE ( 'NONE', *, *, #1159, .T. ) ;
#769 = EDGE_LOOP ( 'NONE', ( #7020, #5354, #1522 ) ) ;
#770 = LINE ( 'NONE', #2384, #6176 ) ;
#771 = DIRECTION ( 'NONE',  ( 1.355252715606877091E-16, -0.000000000000000000, 1.000000000000000000 ) ) ;
#772 = CARTESIAN_POINT ( 'NONE',  ( -31.39999999999999858, 21.99999999999998579, 10.50000000000000533 ) ) ;
#773 = EDGE_LOOP ( 'NONE', ( #5773, #1031, #5129, #1630 ) ) ;
#774 = LINE ( 'NONE', #6018, #700 ) ;
#775 = EDGE_CURVE ( 'NONE', #2773, #1408, #4489, .T. ) ;
#776 = CARTESIAN_POINT ( 'NONE',  ( -43.39999999999999858, 2.999999999999989342, 5.000000000000000000 ) ) ;
#777 = VECTOR ( 'NONE', #543, 1000.000000000000000 ) ;
#778 = EDGE_LOOP ( 'NONE', ( #1568, #2456, #4975, #4951 ) ) ;
#779 = ORIENTED_EDGE ( 'NONE', *, *, #5382, .T. ) ;
#780 = CYLINDRICAL_SURFACE ( 'NONE', #2349, 0.8000000000000020428 ) ;
#781 = CARTESIAN_POINT ( 'NONE',  ( 28.40000000000000213, 27.99999999999998224, 82.55267969074972711 ) ) ;
#782 = ORIENTED_EDGE ( 'NONE', *, *, #1119, .T. ) ;
#783 = CARTESIAN_POINT ( 'NONE',  ( 49.02445155816636202, 11.66161894620818984, 75.68109038096177699 ) ) ;
#784 = FACE_OUTER_BOUND ( 'NONE', #4639, .T. ) ;
#785 = CARTESIAN_POINT ( 'NONE',  ( 30.39999999999999503, 4.800000000000000711, 1.084202172485504434E-16 ) ) ;
#786 = ORIENTED_EDGE ( 'NONE', *, *, #6980, .T. ) ;
#787 = EDGE_LOOP ( 'NONE', ( #1975, #5085, #3145, #3640 ) ) ;
#788 = ORIENTED_EDGE ( 'NONE', *, *, #4534, .T. ) ;
#789 = CARTESIAN_POINT ( 'NONE',  ( 13.72221731358314045, 17.00000000000000000, 71.87150052708159365 ) ) ;
#790 = ORIENTED_EDGE ( 'NONE', *, *, #2007, .F. ) ;
#791 = AXIS2_PLACEMENT_3D ( 'NONE', #4371, #6655, #2118 ) ;
#792 = CARTESIAN_POINT ( 'NONE',  ( 49.26155224264807941, 9.999999999999994671, 1.268820645879640940 ) ) ;
#793 = DIRECTION ( 'NONE',  ( 0.000000000000000000, 0.000000000000000000, -1.000000000000000000 ) ) ;
#794 = VECTOR ( 'NONE', #136, 1000.000000000000000 ) ;
#795 = LINE ( 'NONE', #2637, #19 ) ;
#796 = EDGE_CURVE ( 'NONE', #701, #2326, #5163, .T. ) ;
#797 = CARTESIAN_POINT ( 'NONE',  ( -49.39999999999999858, 4.499999999999995559, 40.48722716699418100 ) ) ;
#798 = FACE_OUTER_BOUND ( 'NONE', #6431, .T. ) ;
#799 = CARTESIAN_POINT ( 'NONE',  ( 29.40000000000000213, 22.99999999999998224, 87.40000000000000568 ) ) ;
#800 = DIRECTION ( 'NONE',  ( 0.000000000000000000, 1.000000000000000000, 0.000000000000000000 ) ) ;
#801 = DIRECTION ( 'NONE',  ( 0.000000000000000000, 0.000000000000000000, 1.000000000000000000 ) ) ;
#802 = VERTEX_POINT ( 'NONE', #3407 ) ;
#803 = VERTEX_POINT ( 'NONE', #6922 ) ;
#804 = CARTESIAN_POINT ( 'NONE',  ( 47.89999999999999858, 5.999999999999995559, 6.500000000000000000 ) ) ;
#805 = EDGE_CURVE ( 'NONE', #4583, #5138, #1044, .T. ) ;
#806 = CARTESIAN_POINT ( 'NONE',  ( -38.14999999999999858, 24.89999999999998082, 3.499999999999999556 ) ) ;
#807 = FACE_OUTER_BOUND ( 'NONE', #4423, .T. ) ;
#808 = AXIS2_PLACEMENT_3D ( 'NONE', #4053, #5947, #3529 ) ;
#809 = ORIENTED_EDGE ( 'NONE', *, *, #1571, .T. ) ;
#810 = EDGE_CURVE ( 'NONE', #1887, #6813, #1038, .T. ) ;
#811 = CARTESIAN_POINT ( 'NONE',  ( 38.58745361325046019, 29.30395656095039314, 78.93745361325096610 ) ) ;
#812 = CARTESIAN_POINT ( 'NONE',  ( 34.39999999999999858, -0.001000000000066919581, 10.50000000000001776 ) ) ;
#813 = EDGE_LOOP ( 'NONE', ( #1917, #2057, #5407, #3291 ) ) ;
#814 = VERTEX_POINT ( 'NONE', #1115 ) ;
#815 = ADVANCED_FACE ( 'NONE', ( #2886 ), #6323, .F. ) ;
#816 = DIRECTION ( 'NONE',  ( -1.000000000000000000, 0.000000000000000000, 0.000000000000000000 ) ) ;
#817 = DIRECTION ( 'NONE',  ( 0.000000000000000000, -9.829967624376073786E-17, 1.000000000000000000 ) ) ;
#818 = ORIENTED_EDGE ( 'NONE', *, *, #1896, .T. ) ;
#819 = CARTESIAN_POINT ( 'NONE',  ( -29.40000000000000213, 17.00000000000000000, 79.49999999999998579 ) ) ;
#820 = EDGE_CURVE ( 'NONE', #5172, #2576, #1266, .T. ) ;
#821 = FACE_OUTER_BOUND ( 'NONE', #6407, .T. ) ;
#822 = DIRECTION ( 'NONE',  ( -3.727058863615381873E-33, -0.000000000000000000, 1.000000000000000000 ) ) ;
#823 = ORIENTED_EDGE ( 'NONE', *, *, #6164, .F. ) ;
#824 = ORIENTED_EDGE ( 'NONE', *, *, #4020, .F. ) ;
#825 = VECTOR ( 'NONE', #2724, 1000.000000000000000 ) ;
#826 = CARTESIAN_POINT ( 'NONE',  ( 43.60882953072672308, -4.791170469273284382, 44.33575598568756959 ) ) ;
#827 = ORIENTED_EDGE ( 'NONE', *, *, #7359, .T. ) ;
#828 = CARTESIAN_POINT ( 'NONE',  ( 49.39999999999999858, 15.50000000000000178, 73.60254636550102703 ) ) ;
#829 = FACE_OUTER_BOUND ( 'NONE', #5712, .T. ) ;
#830 = AXIS2_PLACEMENT_3D ( 'NONE', #6034, #4274, #3725 ) ;
#831 = PLANE ( 'NONE',  #4174 ) ;
#832 = CARTESIAN_POINT ( 'NONE',  ( 15.90000000000000391, 14.53581858547019756, 72.45347970082255529 ) ) ;
#833 = AXIS2_PLACEMENT_3D ( 'NONE', #4080, #3969, #2353 ) ;
#834 = AXIS2_PLACEMENT_3D ( 'NONE', #6004, #5285, #3085 ) ;
#835 = VECTOR ( 'NONE', #1413, 1000.000000000000000 ) ;
#836 = LINE ( 'NONE', #6611, #5208 ) ;
#837 = FACE_OUTER_BOUND ( 'NONE', #7152, .T. ) ;
#838 = CARTESIAN_POINT ( 'NONE',  ( -15.40000000000000213, 15.50000000000000178, 0.000000000000000000 ) ) ;
#839 = CARTESIAN_POINT ( 'NONE',  ( 28.40000000000000213, 26.46791111376202110, 83.26710447137665483 ) ) ;
#840 = ADVANCED_FACE ( 'NONE', ( #2282 ), #6851, .F. ) ;
#841 = DIRECTION ( 'NONE',  ( -1.000000000000000000, 0.000000000000000000, 0.000000000000000000 ) ) ;
#842 = VECTOR ( 'NONE', #514, 1000.000000000000000 ) ;
#843 = AXIS2_PLACEMENT_3D ( 'NONE', #2070, #5470, #462 ) ;
#844 = EDGE_LOOP ( 'NONE', ( #6058, #6289, #205, #2436 ) ) ;
#845 = ORIENTED_EDGE ( 'NONE', *, *, #2656, .F. ) ;
#846 = CARTESIAN_POINT ( 'NONE',  ( 49.39999999999999858, 5.378679656440353618, 6.242640687119283882 ) ) ;
#847 = LINE ( 'NONE', #4218, #2153 ) ;
#848 = VERTEX_POINT ( 'NONE', #2846 ) ;
#849 = DIRECTION ( 'NONE',  ( 0.000000000000000000, 0.000000000000000000, 1.000000000000000000 ) ) ;
#850 = DIRECTION ( 'NONE',  ( 0.000000000000000000, 0.000000000000000000, 1.000000000000000000 ) ) ;
#851 = EDGE_CURVE ( 'NONE', #6133, #2005, #5812, .T. ) ;
#852 = VERTEX_POINT ( 'NONE', #5609 ) ;
#853 = ORIENTED_EDGE ( 'NONE', *, *, #2697, .T. ) ;
#854 = CARTESIAN_POINT ( 'NONE',  ( 38.14999999999999858, 24.89999999999998082, 4.200000000000001954 ) ) ;
#855 = CARTESIAN_POINT ( 'NONE',  ( -49.06666666666666998, 12.61416458818398567, 74.93621038741727602 ) ) ;
#856 = ORIENTED_EDGE ( 'NONE', *, *, #307, .F. ) ;
#857 = DIRECTION ( 'NONE',  ( 0.000000000000000000, -1.000000000000000000, 0.000000000000000000 ) ) ;
#858 = FACE_OUTER_BOUND ( 'NONE', #1473, .T. ) ;
#859 = EDGE_CURVE ( 'NONE', #5207, #5036, #2462, .T. ) ;
#860 = VERTEX_POINT ( 'NONE', #698 ) ;
#861 = ADVANCED_FACE ( 'NONE', ( #1847 ), #5936, .F. ) ;
#862 = ORIENTED_EDGE ( 'NONE', *, *, #5821, .F. ) ;
#863 = EDGE_LOOP ( 'NONE', ( #4367, #6885, #5938, #4275 ) ) ;
#864 = PLANE ( 'NONE',  #1666 ) ;
#865 = ORIENTED_EDGE ( 'NONE', *, *, #3138, .F. ) ;
#866 = CARTESIAN_POINT ( 'NONE',  ( -31.39999999999999858, 22.99999999999998224, 3.500000000000000888 ) ) ;
#867 = CARTESIAN_POINT ( 'NONE',  ( -43.39999999999999858, 4.499999999999995559, 8.000000000000000000 ) ) ;
#868 = LINE ( 'NONE', #124, #1191 ) ;
#869 = EDGE_CURVE ( 'NONE', #4410, #6001, #1920, .T. ) ;
#870 = CARTESIAN_POINT ( 'NONE',  ( 14.48578643762691520, 1.414213562373081157, 108.5000000000000000 ) ) ;
#871 = DIRECTION ( 'NONE',  ( -1.000000000000000000, 0.000000000000000000, 0.000000000000000000 ) ) ;
#872 = ADVANCED_FACE ( 'NONE', ( #1327 ), #4180, .T. ) ;
#873 = LINE ( 'NONE', #2526, #4619 ) ;
#874 = CARTESIAN_POINT ( 'NONE',  ( 49.39999999999999858, 29.99999999999998579, 90.49999999999998579 ) ) ;
#875 = CARTESIAN_POINT ( 'NONE',  ( 43.39999999999999858, 2.999999999999989786, 6.000000000000000000 ) ) ;
#876 = CARTESIAN_POINT ( 'NONE',  ( 38.97842712474619020, 29.99999999999998224, 83.38110681549591163 ) ) ;
#877 = CARTESIAN_POINT ( 'NONE',  ( -49.39999999999999858, 5.189339828220176365, 5.189339828220175477 ) ) ;
#878 = ORIENTED_EDGE ( 'NONE', *, *, #655, .F. ) ;
#879 = ORIENTED_EDGE ( 'NONE', *, *, #2913, .T. ) ;
#880 = DIRECTION ( 'NONE',  ( -0.000000000000000000, -0.7071067811865512365, -0.7071067811865439090 ) ) ;
#881 = DIRECTION ( 'NONE',  ( 0.000000000000000000, 1.000000000000000000, 0.000000000000000000 ) ) ;
#882 = LINE ( 'NONE', #5603, #1074 ) ;
#883 = VERTEX_POINT ( 'NONE', #5299 ) ;
#884 = CARTESIAN_POINT ( 'NONE',  ( 15.40000000000000391, 17.00000000000000000, 73.87290506733208417 ) ) ;
#885 = CARTESIAN_POINT ( 'NONE',  ( -43.87576172490214788, 15.76961462412260673, 72.10254636550101282 ) ) ;
#886 = ORIENTED_EDGE ( 'NONE', *, *, #3345, .F. ) ;
#887 = ADVANCED_FACE ( 'NONE', ( #2490 ), #4111, .F. ) ;
#888 = ORIENTED_EDGE ( 'NONE', *, *, #7026, .T. ) ;
#889 = CARTESIAN_POINT ( 'NONE',  ( 49.39999999999999858, 4.499999999999995559, 5.878679656440357171 ) ) ;
#890 = FACE_OUTER_BOUND ( 'NONE', #5491, .T. ) ;
#891 = ORIENTED_EDGE ( 'NONE', *, *, #2598, .F. ) ;
#892 = CARTESIAN_POINT ( 'NONE',  ( 49.39999999999999858, 29.99999999999998579, 117.0000000000000000 ) ) ;
#893 = DIRECTION ( 'NONE',  ( 0.000000000000000000, 0.000000000000000000, -1.000000000000000000 ) ) ;
#894 = VECTOR ( 'NONE', #156, 1000.000000000000000 ) ;
#895 = CARTESIAN_POINT ( 'NONE',  ( -30.39999999999999503, 3.199999999999999734, 2.500000000000000000 ) ) ;
#896 = ORIENTED_EDGE ( 'NONE', *, *, #4571, .F. ) ;
#897 = VERTEX_POINT ( 'NONE', #4676 ) ;
#898 = ORIENTED_EDGE ( 'NONE', *, *, #5638, .T. ) ;
#899 = EDGE_CURVE ( 'NONE', #5190, #6894, #166, .T. ) ;
#900 = CARTESIAN_POINT ( 'NONE',  ( 31.39999999999999858, -0.001000000000070389028, 4.500000000000017764 ) ) ;
#901 = ORIENTED_EDGE ( 'NONE', *, *, #2499, .T. ) ;
#902 = CARTESIAN_POINT ( 'NONE',  ( 23.90000000000000568, 0.000000000000000000, 108.5000000000000000 ) ) ;
#903 = LINE ( 'NONE', #4880, #545 ) ;
#904 = EDGE_CURVE ( 'NONE', #1329, #5787, #4262, .T. ) ;
#905 = DIRECTION ( 'NONE',  ( 0.000000000000000000, -0.000000000000000000, 1.000000000000000000 ) ) ;
#906 = CARTESIAN_POINT ( 'NONE',  ( -29.40000000000000213, 21.99999999999998224, 0.000000000000000000 ) ) ;
#907 =( BOUNDED_CURVE ( )  B_SPLINE_CURVE ( 3, ( #3995, #2836, #5641, #3400 ),
 .UNSPECIFIED., .F., .F. ) 
 B_SPLINE_CURVE_WITH_KNOTS ( ( 4, 4 ),
 ( 3.141592653589793116, 4.712388980384689674 ),
 .UNSPECIFIED. ) 
 CURVE ( )  GEOMETRIC_REPRESENTATION_ITEM ( )  RATIONAL_B_SPLINE_CURVE ( ( 1.000000000000000000, 0.8047378541243649375, 0.8047378541243649375, 1.000000000000000000 ) ) 
 REPRESENTATION_ITEM ( '' )  );
#908 = DIRECTION ( 'NONE',  ( -0.000000000000000000, -1.000000000000000000, -0.000000000000000000 ) ) ;
#909 = DIRECTION ( 'NONE',  ( 0.4145818008399674848, 0.7914528079802084504, 0.4491373767039801845 ) ) ;
#910 = LINE ( 'NONE', #4401, #3926 ) ;
#911 = ADVANCED_FACE ( 'NONE', ( #663 ), #100, .T. ) ;
#912 = VECTOR ( 'NONE', #1463, 1000.000000000000000 ) ;
#913 = CARTESIAN_POINT ( 'NONE',  ( -49.39999999999999858, 30.00000000000000000, 1.700000000000000178 ) ) ;
#914 = CARTESIAN_POINT ( 'NONE',  ( 45.33453837903012840, 29.56066017164898696, 63.42656699508349050 ) ) ;
#915 = AXIS2_PLACEMENT_3D ( 'NONE', #3755, #6027, #893 ) ;
#916 = ORIENTED_EDGE ( 'NONE', *, *, #6199, .T. ) ;
#917 = CARTESIAN_POINT ( 'NONE',  ( -45.10710678118655181, 29.56066017177980498, 63.42656699521429431 ) ) ;
#918 = CARTESIAN_POINT ( 'NONE',  ( -28.40000000000000213, 27.99999999999998224, 78.49999999999998579 ) ) ;
#919 = DIRECTION ( 'NONE',  ( 1.000000000000000000, 0.000000000000000000, 0.000000000000000000 ) ) ;
#920 = ORIENTED_EDGE ( 'NONE', *, *, #1587, .T. ) ;
#921 = CARTESIAN_POINT ( 'NONE',  ( -15.40000000000000213, 0.000000000000000000, 89.99999999999998579 ) ) ;
#922 = ORIENTED_EDGE ( 'NONE', *, *, #5986, .F. ) ;
#923 = ORIENTED_EDGE ( 'NONE', *, *, #127, .F. ) ;
#924 = VECTOR ( 'NONE', #3987, 1000.000000000000000 ) ;
#925 = CARTESIAN_POINT ( 'NONE',  ( 30.40000000000000213, 29.99999999999998579, 84.55267969074972711 ) ) ;
#926 = CARTESIAN_POINT ( 'NONE',  ( 49.39999999999999858, 29.99999999999998579, 80.49999999999998579 ) ) ;
#927 = VERTEX_POINT ( 'NONE', #806 ) ;
#928 = DIRECTION ( 'NONE',  ( 0.000000000000000000, 0.000000000000000000, -1.000000000000000000 ) ) ;
#929 = VECTOR ( 'NONE', #3651, 1000.000000000000000 ) ;
#930 = DIRECTION ( 'NONE',  ( 0.7071067811865451302, -0.7071067811865500152, 0.000000000000000000 ) ) ;
#931 = ADVANCED_FACE ( 'NONE', ( #2953 ), #5226, .F. ) ;
#932 = DIRECTION ( 'NONE',  ( 1.000000000000000000, -0.000000000000000000, -0.000000000000000000 ) ) ;
#933 = ORIENTED_EDGE ( 'NONE', *, *, #2278, .T. ) ;
#934 = ORIENTED_EDGE ( 'NONE', *, *, #7165, .F. ) ;
#935 = LINE ( 'NONE', #6070, #2156 ) ;
#936 = ORIENTED_EDGE ( 'NONE', *, *, #6850, .F. ) ;
#937 = CIRCLE ( 'NONE', #1653, 1.000000000000000888 ) ;
#938 = DIRECTION ( 'NONE',  ( 0.000000000000000000, 0.000000000000000000, 1.000000000000000000 ) ) ;
#939 = CARTESIAN_POINT ( 'NONE',  ( -23.90000000000000568, 28.49999999999998224, 108.5000000000000000 ) ) ;
#940 = DIRECTION ( 'NONE',  ( 0.000000000000000000, 0.9203309184584744784, -0.3911406403448519642 ) ) ;
#941 = CARTESIAN_POINT ( 'NONE',  ( 43.39999999999999858, 4.939339828220180806, 40.92656699521436536 ) ) ;
#942 = DIRECTION ( 'NONE',  ( 1.000000000000000000, 0.000000000000000000, 0.000000000000000000 ) ) ;
#943 = EDGE_CURVE ( 'NONE', #7401, #4644, #7059, .T. ) ;
#944 = AXIS2_PLACEMENT_3D ( 'NONE', #5259, #1740, #6319 ) ;
#945 = EDGE_CURVE ( 'NONE', #6577, #6171, #5055, .T. ) ;
#946 = CARTESIAN_POINT ( 'NONE',  ( -38.14999999999999858, 26.99999999999998579, 10.50000000000000355 ) ) ;
#947 = LINE ( 'NONE', #3806, #2251 ) ;
#948 = PLANE ( 'NONE',  #6825 ) ;
#949 = CARTESIAN_POINT ( 'NONE',  ( -37.39999999999997726, 2.828427124746180077, 116.4999999999999858 ) ) ;
#950 = DIRECTION ( 'NONE',  ( 0.000000000000000000, 0.000000000000000000, -1.000000000000000000 ) ) ;
#951 = AXIS2_PLACEMENT_3D ( 'NONE', #5587, #2104, #4920 ) ;
#952 = ADVANCED_FACE ( 'NONE', ( #1814 ), #5825, .T. ) ;
#953 = AXIS2_PLACEMENT_3D ( 'NONE', #4267, #6555, #258 ) ;
#954 = EDGE_CURVE ( 'NONE', #5656, #665, #171, .T. ) ;
#955 = EDGE_CURVE ( 'NONE', #6577, #1922, #5265, .T. ) ;
#956 = ORIENTED_EDGE ( 'NONE', *, *, #4020, .T. ) ;
#957 = AXIS2_PLACEMENT_3D ( 'NONE', #5337, #1328, #1881 ) ;
#958 = CARTESIAN_POINT ( 'NONE',  ( 48.39999999999999858, -1.044187211523073769E-14, 42.35118819767313170 ) ) ;
#959 = DIRECTION ( 'NONE',  ( 1.000000000000000000, 0.000000000000000000, 0.000000000000000000 ) ) ;
#960 = CARTESIAN_POINT ( 'NONE',  ( -49.39999999999999858, 8.378679656440350954, 2.000000000000000000 ) ) ;
#961 = ORIENTED_EDGE ( 'NONE', *, *, #7387, .T. ) ;
#962 = LINE ( 'NONE', #7358, #6085 ) ;
#963 = AXIS2_PLACEMENT_3D ( 'NONE', #921, #6798, #1964 ) ;
#964 = TOROIDAL_SURFACE ( 'NONE', #6128, 8.500000000000000000, 1.500000000000000000 ) ;
#965 = ORIENTED_EDGE ( 'NONE', *, *, #5997, .F. ) ;
#966 = ORIENTED_EDGE ( 'NONE', *, *, #3928, .F. ) ;
#967 = FACE_OUTER_BOUND ( 'NONE', #4375, .T. ) ;
#968 = LINE ( 'NONE', #3263, #481 ) ;
#969 = AXIS2_PLACEMENT_3D ( 'NONE', #1427, #3612, #3086 ) ;
#970 = EDGE_LOOP ( 'NONE', ( #707, #2743, #3945, #179 ) ) ;
#971 = CARTESIAN_POINT ( 'NONE',  ( -40.14999999999999858, 29.99999999999998579, 118.5000000000000000 ) ) ;
#972 = DIRECTION ( 'NONE',  ( 0.000000000000000000, -1.000000000000000000, 0.000000000000000000 ) ) ;
#973 = DIRECTION ( 'NONE',  ( 0.000000000000000000, 0.000000000000000000, -1.000000000000000000 ) ) ;
#974 = ORIENTED_EDGE ( 'NONE', *, *, #1041, .F. ) ;
#975 = ORIENTED_EDGE ( 'NONE', *, *, #5988, .F. ) ;
#976 = EDGE_CURVE ( 'NONE', #4187, #464, #5296, .T. ) ;
#977 = ORIENTED_EDGE ( 'NONE', *, *, #248, .F. ) ;
#978 = DIRECTION ( 'NONE',  ( -3.010602169447849176E-47, -9.829967624376072553E-17, 1.000000000000000000 ) ) ;
#979 = ORIENTED_EDGE ( 'NONE', *, *, #537, .T. ) ;
#980 = CARTESIAN_POINT ( 'NONE',  ( 48.81421356237309084, 11.41421356237307450, 108.5000000000000000 ) ) ;
#981 = CARTESIAN_POINT ( 'NONE',  ( -44.90000000000000568, 5.999999999999995559, 6.500000000000000000 ) ) ;
#982 = CARTESIAN_POINT ( 'NONE',  ( 45.40000000000000568, 29.99999999999998579, 64.48722716699411706 ) ) ;
#983 = AXIS2_PLACEMENT_3D ( 'NONE', #3201, #2071, #4958 ) ;
#984 = CARTESIAN_POINT ( 'NONE',  ( -40.45719095841791813, 4.471404520791010917, 120.9714045207910402 ) ) ;
#985 = LINE ( 'NONE', #3318, #4209 ) ;
#986 = EDGE_CURVE ( 'NONE', #2923, #5607, #4740, .T. ) ;
#987 = CARTESIAN_POINT ( 'NONE',  ( -44.39999999999999147, -1.232772037763563695E-15, 5.000000000000000000 ) ) ;
#988 = CARTESIAN_POINT ( 'NONE',  ( 43.39999999999999858, 4.499999999999995559, 8.000000000000000000 ) ) ;
#989 = LINE ( 'NONE', #350, #486 ) ;
#990 = EDGE_CURVE ( 'NONE', #3425, #4583, #1400, .T. ) ;
#991 = CARTESIAN_POINT ( 'NONE',  ( -33.27500000000004832, 21.12499999999996447, 10.50000000000000533 ) ) ;
#992 = CARTESIAN_POINT ( 'NONE',  ( 43.68430035306410275, 29.35717755328153444, 63.22308437671618009 ) ) ;
#993 = DIRECTION ( 'NONE',  ( 0.000000000000000000, -1.000000000000000000, 2.478176394252584099E-16 ) ) ;
#994 = AXIS2_PLACEMENT_3D ( 'NONE', #6157, #5103, #5554 ) ;
#995 = CARTESIAN_POINT ( 'NONE',  ( -43.39999999999999858, 26.99999999999998224, 3.499999999999998668 ) ) ;
#996 = DIRECTION ( 'NONE',  ( -0.7071067811865524577, -0.7071067811865425767, -1.743402935119536885E-16 ) ) ;
#997 = CARTESIAN_POINT ( 'NONE',  ( -13.90000000000000213, 1.999999999999999556, 1.965993524875214511E-16 ) ) ;
#998 =( BOUNDED_SURFACE ( )  B_SPLINE_SURFACE ( 3, 2, ( 
 ( #1174, #1279, #2943 ),
 ( #1318, #6912, #5889 ),
 ( #6349, #5816, #1804 ),
 ( #762, #5780, #621 ),
 ( #2909, #2342, #689 ),
 ( #5219, #1835, #4633 ),
 ( #4766, #653, #2480 ),
 ( #3467, #90, #1770 ),
 ( #3575, #5853, #4064 ),
 ( #1213, #2375, #6949 ) ),
 .UNSPECIFIED., .F., .F., .F. ) 
 B_SPLINE_SURFACE_WITH_KNOTS ( ( 4, 2, 2, 2, 4 ),
 ( 3, 3 ),
 ( 1.570796326794896558, 1.963495408493620697, 2.356194490192344837, 2.748893571891068976, 3.141592653589793116 ),
 ( 0.000000000000000000, 1.000000000000000000 ),
 .UNSPECIFIED. ) 
 GEOMETRIC_REPRESENTATION_ITEM ( )  RATIONAL_B_SPLINE_SURFACE ( (
 ( 1.000000000000000000, 0.7071067811865475727, 1.000000000000000000),
 ( 1.000000000000000000, 0.7398497524079945542, 1.000000000000000000),
 ( 1.000000000000000000, 0.7702345535697714407, 1.000000000000000000),
 ( 1.000000000000000000, 0.8238783973048506848, 1.000000000000000000),
 ( 1.000000000000000000, 0.8471316604207369538, 1.000000000000000000),
 ( 1.000000000000000000, 0.8849191471481417937, 1.000000000000000000),
 ( 1.000000000000000000, 0.8994581711958440362, 1.000000000000000000),
 ( 1.000000000000000000, 0.9189375406546793634, 1.000000000000000000),
 ( 1.000000000000000000, 0.9238886108739536862, 1.000000000000000000),
 ( 1.000000000000000000, 0.9238795325112861834, 1.000000000000000000) ) ) 
 REPRESENTATION_ITEM ( '' )  SURFACE ( )  );
#999 = ORIENTED_EDGE ( 'NONE', *, *, #767, .T. ) ;
#1000 = EDGE_CURVE ( 'NONE', #3582, #6149, #3743, .T. ) ;
#1001 = LINE ( 'NONE', #2657, #6213 ) ;
#1002 = EDGE_CURVE ( 'NONE', #7333, #72, #2110, .T. ) ;
#1003 = ORIENTED_EDGE ( 'NONE', *, *, #6450, .F. ) ;
#1004 = ORIENTED_EDGE ( 'NONE', *, *, #537, .F. ) ;
#1005 = FACE_OUTER_BOUND ( 'NONE', #6637, .T. ) ;
#1006 = CARTESIAN_POINT ( 'NONE',  ( 38.14999999999999858, 27.99999999999998224, 79.49999999999998579 ) ) ;
#1007 = ORIENTED_EDGE ( 'NONE', *, *, #5344, .T. ) ;
#1008 = EDGE_CURVE ( 'NONE', #3260, #2932, #7249, .T. ) ;
#1009 = FACE_OUTER_BOUND ( 'NONE', #521, .T. ) ;
#1010 = CARTESIAN_POINT ( 'NONE',  ( -44.90000000000000568, 27.99999999999998579, 61.86590682343449288 ) ) ;
#1011 = EDGE_LOOP ( 'NONE', ( #1284, #570, #934, #1297 ) ) ;
#1012 = ORIENTED_EDGE ( 'NONE', *, *, #5691, .T. ) ;
#1013 = EDGE_LOOP ( 'NONE', ( #6770, #173, #4224, #6559 ) ) ;
#1014 = VECTOR ( 'NONE', #3904, 1000.000000000000000 ) ;
#1015 = CARTESIAN_POINT ( 'NONE',  ( -39.64638103050343432, 29.74757278571657437, 79.49276206100559250 ) ) ;
#1016 = ORIENTED_EDGE ( 'NONE', *, *, #162, .F. ) ;
#1017 = LINE ( 'NONE', #866, #4626 ) ;
#1018 = DIRECTION ( 'NONE',  ( 1.000000000000000000, 0.000000000000000000, -0.000000000000000000 ) ) ;
#1019 = FACE_OUTER_BOUND ( 'NONE', #5177, .T. ) ;
#1020 = DIRECTION ( 'NONE',  ( -0.000000000000000000, 0.000000000000000000, -1.000000000000000000 ) ) ;
#1021 = DIRECTION ( 'NONE',  ( 0.000000000000000000, 0.7071067811865482389, 0.7071067811865467956 ) ) ;
#1022 = CIRCLE ( 'NONE', #2340, 1.499999999999999556 ) ;
#1023 = ORIENTED_EDGE ( 'NONE', *, *, #4033, .F. ) ;
#1024 = DIRECTION ( 'NONE',  ( -0.000000000000000000, 1.000000000000000000, -0.000000000000000000 ) ) ;
#1025 = DIRECTION ( 'NONE',  ( 1.000000000000000000, 0.000000000000000000, 0.000000000000000000 ) ) ;
#1026 = CARTESIAN_POINT ( 'NONE',  ( 31.39999999999999858, 28.89999999999998082, 2.500000000000000000 ) ) ;
#1027 = CARTESIAN_POINT ( 'NONE',  ( 28.40000000000000213, 21.99999999999998224, 88.49999999999998579 ) ) ;
#1028 = AXIS2_PLACEMENT_3D ( 'NONE', #4959, #7085, #6530 ) ;
#1029 = EDGE_CURVE ( 'NONE', #2017, #3603, #4255, .T. ) ;
#1030 = CIRCLE ( 'NONE', #5098, 9.999999999999994671 ) ;
#1031 = ORIENTED_EDGE ( 'NONE', *, *, #1043, .T. ) ;
#1032 = CIRCLE ( 'NONE', #1261, 1.000000000000000888 ) ;
#1033 = DIRECTION ( 'NONE',  ( 1.000000000000000000, 0.000000000000000000, 0.000000000000000000 ) ) ;
#1034 = CARTESIAN_POINT ( 'NONE',  ( -49.39999999999999858, 12.82842712474617386, 75.19155853512361887 ) ) ;
#1035 = CARTESIAN_POINT ( 'NONE',  ( -49.39999999999999858, 8.921066744495604439, 1.756202539206402902 ) ) ;
#1036 = ORIENTED_EDGE ( 'NONE', *, *, #6271, .F. ) ;
#1037 = CARTESIAN_POINT ( 'NONE',  ( 39.14999999999999858, 27.99999999999998224, 78.49999999999998579 ) ) ;
#1038 = CIRCLE ( 'NONE', #3071, 0.5000000000000004441 ) ;
#1039 = AXIS2_PLACEMENT_3D ( 'NONE', #673, #1791, #184 ) ;
#1040 = EDGE_LOOP ( 'NONE', ( #956, #4379, #5688, #5630 ) ) ;
#1041 = EDGE_CURVE ( 'NONE', #751, #2862, #6413, .T. ) ;
#1042 = VERTEX_POINT ( 'NONE', #4408 ) ;
#1043 = EDGE_CURVE ( 'NONE', #3965, #2128, #1428, .T. ) ;
#1044 = LINE ( 'NONE', #6253, #1384 ) ;
#1045 = PLANE ( 'NONE',  #6195 ) ;
#1046 = ORIENTED_EDGE ( 'NONE', *, *, #1296, .T. ) ;
#1047 = CARTESIAN_POINT ( 'NONE',  ( 48.34045570796525482, 10.94045570796817302, 113.1602736703652425 ) ) ;
#1048 = VERTEX_POINT ( 'NONE', #3855 ) ;
#1049 = EDGE_CURVE ( 'NONE', #6541, #585, #5410, .T. ) ;
#1050 = ORIENTED_EDGE ( 'NONE', *, *, #406, .F. ) ;
#1051 = VERTEX_POINT ( 'NONE', #7137 ) ;
#1052 = CARTESIAN_POINT ( 'NONE',  ( -39.88815342681817100, 29.99999999999998579, 80.36907671340908621 ) ) ;
#1053 = CARTESIAN_POINT ( 'NONE',  ( -47.39999999999999858, -4.931088151054254976E-16, 2.000000000000000000 ) ) ;
#1054 = DIRECTION ( 'NONE',  ( 0.000000000000000000, 4.956352788505160310E-16, 1.000000000000000000 ) ) ;
#1055 = CARTESIAN_POINT ( 'NONE',  ( 13.90000000000000213, 1.904719005828515145E-13, 96.07462821482180004 ) ) ;
#1056 = PLANE ( 'NONE',  #496 ) ;
#1057 = ORIENTED_EDGE ( 'NONE', *, *, #4442, .T. ) ;
#1058 = ORIENTED_EDGE ( 'NONE', *, *, #3160, .T. ) ;
#1059 = CARTESIAN_POINT ( 'NONE',  ( -31.39999999999999858, 24.89999999999998082, 3.500000000000001332 ) ) ;
#1060 = LINE ( 'NONE', #466, #1870 ) ;
#1061 = CARTESIAN_POINT ( 'NONE',  ( 55.84594074371081263, 19.21736669639735240, 68.52519440760489999 ) ) ;
#1062 = CARTESIAN_POINT ( 'NONE',  ( 49.13566360466897009, 11.82612638499684898, 75.61207362564978496 ) ) ;
#1063 = CARTESIAN_POINT ( 'NONE',  ( 45.00016659936977703, 29.36793355233611891, 63.23384037577062600 ) ) ;
#1064 = CARTESIAN_POINT ( 'NONE',  ( -43.39999999999999858, 27.99999999999998224, 78.49999999999998579 ) ) ;
#1065 = AXIS2_PLACEMENT_3D ( 'NONE', #5062, #7338, #3553 ) ;
#1066 = CARTESIAN_POINT ( 'NONE',  ( 48.40000882538569016, 12.05464622769384242, 74.53543051111996931 ) ) ;
#1067 = ADVANCED_FACE ( 'NONE', ( #6581 ), #4934, .T. ) ;
#1068 = DIRECTION ( 'NONE',  ( 0.000000000000000000, 0.000000000000000000, -1.000000000000000000 ) ) ;
#1069 = DIRECTION ( 'NONE',  ( 0.000000000000000000, -1.000000000000000000, -2.041077998578920060E-17 ) ) ;
#1070 = AXIS2_PLACEMENT_3D ( 'NONE', #2273, #6919, #1248 ) ;
#1071 = ORIENTED_EDGE ( 'NONE', *, *, #7222, .T. ) ;
#1072 = DIRECTION ( 'NONE',  ( -1.000000000000000000, -0.000000000000000000, -0.000000000000000000 ) ) ;
#1073 = VECTOR ( 'NONE', #6282, 1000.000000000000000 ) ;
#1074 = VECTOR ( 'NONE', #4970, 1000.000000000000000 ) ;
#1075 = VECTOR ( 'NONE', #2897, 1000.000000000000000 ) ;
#1076 = ORIENTED_EDGE ( 'NONE', *, *, #5716, .F. ) ;
#1077 = ORIENTED_EDGE ( 'NONE', *, *, #2468, .T. ) ;
#1078 = EDGE_CURVE ( 'NONE', #814, #3482, #7215, .T. ) ;
#1079 = CIRCLE ( 'NONE', #2642, 0.8000000000000000444 ) ;
#1080 = DIRECTION ( 'NONE',  ( 0.000000000000000000, -9.829967624376075018E-17, 1.000000000000000000 ) ) ;
#1081 = DIRECTION ( 'NONE',  ( -1.000000000000000000, 0.000000000000000000, 0.000000000000000000 ) ) ;
#1082 = EDGE_LOOP ( 'NONE', ( #5048, #7188, #4868, #3415, #6985, #3041, #528, #3403, #4261, #2424 ) ) ;
#1083 = TOROIDAL_SURFACE ( 'NONE', #5261, 0.5000000000000000000, 1.500000000000000000 ) ;
#1084 = VECTOR ( 'NONE', #3718, 1000.000000000000000 ) ;
#1085 = ADVANCED_FACE ( 'NONE', ( #3172 ), #4290, .T. ) ;
#1086 = CARTESIAN_POINT ( 'NONE',  ( -23.90000000000000568, 28.49999999999998224, 118.5000000000000000 ) ) ;
#1087 = ORIENTED_EDGE ( 'NONE', *, *, #1818, .F. ) ;
#1088 = ORIENTED_EDGE ( 'NONE', *, *, #5084, .F. ) ;
#1089 = VECTOR ( 'NONE', #3573, 1000.000000000000000 ) ;
#1090 = ORIENTED_EDGE ( 'NONE', *, *, #4484, .F. ) ;
#1091 = CARTESIAN_POINT ( 'NONE',  ( -38.15000000075370679, 28.19659951090262595, 78.50000000075392848 ) ) ;
#1092 = DIRECTION ( 'NONE',  ( -0.000000000000000000, 1.000000000000000000, -0.000000000000000000 ) ) ;
#1093 = DIRECTION ( 'NONE',  ( 0.000000000000000000, 1.000000000000000000, -4.956352788505160310E-16 ) ) ;
#1094 = ADVANCED_FACE ( 'NONE', ( #5443 ), #2611, .F. ) ;
#1095 = CARTESIAN_POINT ( 'NONE',  ( 39.14999999999998437, 26.99999999999998224, -1.338215252896392376E-14 ) ) ;
#1096 = CARTESIAN_POINT ( 'NONE',  ( 48.39999999999999858, -1.044187211523073769E-14, 42.35118819767313170 ) ) ;
#1097 = EDGE_CURVE ( 'NONE', #6551, #7116, #4894, .T. ) ;
#1098 = ORIENTED_EDGE ( 'NONE', *, *, #3064, .F. ) ;
#1099 = ORIENTED_EDGE ( 'NONE', *, *, #4612, .F. ) ;
#1100 = DIRECTION ( 'NONE',  ( -0.000000000000000000, 0.000000000000000000, -1.000000000000000000 ) ) ;
#1101 = CYLINDRICAL_SURFACE ( 'NONE', #1519, 1.500000000000001332 ) ;
#1102 = CARTESIAN_POINT ( 'NONE',  ( 31.19999999999999929, 22.99999999999998224, 0.7999999999999951594 ) ) ;
#1103 = LINE ( 'NONE', #3396, #2334 ) ;
#1104 = ADVANCED_FACE ( 'NONE', ( #1512 ), #3814, .F. ) ;
#1105 = CARTESIAN_POINT ( 'NONE',  ( 49.39999999999999858, 5.999999999999995559, 39.86590682343454972 ) ) ;
#1106 = CIRCLE ( 'NONE', #4339, 8.499999999999992895 ) ;
#1107 = LINE ( 'NONE', #1700, #493 ) ;
#1108 = FACE_OUTER_BOUND ( 'NONE', #6048, .T. ) ;
#1109 = DIRECTION ( 'NONE',  ( -0.000000000000000000, -1.000000000000000000, 0.000000000000000000 ) ) ;
#1110 = FACE_OUTER_BOUND ( 'NONE', #3795, .T. ) ;
#1111 = ORIENTED_EDGE ( 'NONE', *, *, #6135, .T. ) ;
#1112 = DIRECTION ( 'NONE',  ( -1.000000000000000000, 0.000000000000000000, 0.000000000000000000 ) ) ;
#1113 = ORIENTED_EDGE ( 'NONE', *, *, #3343, .T. ) ;
#1114 = EDGE_LOOP ( 'NONE', ( #4755, #3722, #4333, #790 ) ) ;
#1115 = CARTESIAN_POINT ( 'NONE',  ( 31.39999999999998437, 29.19999999999999929, 2.229150262212908462 ) ) ;
#1116 = CARTESIAN_POINT ( 'NONE',  ( 49.03517574938874191, 11.63517574938872734, 75.59948228479119336 ) ) ;
#1117 = ORIENTED_EDGE ( 'NONE', *, *, #1689, .F. ) ;
#1118 = LINE ( 'NONE', #7367, #3002 ) ;
#1119 = EDGE_CURVE ( 'NONE', #3260, #168, #5485, .T. ) ;
#1120 = VERTEX_POINT ( 'NONE', #3289 ) ;
#1121 = ORIENTED_EDGE ( 'NONE', *, *, #4803, .F. ) ;
#1122 = ORIENTED_EDGE ( 'NONE', *, *, #6167, .F. ) ;
#1123 = VECTOR ( 'NONE', #4664, 1000.000000000000114 ) ;
#1124 = CARTESIAN_POINT ( 'NONE',  ( -39.15872359288072602, 29.77802397096310472, 79.50872359288123903 ) ) ;
#1125 = CARTESIAN_POINT ( 'NONE',  ( 30.39999999999999503, 3.200000000000000178, 0.8000000000000001554 ) ) ;
#1126 = LINE ( 'NONE', #568, #6283 ) ;
#1127 = FACE_OUTER_BOUND ( 'NONE', #1129, .T. ) ;
#1128 = DIRECTION ( 'NONE',  ( 1.000000000000000000, 0.000000000000000000, 0.000000000000000000 ) ) ;
#1129 = EDGE_LOOP ( 'NONE', ( #2755, #1077, #6993, #4851, #1164 ) ) ;
#1130 = ORIENTED_EDGE ( 'NONE', *, *, #4637, .T. ) ;
#1131 = ADVANCED_FACE ( 'NONE', ( #5526 ), #5562, .T. ) ;
#1132 = AXIS2_PLACEMENT_3D ( 'NONE', #758, #1831, #4129 ) ;
#1133 = CARTESIAN_POINT ( 'NONE',  ( 14.52132034355964763, 17.00000000000000000, 88.49999999999997158 ) ) ;
#1134 = CARTESIAN_POINT ( 'NONE',  ( 47.89999999999999858, 28.49999999999998224, 0.000000000000000000 ) ) ;
#1135 = EDGE_CURVE ( 'NONE', #1709, #6818, #676, .T. ) ;
#1136 = CARTESIAN_POINT ( 'NONE',  ( 34.39999999999999858, 21.99999999999998934, 10.50000000000000711 ) ) ;
#1137 = CARTESIAN_POINT ( 'NONE',  ( 48.90678037698604896, 11.50676790485368883, 75.74606041710052295 ) ) ;
#1138 = CARTESIAN_POINT ( 'NONE',  ( 38.14999999999999858, 27.99999999999998224, 84.55267969074972711 ) ) ;
#1139 = VECTOR ( 'NONE', #6757, 1000.000000000000114 ) ;
#1140 = DIRECTION ( 'NONE',  ( 0.000000000000000000, -0.7071067811865475727, -0.7071067811865474617 ) ) ;
#1141 = EDGE_CURVE ( 'NONE', #7135, #4786, #5523, .T. ) ;
#1142 = DIRECTION ( 'NONE',  ( 0.000000000000000000, 9.829967624376073786E-17, -1.000000000000000000 ) ) ;
#1143 = FACE_OUTER_BOUND ( 'NONE', #1927, .T. ) ;
#1144 = CARTESIAN_POINT ( 'NONE',  ( -39.79462596732586377, 27.64462596732587940, 3.033533963886493989 ) ) ;
#1145 = DIRECTION ( 'NONE',  ( 1.000000000000000000, 0.000000000000000000, 0.000000000000000000 ) ) ;
#1146 = ORIENTED_EDGE ( 'NONE', *, *, #1718, .F. ) ;
#1147 = DIRECTION ( 'NONE',  ( 0.000000000000000000, 0.000000000000000000, 1.000000000000000000 ) ) ;
#1148 = CARTESIAN_POINT ( 'NONE',  ( -43.39999999999999858, 4.499999999999995559, 8.000000000000000000 ) ) ;
#1149 = VERTEX_POINT ( 'NONE', #1623 ) ;
#1150 = VERTEX_POINT ( 'NONE', #5046 ) ;
#1151 = DIRECTION ( 'NONE',  ( 1.000000000000000000, 0.000000000000000000, 0.000000000000000000 ) ) ;
#1152 = DIRECTION ( 'NONE',  ( 0.7071067811865487940, 0.7071067811865463515, -0.000000000000000000 ) ) ;
#1153 = VERTEX_POINT ( 'NONE', #5710 ) ;
#1154 = VECTOR ( 'NONE', #207, 1000.000000000000000 ) ;
#1155 = CARTESIAN_POINT ( 'NONE',  ( 45.73058732345825916, 8.330587323458249926, 114.8973347379046004 ) ) ;
#1156 = ORIENTED_EDGE ( 'NONE', *, *, #4306, .T. ) ;
#1157 = VERTEX_POINT ( 'NONE', #3921 ) ;
#1158 = ORIENTED_EDGE ( 'NONE', *, *, #5747, .F. ) ;
#1159 = EDGE_CURVE ( 'NONE', #5760, #4413, #2771, .T. ) ;
#1160 = CARTESIAN_POINT ( 'NONE',  ( -39.35489236978752814, 29.21997956991471312, 78.90978473957480333 ) ) ;
#1161 = DIRECTION ( 'NONE',  ( -1.000000000000000000, -0.000000000000000000, -0.000000000000000000 ) ) ;
#1162 = CARTESIAN_POINT ( 'NONE',  ( 43.39999999999999858, 0.9999999999999986677, 6.000000000000000000 ) ) ;
#1163 = DIRECTION ( 'NONE',  ( 0.000000000000000000, 0.000000000000000000, 1.000000000000000000 ) ) ;
#1164 = ORIENTED_EDGE ( 'NONE', *, *, #6199, .F. ) ;
#1165 = EDGE_LOOP ( 'NONE', ( #4585, #1844, #4108, #4341, #2710, #3414, #1898, #1450, #4916 ) ) ;
#1166 = DIRECTION ( 'NONE',  ( 1.000000000000000000, 0.000000000000000000, 0.000000000000000000 ) ) ;
#1167 = VECTOR ( 'NONE', #2012, 1000.000000000000000 ) ;
#1168 = CARTESIAN_POINT ( 'NONE',  ( 23.90000000000000568, 28.49999999999998224, 117.0000000000000000 ) ) ;
#1169 = DIRECTION ( 'NONE',  ( -0.000000000000000000, -1.000000000000000000, 4.956352788505160310E-16 ) ) ;
#1170 = CARTESIAN_POINT ( 'NONE',  ( -42.59999999999998721, -1.632862398863136048E-17, 0.8000000000000000444 ) ) ;
#1171 = DIRECTION ( 'NONE',  ( -1.000000000000000000, 0.000000000000000000, 0.000000000000000000 ) ) ;
#1172 = ADVANCED_FACE ( 'NONE', ( #2310 ), #5602, .T. ) ;
#1173 = CARTESIAN_POINT ( 'NONE',  ( -49.39999999999999858, 28.49999999999998224, 117.0000000000000000 ) ) ;
#1174 = CARTESIAN_POINT ( 'NONE',  ( -39.39999999999999858, 4.828427124746197840, 118.5000000000000000 ) ) ;
#1175 = CARTESIAN_POINT ( 'NONE',  ( -38.14999999999999858, 26.46791111376202110, 83.26710447137665483 ) ) ;
#1176 = CARTESIAN_POINT ( 'NONE',  ( -15.28875819031904371, 17.00000000000000355, 70.44851678234083181 ) ) ;
#1177 = CARTESIAN_POINT ( 'NONE',  ( -49.29785248926042840, 12.18399648419673653, 75.46192929152580575 ) ) ;
#1178 = SPHERICAL_SURFACE ( 'NONE', #4771, 0.8000000000000000444 ) ;
#1179 = VECTOR ( 'NONE', #302, 1000.000000000000114 ) ;
#1180 = EDGE_CURVE ( 'NONE', #4347, #3280, #2805, .T. ) ;
#1181 = EDGE_CURVE ( 'NONE', #5690, #3819, #4560, .T. ) ;
#1182 = ORIENTED_EDGE ( 'NONE', *, *, #2200, .F. ) ;
#1183 = ORIENTED_EDGE ( 'NONE', *, *, #2185, .T. ) ;
#1184 = AXIS2_PLACEMENT_3D ( 'NONE', #7281, #54, #6874 ) ;
#1185 = DIRECTION ( 'NONE',  ( 0.000000000000000000, 0.000000000000000000, -1.000000000000000000 ) ) ;
#1186 = DIRECTION ( 'NONE',  ( 0.7071067811865456854, -0.7071067811865494601, 0.000000000000000000 ) ) ;
#1187 = ORIENTED_EDGE ( 'NONE', *, *, #5029, .T. ) ;
#1188 =( BOUNDED_CURVE ( )  B_SPLINE_CURVE ( 3, ( #867, #5548, #2103, #981 ),
 .UNSPECIFIED., .F., .F. ) 
 B_SPLINE_CURVE_WITH_KNOTS ( ( 4, 4 ),
 ( 4.712388980384687009, 6.283185307179586232 ),
 .UNSPECIFIED. ) 
 CURVE ( )  GEOMETRIC_REPRESENTATION_ITEM ( )  RATIONAL_B_SPLINE_CURVE ( ( 1.000000000000000000, 0.8047378541243643824, 0.8047378541243643824, 1.000000000000000000 ) ) 
 REPRESENTATION_ITEM ( '' )  );
#1189 = AXIS2_PLACEMENT_3D ( 'NONE', #4816, #172, #2423 ) ;
#1190 = DIRECTION ( 'NONE',  ( 1.000000000000000000, 0.000000000000000000, 0.000000000000000000 ) ) ;
#1191 = VECTOR ( 'NONE', #157, 1000.000000000000000 ) ;
#1192 = ORIENTED_EDGE ( 'NONE', *, *, #7351, .T. ) ;
#1193 = VECTOR ( 'NONE', #4348, 1000.000000000000000 ) ;
#1194 = VERTEX_POINT ( 'NONE', #3401 ) ;
#1195 = AXIS2_PLACEMENT_3D ( 'NONE', #1738, #7355, #5113 ) ;
#1196 = VECTOR ( 'NONE', #3747, 1000.000000000000000 ) ;
#1197 = ORIENTED_EDGE ( 'NONE', *, *, #3843, .F. ) ;
#1198 = CARTESIAN_POINT ( 'NONE',  ( 49.17650204649273604, 11.90912771790229918, 75.57723985470768469 ) ) ;
#1199 = CARTESIAN_POINT ( 'NONE',  ( 39.39999999999999858, 28.49999999999998224, 108.5000000000000000 ) ) ;
#1200 = COLOUR_RGB ( '',0.7921568627450980005, 0.8196078431372548767, 0.9333333333333333481 ) ;
#1201 = CARTESIAN_POINT ( 'NONE',  ( 29.40000000000000213, 21.99999999999998224, 79.49999999999998579 ) ) ;
#1202 = PRODUCT_CONTEXT ( 'NONE', #1826, 'mechanical' ) ;
#1203 = CIRCLE ( 'NONE', #731, 1.000000000000000888 ) ;
#1204 = ORIENTED_EDGE ( 'NONE', *, *, #3258, .T. ) ;
#1205 = EDGE_LOOP ( 'NONE', ( #3829, #1226, #3631, #453 ) ) ;
#1206 = DIRECTION ( 'NONE',  ( 0.000000000000000000, -2.465544075527127488E-16, 1.000000000000000000 ) ) ;
#1207 = CARTESIAN_POINT ( 'NONE',  ( 32.00000000000000000, 9.999999999999998224, 2.500000000000000000 ) ) ;
#1208 = CARTESIAN_POINT ( 'NONE',  ( 15.45058351456876622, 17.00000000000000000, 73.96600361906727983 ) ) ;
#1209 = CARTESIAN_POINT ( 'NONE',  ( 49.19766564078472015, 11.94212403583526694, 75.56340683263181290 ) ) ;
#1210 = CARTESIAN_POINT ( 'NONE',  ( 43.39999999999999858, 26.99999999999998579, 10.50000000000000355 ) ) ;
#1211 = CARTESIAN_POINT ( 'NONE',  ( -13.90000000000000213, 15.50000000000000178, 89.99999999999998579 ) ) ;
#1212 = EDGE_CURVE ( 'NONE', #5607, #1746, #6482, .T. ) ;
#1213 = CARTESIAN_POINT ( 'NONE',  ( -49.39999999999999858, 12.82842712474617208, 108.5000000000000000 ) ) ;
#1214 = DIRECTION ( 'NONE',  ( 0.000000000000000000, -2.041077998578920060E-17, 1.000000000000000000 ) ) ;
#1215 = DIRECTION ( 'NONE',  ( 1.000000000000000000, 0.000000000000000000, -0.000000000000000000 ) ) ;
#1216 = CARTESIAN_POINT ( 'NONE',  ( -49.39999999999999858, 5.378679656440353618, 6.242640687119283882 ) ) ;
#1217 = ORIENTED_EDGE ( 'NONE', *, *, #7336, .T. ) ;
#1218 = VERTEX_POINT ( 'NONE', #5642 ) ;
#1219 = EDGE_CURVE ( 'NONE', #5172, #6133, #3884, .T. ) ;
#1220 = CARTESIAN_POINT ( 'NONE',  ( 28.40000000000000213, 27.99999999999998224, 0.000000000000000000 ) ) ;
#1221 = CARTESIAN_POINT ( 'NONE',  ( -31.39999999999999858, 26.54705882352939739, 3.499999999999999112 ) ) ;
#1222 = ORIENTED_EDGE ( 'NONE', *, *, #1438, .F. ) ;
#1223 = ADVANCED_FACE ( 'NONE', ( #4596 ), #6279, .F. ) ;
#1224 = DIRECTION ( 'NONE',  ( 0.000000000000000000, 0.000000000000000000, -1.000000000000000000 ) ) ;
#1225 = EDGE_LOOP ( 'NONE', ( #7251, #7157, #2288 ) ) ;
#1226 = ORIENTED_EDGE ( 'NONE', *, *, #312, .T. ) ;
#1227 = EDGE_CURVE ( 'NONE', #4271, #5420, #4543, .T. ) ;
#1228 = VERTEX_POINT ( 'NONE', #1034 ) ;
#1229 = CARTESIAN_POINT ( 'NONE',  ( 49.33417722855358534, 12.31749112247904243, 75.40590814455279656 ) ) ;
#1230 =( BOUNDED_SURFACE ( )  B_SPLINE_SURFACE ( 3, 2, ( 
 ( #6640, #1495, #6261 ),
 ( #1052, #2177, #5620 ),
 ( #2253, #1685, #2294 ),
 ( #4013, #6148, #1015 ),
 ( #3940, #1124, #3977 ),
 ( #6295, #3311, #5692 ),
 ( #5061, #530, #1160 ),
 ( #566, #499, #7337 ),
 ( #3902, #2786, #5730 ),
 ( #5583, #3452, #607 ),
 ( #2895, #6227, #2214 ),
 ( #6746, #4497, #6783 ),
 ( #3348, #1091, #5173 ),
 ( #1644, #4577, #456 ) ),
 .UNSPECIFIED., .F., .F., .F. ) 
 B_SPLINE_SURFACE_WITH_KNOTS ( ( 4, 2, 2, 2, 2, 2, 4 ),
 ( 3, 3 ),
 ( 1.570796326794896558, 1.963495408493620697, 2.356194490192344837, 2.552544031041707129, 2.748893571891068976, 2.945243112740430824, 3.141592653589793116 ),
 ( 0.000000000000000000, 1.000000000000000000 ),
 .UNSPECIFIED. ) 
 GEOMETRIC_REPRESENTATION_ITEM ( )  RATIONAL_B_SPLINE_SURFACE ( (
 ( 1.000000000000000000, 1.000000000000000000, 1.000000000000000000),
 ( 1.000000000000000000, 1.000158585517631371, 1.000000000000000000),
 ( 1.000000000000000000, 0.9867291829330862019, 1.000000000000000000),
 ( 1.000000000000000000, 0.9386556568292254710, 1.000000000000000000),
 ( 1.000000000000000000, 0.9038128751444495235, 1.000000000000000000),
 ( 1.000000000000000000, 0.8471316681044342989, 1.000000000000000000),
 ( 1.000000000000000000, 0.8275942589161686680, 1.000000000000000000),
 ( 1.000000000000000000, 0.7902180193271712838, 1.000000000000000000),
 ( 1.000000000000000000, 0.7723968094988848954, 1.000000000000000000),
 ( 1.000000000000000000, 0.7418334301983209311, 1.000000000000000000),
 ( 1.000000000000000000, 0.7291288848862585992, 1.000000000000000000),
 ( 1.000000000000000000, 0.7117460116570577533, 1.000000000000000000),
 ( 1.000000000000000000, 0.7070717215218161877, 1.000000000000000000),
 ( 1.000000000000000000, 0.7071067811865475727, 1.000000000000000000) ) ) 
 REPRESENTATION_ITEM ( '' )  SURFACE ( )  );
#1231 = CARTESIAN_POINT ( 'NONE',  ( 28.40000000000000213, 17.00000000000000000, 79.49999999999998579 ) ) ;
#1232 = CARTESIAN_POINT ( 'NONE',  ( -43.60882953072672308, -4.791170469273284382, 44.33575598568756959 ) ) ;
#1233 =( NAMED_UNIT ( * ) SI_UNIT ( $, .STERADIAN. ) SOLID_ANGLE_UNIT ( ) );
#1234 = ORIENTED_EDGE ( 'NONE', *, *, #6338, .F. ) ;
#1235 = ORIENTED_EDGE ( 'NONE', *, *, #5836, .F. ) ;
#1236 = DIRECTION ( 'NONE',  ( 0.000000000000000000, -0.7071067811865477948, -0.7071067811865472397 ) ) ;
#1237 = CARTESIAN_POINT ( 'NONE',  ( -31.39999999999998437, 29.53729350067549930, 2.229150262212904465 ) ) ;
#1238 = CARTESIAN_POINT ( 'NONE',  ( 28.40000000000000213, 29.99999999999998579, 88.49999999999998579 ) ) ;
#1239 = DIRECTION ( 'NONE',  ( 0.000000000000000000, 1.000000000000000000, -4.956352788505160310E-16 ) ) ;
#1240 = LINE ( 'NONE', #1105, #4299 ) ;
#1241 = DIRECTION ( 'NONE',  ( -0.000000000000000000, -0.000000000000000000, 1.000000000000000000 ) ) ;
#1242 = CARTESIAN_POINT ( 'NONE',  ( -47.39999999999999858, 1.000000000000000888, 2.041077998578924066E-17 ) ) ;
#1243 = LINE ( 'NONE', #2414, #4524 ) ;
#1244 = CARTESIAN_POINT ( 'NONE',  ( 13.90000000000000213, 28.49999999999998224, 108.5000000000000000 ) ) ;
#1245 = CARTESIAN_POINT ( 'NONE',  ( -49.39999999999999858, 29.56066017177980143, 63.42656699521430141 ) ) ;
#1246 = AXIS2_PLACEMENT_3D ( 'NONE', #5398, #232, #6977 ) ;
#1247 = EDGE_CURVE ( 'NONE', #4797, #4086, #3996, .T. ) ;
#1248 = DIRECTION ( 'NONE',  ( 0.000000000000000000, 0.000000000000000000, 1.000000000000000000 ) ) ;
#1249 = VERTEX_POINT ( 'NONE', #3437 ) ;
#1250 = ORIENTED_EDGE ( 'NONE', *, *, #2607, .T. ) ;
#1251 = DIRECTION ( 'NONE',  ( -0.7071067811865420216, 0.7071067811865531239, -3.504670666704880459E-16 ) ) ;
#1252 = DIRECTION ( 'NONE',  ( 1.000000000000000000, 0.000000000000000000, 0.000000000000000000 ) ) ;
#1253 = DIRECTION ( 'NONE',  ( 0.000000000000000000, -1.000000000000000000, 0.000000000000000000 ) ) ;
#1254 = ORIENTED_EDGE ( 'NONE', *, *, #1894, .F. ) ;
#1255 = CARTESIAN_POINT ( 'NONE',  ( 49.39999999999999858, 28.49999999999998224, 117.0000000000000000 ) ) ;
#1256 = EDGE_CURVE ( 'NONE', #6628, #2450, #516, .T. ) ;
#1257 = EDGE_LOOP ( 'NONE', ( #4645, #5209, #2078, #6100, #6591, #5408, #4780, #3082, #5683, #1820, #167, #505 ) ) ;
#1258 = ADVANCED_FACE ( 'NONE', ( #3330 ), #25, .F. ) ;
#1259 = ORIENTED_EDGE ( 'NONE', *, *, #4899, .F. ) ;
#1260 = AXIS2_PLACEMENT_3D ( 'NONE', #6503, #4216, #4178 ) ;
#1261 = AXIS2_PLACEMENT_3D ( 'NONE', #7256, #5494, #6059 ) ;
#1262 = ORIENTED_EDGE ( 'NONE', *, *, #2292, .F. ) ;
#1263 = CARTESIAN_POINT ( 'NONE',  ( 49.27009623285864137, 12.11698695355088340, 75.49004334361568169 ) ) ;
#1264 = CARTESIAN_POINT ( 'NONE',  ( -47.89999999999999858, 29.99999999999998579, 118.5000000000000000 ) ) ;
#1265 = DIRECTION ( 'NONE',  ( -1.000000000000000000, -0.000000000000000000, -0.000000000000000000 ) ) ;
#1266 = CIRCLE ( 'NONE', #6779, 1.500000000000001332 ) ;
#1267 = ADVANCED_FACE ( 'NONE', ( #423 ), #1538, .T. ) ;
#1268 = AXIS2_PLACEMENT_3D ( 'NONE', #1199, #3491, #5769 ) ;
#1269 = VERTEX_POINT ( 'NONE', #5434 ) ;
#1270 = EDGE_CURVE ( 'NONE', #6660, #6175, #2663, .T. ) ;
#1271 = VERTEX_POINT ( 'NONE', #7205 ) ;
#1272 = CARTESIAN_POINT ( 'NONE',  ( 47.89999999999999858, 5.999999999999995559, 39.86590682343454972 ) ) ;
#1273 = ORIENTED_EDGE ( 'NONE', *, *, #3613, .T. ) ;
#1274 = CARTESIAN_POINT ( 'NONE',  ( 49.39999999999999858, 8.378679656440350954, 2.000000000000000000 ) ) ;
#1275 = DIRECTION ( 'NONE',  ( -1.000000000000000000, 0.000000000000000000, 0.000000000000000000 ) ) ;
#1276 = CARTESIAN_POINT ( 'NONE',  ( -43.65242718725754401, 29.00723787374815998, 64.23903663543124765 ) ) ;
#1277 = CARTESIAN_POINT ( 'NONE',  ( 37.39999999999996305, -1.354217172000612334E-14, 115.0857864376268935 ) ) ;
#1278 = VECTOR ( 'NONE', #5053, 1000.000000000000114 ) ;
#1279 = CARTESIAN_POINT ( 'NONE',  ( -40.81421356237309084, 3.414213562373100253, 118.5000000000000000 ) ) ;
#1280 = CARTESIAN_POINT ( 'NONE',  ( -47.89999999999999858, 28.49999999999998224, 64.48722716699411706 ) ) ;
#1281 = FACE_OUTER_BOUND ( 'NONE', #4452, .T. ) ;
#1282 = CARTESIAN_POINT ( 'NONE',  ( -43.39999999999999858, 27.99999999999998224, 63.86590682343448577 ) ) ;
#1283 = LINE ( 'NONE', #3620, #2019 ) ;
#1284 = ORIENTED_EDGE ( 'NONE', *, *, #904, .T. ) ;
#1285 = ADVANCED_FACE ( 'NONE', ( #4360 ), #6720, .T. ) ;
#1286 = ORIENTED_EDGE ( 'NONE', *, *, #1043, .F. ) ;
#1287 = CARTESIAN_POINT ( 'NONE',  ( -44.39999999999999147, -1.232772037763563695E-15, 5.000000000000000000 ) ) ;
#1288 = CARTESIAN_POINT ( 'NONE',  ( -44.90000000000000568, 5.999999999999995559, 39.86590682343454972 ) ) ;
#1289 = DIRECTION ( 'NONE',  ( 1.000000000000000000, 0.000000000000000000, 0.000000000000000000 ) ) ;
#1290 = AXIS2_PLACEMENT_3D ( 'NONE', #6002, #3800, #2592 ) ;
#1291 = ORIENTED_EDGE ( 'NONE', *, *, #4463, .F. ) ;
#1292 = CARTESIAN_POINT ( 'NONE',  ( 39.39999999999999858, 29.99999999999998579, 117.0000000000000000 ) ) ;
#1293 = CARTESIAN_POINT ( 'NONE',  ( -13.90000000000000213, 27.99999999999998224, 90.49999999999998579 ) ) ;
#1294 = VECTOR ( 'NONE', #3429, 1000.000000000000000 ) ;
#1295 = ORIENTED_EDGE ( 'NONE', *, *, #5025, .T. ) ;
#1296 = EDGE_CURVE ( 'NONE', #186, #5492, #6077, .T. ) ;
#1297 = ORIENTED_EDGE ( 'NONE', *, *, #6081, .F. ) ;
#1298 = EDGE_LOOP ( 'NONE', ( #4037, #4742, #4300, #1003 ) ) ;
#1299 = EDGE_CURVE ( 'NONE', #1150, #860, #3841, .T. ) ;
#1300 = CARTESIAN_POINT ( 'NONE',  ( 48.99491520839517023, 11.62086681449165049, 75.69818504771149037 ) ) ;
#1301 = AXIS2_PLACEMENT_3D ( 'NONE', #3839, #421, #4993 ) ;
#1302 = CARTESIAN_POINT ( 'NONE',  ( -29.40000000000000213, 21.99999999999998224, 79.49999999999998579 ) ) ;
#1303 = LINE ( 'NONE', #2966, #6094 ) ;
#1304 = AXIS2_PLACEMENT_3D ( 'NONE', #6353, #4636, #6880 ) ;
#1305 = ORIENTED_EDGE ( 'NONE', *, *, #3024, .F. ) ;
#1306 = VECTOR ( 'NONE', #1253, 1000.000000000000000 ) ;
#1307 = ORIENTED_EDGE ( 'NONE', *, *, #2309, .F. ) ;
#1308 = CIRCLE ( 'NONE', #2639, 2.000000000000001776 ) ;
#1309 = EDGE_CURVE ( 'NONE', #1935, #7092, #4884, .T. ) ;
#1310 = VECTOR ( 'NONE', #3359, 1000.000000000000000 ) ;
#1311 = FACE_OUTER_BOUND ( 'NONE', #2566, .T. ) ;
#1312 = EDGE_LOOP ( 'NONE', ( #1305, #2696, #3252, #3148 ) ) ;
#1313 = CARTESIAN_POINT ( 'NONE',  ( 49.39999999999999858, 30.00000000000000000, 0.8000000000000008216 ) ) ;
#1314 = CARTESIAN_POINT ( 'NONE',  ( 43.39999999999999858, 29.17157287525379417, 78.49999999999998579 ) ) ;
#1315 = ADVANCED_FACE ( 'NONE', ( #2754 ), #4399, .T. ) ;
#1316 = CARTESIAN_POINT ( 'NONE',  ( 43.39999999999997016, 29.66862915010152335, 2.500000000000000000 ) ) ;
#1317 = AXIS2_PLACEMENT_3D ( 'NONE', #4450, #474, #4923 ) ;
#1318 = CARTESIAN_POINT ( 'NONE',  ( -40.70923294630668465, 5.875813481787433012, 118.5000000000000000 ) ) ;
#1319 = CARTESIAN_POINT ( 'NONE',  ( 44.04906666467846321, 15.50000000000000178, 72.10254636550102703 ) ) ;
#1320 = ADVANCED_FACE ( 'NONE', ( #1503 ), #1579, .T. ) ;
#1321 = DIRECTION ( 'NONE',  ( -0.7071067811865481278, -0.4545194776720422603, -0.5416752204197021747 ) ) ;
#1322 = DIRECTION ( 'NONE',  ( -0.000000000000000000, -0.000000000000000000, -1.000000000000000000 ) ) ;
#1323 = DIRECTION ( 'NONE',  ( -0.6081204024113460171, -0.6081204024113420203, 0.5102736053747342071 ) ) ;
#1324 = VERTEX_POINT ( 'NONE', #5589 ) ;
#1325 = ORIENTED_EDGE ( 'NONE', *, *, #1049, .T. ) ;
#1326 = DIRECTION ( 'NONE',  ( -0.000000000000000000, 9.829967624376073786E-17, -1.000000000000000000 ) ) ;
#1327 = FACE_OUTER_BOUND ( 'NONE', #3063, .T. ) ;
#1328 = DIRECTION ( 'NONE',  ( 0.000000000000000000, 1.000000000000000000, 0.000000000000000000 ) ) ;
#1329 = VERTEX_POINT ( 'NONE', #4996 ) ;
#1330 = CARTESIAN_POINT ( 'NONE',  ( 39.15872359288072602, 29.77802397096310472, 79.50872359288123903 ) ) ;
#1331 = VECTOR ( 'NONE', #388, 1000.000000000000000 ) ;
#1332 = LINE ( 'NONE', #6925, #726 ) ;
#1333 = ORIENTED_EDGE ( 'NONE', *, *, #954, .F. ) ;
#1334 = VERTEX_POINT ( 'NONE', #5515 ) ;
#1335 = DIRECTION ( 'NONE',  ( -1.000000000000000000, 0.000000000000000000, -8.673617379884013384E-15 ) ) ;
#1336 = EDGE_LOOP ( 'NONE', ( #3985, #1789, #6627 ) ) ;
#1337 = CARTESIAN_POINT ( 'NONE',  ( 28.40000000000000213, 0.000000000000000000, 0.000000000000000000 ) ) ;
#1338 = CYLINDRICAL_SURFACE ( 'NONE', #3913, 2.000000000000000000 ) ;
#1339 = ADVANCED_FACE ( 'NONE', ( #2030 ), #463, .T. ) ;
#1340 = DIRECTION ( 'NONE',  ( 1.000000000000000000, 0.000000000000000000, -0.000000000000000000 ) ) ;
#1341 = ORIENTED_EDGE ( 'NONE', *, *, #1135, .F. ) ;
#1342 = ORIENTED_EDGE ( 'NONE', *, *, #2317, .F. ) ;
#1343 = VECTOR ( 'NONE', #216, 1000.000000000000000 ) ;
#1344 = CARTESIAN_POINT ( 'NONE',  ( 14.68002047582909597, 14.73337198566278161, 72.82264866178141460 ) ) ;
#1345 = ORIENTED_EDGE ( 'NONE', *, *, #6593, .F. ) ;
#1346 = CYLINDRICAL_SURFACE ( 'NONE', #4259, 1.500000000000001332 ) ;
#1347 = LINE ( 'NONE', #4204, #6042 ) ;
#1348 = LINE ( 'NONE', #5885, #5023 ) ;
#1349 = CARTESIAN_POINT ( 'NONE',  ( -45.40000000000000568, 29.99999999999998579, 80.49999999999998579 ) ) ;
#1350 = ADVANCED_FACE ( 'NONE', ( #5472 ), #5035, .T. ) ;
#1351 = EDGE_CURVE ( 'NONE', #7027, #520, #985, .T. ) ;
#1352 = CARTESIAN_POINT ( 'NONE',  ( -44.90000000000000568, 29.06066017177979788, 62.92656699521430141 ) ) ;
#1353 = CARTESIAN_POINT ( 'NONE',  ( -31.39999999999999858, 24.89999999999998082, 4.200000000000001066 ) ) ;
#1354 = DIRECTION ( 'NONE',  ( 0.000000000000000000, 1.000000000000000000, -3.252606517456513302E-16 ) ) ;
#1355 = DIRECTION ( 'NONE',  ( 0.000000000000000000, 0.000000000000000000, -1.000000000000000000 ) ) ;
#1356 = DIRECTION ( 'NONE',  ( 1.000000000000000000, -0.000000000000000000, 0.000000000000000000 ) ) ;
#1357 = EDGE_CURVE ( 'NONE', #3581, #883, #7240, .T. ) ;
#1358 = ORIENTED_EDGE ( 'NONE', *, *, #1681, .T. ) ;
#1359 = EDGE_CURVE ( 'NONE', #2420, #6778, #2640, .T. ) ;
#1360 = VERTEX_POINT ( 'NONE', #3278 ) ;
#1361 = CARTESIAN_POINT ( 'NONE',  ( 43.39999999999999858, 0.9999999999999904521, 41.93697463530003944 ) ) ;
#1362 = DIRECTION ( 'NONE',  ( 0.000000000000000000, 0.000000000000000000, 1.000000000000000000 ) ) ;
#1363 = LINE ( 'NONE', #5300, #6224 ) ;
#1364 = ORIENTED_EDGE ( 'NONE', *, *, #7169, .T. ) ;
#1365 = CARTESIAN_POINT ( 'NONE',  ( 38.92090653948142887, 29.59933366422760059, 79.88545326974069383 ) ) ;
#1366 = LINE ( 'NONE', #812, #3597 ) ;
#1367 = AXIS2_PLACEMENT_3D ( 'NONE', #2684, #1585, #6650 ) ;
#1368 = VERTEX_POINT ( 'NONE', #4326 ) ;
#1369 = ORIENTED_EDGE ( 'NONE', *, *, #1008, .F. ) ;
#1370 = CARTESIAN_POINT ( 'NONE',  ( 42.59999999999998721, 29.19999999999999929, 2.500000000000000000 ) ) ;
#1371 = DIRECTION ( 'NONE',  ( 0.6081204024113447959, -0.6081204024113426865, 0.5102736053747348732 ) ) ;
#1372 = ORIENTED_EDGE ( 'NONE', *, *, #6865, .F. ) ;
#1373 = DIRECTION ( 'NONE',  ( -0.000000000000000000, -0.000000000000000000, -1.000000000000000000 ) ) ;
#1374 = VECTOR ( 'NONE', #6570, 1000.000000000000000 ) ;
#1375 = FACE_OUTER_BOUND ( 'NONE', #6891, .T. ) ;
#1376 = DIRECTION ( 'NONE',  ( -0.000000000000000000, 2.041077998578920060E-17, -1.000000000000000000 ) ) ;
#1377 = ORIENTED_EDGE ( 'NONE', *, *, #3302, .F. ) ;
#1378 = AXIS2_PLACEMENT_3D ( 'NONE', #1552, #7284, #397 ) ;
#1379 = ORIENTED_EDGE ( 'NONE', *, *, #398, .F. ) ;
#1380 = EDGE_CURVE ( 'NONE', #6867, #379, #5170, .T. ) ;
#1381 = ORIENTED_EDGE ( 'NONE', *, *, #6850, .T. ) ;
#1382 = DIRECTION ( 'NONE',  ( 0.000000000000000000, 1.000000000000000000, 0.000000000000000000 ) ) ;
#1383 = ORIENTED_EDGE ( 'NONE', *, *, #3105, .F. ) ;
#1384 = VECTOR ( 'NONE', #4038, 1000.000000000000227 ) ;
#1385 = DIRECTION ( 'NONE',  ( 0.000000000000000000, 0.7071067811865499042, -0.7071067811865451302 ) ) ;
#1386 = CARTESIAN_POINT ( 'NONE',  ( -13.90000000000000213, 5.999999999999989342, 97.07462821482178583 ) ) ;
#1387 = CIRCLE ( 'NONE', #677, 2.000000000000000000 ) ;
#1388 = CARTESIAN_POINT ( 'NONE',  ( -44.91301367067452333, 29.19153413570775513, 63.05744095914225511 ) ) ;
#1389 = LINE ( 'NONE', #2795, #3308 ) ;
#1390 = CARTESIAN_POINT ( 'NONE',  ( -31.39999999999999858, 21.99999999999998579, 10.50000000000000533 ) ) ;
#1391 = CARTESIAN_POINT ( 'NONE',  ( 44.39999999999999147, 14.53581858547019934, 72.45347970082255529 ) ) ;
#1392 = ADVANCED_FACE ( 'NONE', ( #5551 ), #964, .T. ) ;
#1393 = DIRECTION ( 'NONE',  ( 0.7071067811865531239, 0.7071067811865420216, -3.504670666704825731E-16 ) ) ;
#1394 = LINE ( 'NONE', #6500, #477 ) ;
#1395 = EDGE_CURVE ( 'NONE', #4429, #6252, #2268, .T. ) ;
#1396 = ORIENTED_EDGE ( 'NONE', *, *, #127, .T. ) ;
#1397 = VERTEX_POINT ( 'NONE', #2910 ) ;
#1398 = AXIS2_PLACEMENT_3D ( 'NONE', #1168, #5667, #3949 ) ;
#1399 = LINE ( 'NONE', #5409, #794 ) ;
#1400 = LINE ( 'NONE', #2080, #4386 ) ;
#1401 = PLANE ( 'NONE',  #2389 ) ;
#1402 = ORIENTED_EDGE ( 'NONE', *, *, #2842, .F. ) ;
#1403 = ADVANCED_FACE ( 'NONE', ( #1737 ), #2769, .F. ) ;
#1404 = CARTESIAN_POINT ( 'NONE',  ( 38.87160734839237364, 29.58157591876748427, 79.22160734839208374 ) ) ;
#1405 = ADVANCED_FACE ( 'NONE', ( #1143 ), #3468, .T. ) ;
#1406 = DIRECTION ( 'NONE',  ( -1.000000000000000000, -0.000000000000000000, -0.000000000000000000 ) ) ;
#1407 = ORIENTED_EDGE ( 'NONE', *, *, #2085, .T. ) ;
#1408 = VERTEX_POINT ( 'NONE', #4065 ) ;
#1409 = DIRECTION ( 'NONE',  ( -0.000000000000000000, -1.000000000000000000, -0.000000000000000000 ) ) ;
#1410 = FACE_OUTER_BOUND ( 'NONE', #4979, .T. ) ;
#1411 = EDGE_LOOP ( 'NONE', ( #6816, #3683, #4010 ) ) ;
#1412 = ADVANCED_FACE ( 'NONE', ( #5186 ), #1621, .F. ) ;
#1413 = DIRECTION ( 'NONE',  ( 1.000000000000000000, -0.000000000000000000, -0.000000000000000000 ) ) ;
#1414 = DIRECTION ( 'NONE',  ( 0.000000000000000000, -1.000000000000000000, -2.041077998578920060E-17 ) ) ;
#1415 = EDGE_CURVE ( 'NONE', #4504, #6828, #6913, .T. ) ;
#1416 = LINE ( 'NONE', #1010, #5984 ) ;
#1417 = ORIENTED_EDGE ( 'NONE', *, *, #945, .T. ) ;
#1418 = ORIENTED_EDGE ( 'NONE', *, *, #4110, .F. ) ;
#1419 = VECTOR ( 'NONE', #1618, 1000.000000000000000 ) ;
#1420 = ORIENTED_EDGE ( 'NONE', *, *, #7387, .F. ) ;
#1421 = CARTESIAN_POINT ( 'NONE',  ( 43.39999999999998437, 0.000000000000000000, 9.500000000000005329 ) ) ;
#1422 = ORIENTED_EDGE ( 'NONE', *, *, #1862, .F. ) ;
#1423 = CARTESIAN_POINT ( 'NONE',  ( -39.14999999999999858, 21.99999999999998224, 78.49999999999998579 ) ) ;
#1424 = CARTESIAN_POINT ( 'NONE',  ( -32.00000000000000000, 22.99999999999997868, 1.700000000000007061 ) ) ;
#1425 = CIRCLE ( 'NONE', #953, 1.500000000000001332 ) ;
#1426 = CARTESIAN_POINT ( 'NONE',  ( -39.39999999999999858, 29.99999999999998579, 117.0000000000000000 ) ) ;
#1427 = CARTESIAN_POINT ( 'NONE',  ( -38.14999999999999858, 27.99999999999998224, 84.55267969074972711 ) ) ;
#1428 =( BOUNDED_CURVE ( )  B_SPLINE_CURVE ( 3, ( #2689, #4335, #2570, #4855 ),
 .UNSPECIFIED., .F., .F. ) 
 B_SPLINE_CURVE_WITH_KNOTS ( ( 4, 4 ),
 ( 1.570796326794896558, 3.141592653589793116 ),
 .UNSPECIFIED. ) 
 CURVE ( )  GEOMETRIC_REPRESENTATION_ITEM ( )  RATIONAL_B_SPLINE_CURVE ( ( 1.000000000000000000, 0.8047378541243649375, 0.8047378541243649375, 1.000000000000000000 ) ) 
 REPRESENTATION_ITEM ( '' )  );
#1429 = VECTOR ( 'NONE', #5015, 1000.000000000000000 ) ;
#1430 = VECTOR ( 'NONE', #6749, 1000.000000000000000 ) ;
#1431 = CARTESIAN_POINT ( 'NONE',  ( -14.48578643762691520, 1.414213562373083821, 84.39642895246723242 ) ) ;
#1432 = AXIS2_PLACEMENT_3D ( 'NONE', #2973, #5244, #120 ) ;
#1433 = FACE_OUTER_BOUND ( 'NONE', #6739, .T. ) ;
#1434 = CARTESIAN_POINT ( 'NONE',  ( 30.40000000000000213, 29.99999999999998579, 118.5000000000000000 ) ) ;
#1435 = CARTESIAN_POINT ( 'NONE',  ( -43.39999999999999858, 26.99999999999998579, 9.500000000000005329 ) ) ;
#1436 = VECTOR ( 'NONE', #5639, 1000.000000000000000 ) ;
#1437 = CARTESIAN_POINT ( 'NONE',  ( -15.45807562596873019, 0.4419243740312742141, 85.70380963556388565 ) ) ;
#1438 = EDGE_CURVE ( 'NONE', #5272, #4460, #907, .T. ) ;
#1439 = VECTOR ( 'NONE', #3803, 1000.000000000000000 ) ;
#1440 = VERTEX_POINT ( 'NONE', #6350 ) ;
#1441 = EDGE_LOOP ( 'NONE', ( #4094, #2500, #2950, #3758 ) ) ;
#1442 = CARTESIAN_POINT ( 'NONE',  ( -28.40000000000000213, 0.000000000000000000, 0.000000000000000000 ) ) ;
#1443 = DIRECTION ( 'NONE',  ( 1.000000000000000000, -0.000000000000000000, -0.000000000000000000 ) ) ;
#1444 = CARTESIAN_POINT ( 'NONE',  ( 28.40000000000000213, 21.99999999999998224, 0.000000000000000000 ) ) ;
#1445 = VERTEX_POINT ( 'NONE', #1175 ) ;
#1446 = DIRECTION ( 'NONE',  ( 0.000000000000000000, 0.000000000000000000, 1.000000000000000000 ) ) ;
#1447 = CARTESIAN_POINT ( 'NONE',  ( -48.81421356237309084, 11.41421356237307094, 113.1862915010152193 ) ) ;
#1448 = ORIENTED_EDGE ( 'NONE', *, *, #4210, .F. ) ;
#1449 = ADVANCED_FACE ( 'NONE', ( #5600 ), #4595, .T. ) ;
#1450 = ORIENTED_EDGE ( 'NONE', *, *, #2221, .F. ) ;
#1451 = EDGE_CURVE ( 'NONE', #5190, #5820, #4140, .T. ) ;
#1452 = CARTESIAN_POINT ( 'NONE',  ( 43.87576172490214788, 15.76961462412260673, 72.10254636550101282 ) ) ;
#1453 = CARTESIAN_POINT ( 'NONE',  ( -36.91385540582908931, 0.2852813585156209752, 84.41110023203819424 ) ) ;
#1454 = VERTEX_POINT ( 'NONE', #6204 ) ;
#1455 = DIRECTION ( 'NONE',  ( -0.000000000000000000, -0.000000000000000000, 1.000000000000000000 ) ) ;
#1456 = CARTESIAN_POINT ( 'NONE',  ( -43.39999999999999858, 26.99999999999998224, 3.499999999999998668 ) ) ;
#1457 = CARTESIAN_POINT ( 'NONE',  ( -42.59999999999998721, 29.19999999999999929, 0.8000000000000005995 ) ) ;
#1458 = ORIENTED_EDGE ( 'NONE', *, *, #1894, .T. ) ;
#1459 = EDGE_CURVE ( 'NONE', #1942, #4873, #515, .T. ) ;
#1460 = ORIENTED_EDGE ( 'NONE', *, *, #5160, .F. ) ;
#1461 = FACE_OUTER_BOUND ( 'NONE', #5306, .T. ) ;
#1462 = ORIENTED_EDGE ( 'NONE', *, *, #6765, .F. ) ;
#1463 = DIRECTION ( 'NONE',  ( 1.826024711554535885E-16, 1.000000000000000000, 0.000000000000000000 ) ) ;
#1464 = LINE ( 'NONE', #4955, #4720 ) ;
#1465 = DIRECTION ( 'NONE',  ( -0.000000000000000000, 0.000000000000000000, 1.000000000000000000 ) ) ;
#1466 = DIRECTION ( 'NONE',  ( 1.000000000000000000, 0.000000000000000000, 0.000000000000000000 ) ) ;
#1467 = CARTESIAN_POINT ( 'NONE',  ( 29.40000000000000213, 21.99999999999998224, 79.49999999999998579 ) ) ;
#1468 = LINE ( 'NONE', #6647, #431 ) ;
#1469 = DIRECTION ( 'NONE',  ( -1.000000000000000000, 0.000000000000000000, 0.000000000000000000 ) ) ;
#1470 = CARTESIAN_POINT ( 'NONE',  ( 31.39999999999999858, 24.89999999999998082, 3.500000000000001332 ) ) ;
#1471 =( BOUNDED_CURVE ( )  B_SPLINE_CURVE ( 3, ( #1277, #4027, #6276, #5707 ),
 .UNSPECIFIED., .F., .F. ) 
 B_SPLINE_CURVE_WITH_KNOTS ( ( 4, 4 ),
 ( 2.617993877991504181, 3.665191429188094929 ),
 .UNSPECIFIED. ) 
 CURVE ( )  GEOMETRIC_REPRESENTATION_ITEM ( )  RATIONAL_B_SPLINE_CURVE ( ( 1.000000000000000000, 0.9106836025229602116, 0.9106836025229602116, 1.000000000000000000 ) ) 
 REPRESENTATION_ITEM ( '' )  );
#1472 = CARTESIAN_POINT ( 'NONE',  ( 44.50541017019710210, 29.84325347936667328, 63.70916030280158537 ) ) ;
#1473 = EDGE_LOOP ( 'NONE', ( #5483, #6087, #151, #189 ) ) ;
#1474 = FACE_OUTER_BOUND ( 'NONE', #6292, .T. ) ;
#1475 = EDGE_CURVE ( 'NONE', #5207, #1900, #1560, .T. ) ;
#1476 = CARTESIAN_POINT ( 'NONE',  ( 44.39999999999999147, 0.000000000000000000, 0.000000000000000000 ) ) ;
#1477 = DIRECTION ( 'NONE',  ( 0.000000000000000000, 0.000000000000000000, -1.000000000000000000 ) ) ;
#1478 = ORIENTED_EDGE ( 'NONE', *, *, #3936, .T. ) ;
#1479 = CARTESIAN_POINT ( 'NONE',  ( 39.35489236978752814, 29.21997956991471312, 78.90978473957480333 ) ) ;
#1480 = CARTESIAN_POINT ( 'NONE',  ( 48.81421356237309084, 11.41421356237307094, 113.1862915010152193 ) ) ;
#1481 = ORIENTED_EDGE ( 'NONE', *, *, #2329, .F. ) ;
#1482 = AXIS2_PLACEMENT_3D ( 'NONE', #1386, #3685, #793 ) ;
#1483 = ORIENTED_EDGE ( 'NONE', *, *, #6086, .T. ) ;
#1484 = CARTESIAN_POINT ( 'NONE',  ( 43.39999999999999858, 2.999999999999989342, 5.000000000000000000 ) ) ;
#1485 = LINE ( 'NONE', #5610, #1278 ) ;
#1486 = VERTEX_POINT ( 'NONE', #3436 ) ;
#1487 = CARTESIAN_POINT ( 'NONE',  ( 28.40000000000000213, 0.000000000000000000, 0.000000000000000000 ) ) ;
#1488 = DIRECTION ( 'NONE',  ( -1.000000000000000000, -8.673617379884049672E-15, 0.000000000000000000 ) ) ;
#1489 = EDGE_CURVE ( 'NONE', #5036, #2816, #549, .T. ) ;
#1490 = VECTOR ( 'NONE', #2075, 1000.000000000000114 ) ;
#1491 = CARTESIAN_POINT ( 'NONE',  ( 15.90000000000001812, -1.020344087671739105E-14, 85.17685223853631271 ) ) ;
#1492 = ORIENTED_EDGE ( 'NONE', *, *, #4284, .F. ) ;
#1493 = ORIENTED_EDGE ( 'NONE', *, *, #4986, .T. ) ;
#1494 = ORIENTED_EDGE ( 'NONE', *, *, #2843, .T. ) ;
#1495 = CARTESIAN_POINT ( 'NONE',  ( -40.14999999999999858, 29.99999999999998579, 80.49999999999998579 ) ) ;
#1496 = VERTEX_POINT ( 'NONE', #5045 ) ;
#1497 = CARTESIAN_POINT ( 'NONE',  ( 31.19999999999999929, 22.99999999999997868, 1.700000000000007061 ) ) ;
#1498 = DIRECTION ( 'NONE',  ( -1.826024711554535639E-16, 1.000000000000000000, 0.000000000000000000 ) ) ;
#1499 = ADVANCED_FACE ( 'NONE', ( #1108 ), #1701, .F. ) ;
#1500 = LINE ( 'NONE', #7161, #5257 ) ;
#1501 = CARTESIAN_POINT ( 'NONE',  ( -45.40000000000000568, 29.99999999999998579, 78.49999999999998579 ) ) ;
#1502 = EDGE_CURVE ( 'NONE', #7075, #3582, #5151, .T. ) ;
#1503 = FACE_OUTER_BOUND ( 'NONE', #5024, .T. ) ;
#1504 = CARTESIAN_POINT ( 'NONE',  ( 29.40000000000000213, 21.99999999999998224, 79.49999999999998579 ) ) ;
#1505 = DIRECTION ( 'NONE',  ( 0.000000000000000000, -1.000000000000000000, -2.041077998578920060E-17 ) ) ;
#1506 = AXIS2_PLACEMENT_3D ( 'NONE', #4739, #7016, #1878 ) ;
#1507 = DIRECTION ( 'NONE',  ( 0.5773502691896265082, 0.5773502691896235106, 0.5773502691896272854 ) ) ;
#1508 = FACE_OUTER_BOUND ( 'NONE', #4164, .T. ) ;
#1509 = CARTESIAN_POINT ( 'NONE',  ( 48.10710678118653760, 11.47853273387309159, 75.01884713130118598 ) ) ;
#1510 = ORIENTED_EDGE ( 'NONE', *, *, #4563, .F. ) ;
#1511 = CARTESIAN_POINT ( 'NONE',  ( -47.89999999999999858, 29.56066017177980143, 63.42656699521430141 ) ) ;
#1512 = FACE_OUTER_BOUND ( 'NONE', #5835, .T. ) ;
#1513 = CARTESIAN_POINT ( 'NONE',  ( -13.54165043579427774, 17.00000000000000355, 72.70758361767992994 ) ) ;
#1514 = ORIENTED_EDGE ( 'NONE', *, *, #2975, .F. ) ;
#1515 = CARTESIAN_POINT ( 'NONE',  ( -40.14999999999999858, 27.99999999999998224, 118.5000000000000000 ) ) ;
#1516 = EDGE_CURVE ( 'NONE', #5159, #2923, #2483, .T. ) ;
#1517 = ORIENTED_EDGE ( 'NONE', *, *, #1853, .T. ) ;
#1518 = ORIENTED_EDGE ( 'NONE', *, *, #4422, .T. ) ;
#1519 = AXIS2_PLACEMENT_3D ( 'NONE', #1134, #3357, #1025 ) ;
#1520 = CARTESIAN_POINT ( 'NONE',  ( 32.00000000000000000, 4.800000000000000711, 1.700000000000000178 ) ) ;
#1521 = DIRECTION ( 'NONE',  ( -0.000000000000000000, -9.829967624376073786E-17, 1.000000000000000000 ) ) ;
#1522 = ORIENTED_EDGE ( 'NONE', *, *, #6623, .T. ) ;
#1523 = CARTESIAN_POINT ( 'NONE',  ( -30.40000000000000213, 29.99999999999998579, 118.5000000000000000 ) ) ;
#1524 = VECTOR ( 'NONE', #2682, 1000.000000000000000 ) ;
#1525 = CARTESIAN_POINT ( 'NONE',  ( 43.39999999999999858, -1.163414459189985643E-14, 6.000000000000000000 ) ) ;
#1526 = CARTESIAN_POINT ( 'NONE',  ( 16.47024590568923585, -1.015169862804562543E-14, 84.65047971475041777 ) ) ;
#1527 = EDGE_CURVE ( 'NONE', #2917, #2450, #1243, .T. ) ;
#1528 = ORIENTED_EDGE ( 'NONE', *, *, #4160, .T. ) ;
#1529 = ORIENTED_EDGE ( 'NONE', *, *, #1180, .F. ) ;
#1530 = EDGE_CURVE ( 'NONE', #1157, #5272, #2481, .T. ) ;
#1531 = ORIENTED_EDGE ( 'NONE', *, *, #3187, .T. ) ;
#1532 = CARTESIAN_POINT ( 'NONE',  ( 29.22842712474619020, 29.99999999999998224, 83.38110681549591163 ) ) ;
#1533 = ORIENTED_EDGE ( 'NONE', *, *, #2096, .F. ) ;
#1534 = VECTOR ( 'NONE', #702, 1000.000000000000000 ) ;
#1535 = CARTESIAN_POINT ( 'NONE',  ( 31.56670593126604984, 29.19999999999999929, 2.372499999999992504 ) ) ;
#1536 = CYLINDRICAL_SURFACE ( 'NONE', #1301, 0.7999999999999986011 ) ;
#1537 = FACE_OUTER_BOUND ( 'NONE', #741, .T. ) ;
#1538 = SPHERICAL_SURFACE ( 'NONE', #3249, 2.000000000000000000 ) ;
#1539 = CIRCLE ( 'NONE', #1184, 0.7999999999999999334 ) ;
#1540 = ADVANCED_FACE ( 'NONE', ( #6495 ), #4808, .F. ) ;
#1541 = CARTESIAN_POINT ( 'NONE',  ( -42.39999999999998437, 21.99999999999998579, 10.50000000000000533 ) ) ;
#1542 = CARTESIAN_POINT ( 'NONE',  ( -15.90000000000000391, 1.542851905373110677, 83.35587324999067960 ) ) ;
#1543 = CARTESIAN_POINT ( 'NONE',  ( -49.39999999999999858, 9.999999999999994671, 2.500000000000000000 ) ) ;
#1544 = DIRECTION ( 'NONE',  ( -1.000000000000000000, 0.000000000000000000, 0.000000000000000000 ) ) ;
#1545 = AXIS2_PLACEMENT_3D ( 'NONE', #3222, #5495, #6140 ) ;
#1546 = CARTESIAN_POINT ( 'NONE',  ( 45.40000000000000568, 29.99999999999998579, 64.48722716699411706 ) ) ;
#1547 = VECTOR ( 'NONE', #3078, 1000.000000000000114 ) ;
#1548 = VECTOR ( 'NONE', #6062, 1000.000000000000000 ) ;
#1549 = ADVANCED_FACE ( 'NONE', ( #798 ), #2376, .T. ) ;
#1550 = ORIENTED_EDGE ( 'NONE', *, *, #5855, .F. ) ;
#1551 = VECTOR ( 'NONE', #3922, 1000.000000000000000 ) ;
#1552 = CARTESIAN_POINT ( 'NONE',  ( 13.90000000000000213, 1.999999999999999556, 1.965993524875214511E-16 ) ) ;
#1553 = CIRCLE ( 'NONE', #4915, 1.000000000000000888 ) ;
#1554 = EDGE_CURVE ( 'NONE', #4703, #2017, #3089, .T. ) ;
#1555 = DIRECTION ( 'NONE',  ( -0.000000000000000000, 4.956352788505160310E-16, 1.000000000000000000 ) ) ;
#1556 = CARTESIAN_POINT ( 'NONE',  ( -15.40000000005900382, 17.00000000000000000, 74.16979592319363235 ) ) ;
#1557 = ORIENTED_EDGE ( 'NONE', *, *, #2831, .F. ) ;
#1558 = DIRECTION ( 'NONE',  ( 6.842277657836020854E-49, -2.041077998578920060E-17, 1.000000000000000000 ) ) ;
#1559 = AXIS2_PLACEMENT_3D ( 'NONE', #6191, #6750, #1610 ) ;
#1560 = CIRCLE ( 'NONE', #2539, 8.499999999999992895 ) ;
#1561 = ORIENTED_EDGE ( 'NONE', *, *, #2782, .F. ) ;
#1562 = ORIENTED_EDGE ( 'NONE', *, *, #2740, .F. ) ;
#1563 = FACE_OUTER_BOUND ( 'NONE', #3390, .T. ) ;
#1564 = DIRECTION ( 'NONE',  ( -1.000000000000000000, 0.000000000000000000, 0.000000000000000000 ) ) ;
#1565 = VERTEX_POINT ( 'NONE', #5326 ) ;
#1566 = CARTESIAN_POINT ( 'NONE',  ( -48.40000440956465866, 12.12018930229863045, 74.48043334139285321 ) ) ;
#1567 = DIRECTION ( 'NONE',  ( 0.000000000000000000, -0.7660444431189792347, 0.6427876096865379196 ) ) ;
#1568 = ORIENTED_EDGE ( 'NONE', *, *, #4708, .F. ) ;
#1569 = VERTEX_POINT ( 'NONE', #1353 ) ;
#1570 = ORIENTED_EDGE ( 'NONE', *, *, #3442, .T. ) ;
#1571 = EDGE_CURVE ( 'NONE', #2316, #7357, #4883, .T. ) ;
#1572 = CYLINDRICAL_SURFACE ( 'NONE', #830, 9.999999999999994671 ) ;
#1573 = ORIENTED_EDGE ( 'NONE', *, *, #6251, .F. ) ;
#1574 = DIRECTION ( 'NONE',  ( -1.000000000000000000, 0.000000000000000000, 0.000000000000000000 ) ) ;
#1575 = CARTESIAN_POINT ( 'NONE',  ( 49.39999999999999858, -17.99361358349709761, 17.99361358349713313 ) ) ;
#1576 = FACE_OUTER_BOUND ( 'NONE', #1883, .T. ) ;
#1577 = AXIS2_PLACEMENT_3D ( 'NONE', #3242, #3163, #3769 ) ;
#1578 = DIRECTION ( 'NONE',  ( 0.000000000000000000, 0.000000000000000000, 1.000000000000000000 ) ) ;
#1579 = CYLINDRICAL_SURFACE ( 'NONE', #1577, 1.500000000000001332 ) ;
#1580 = ADVANCED_FACE ( 'NONE', ( #7086 ), #5719, .T. ) ;
#1581 = ORIENTED_EDGE ( 'NONE', *, *, #6765, .T. ) ;
#1582 = CARTESIAN_POINT ( 'NONE',  ( -38.14999999999999858, 27.99999999999998224, 82.55267969074972711 ) ) ;
#1583 = DIRECTION ( 'NONE',  ( -0.000000000000000000, -1.000000000000000000, -0.000000000000000000 ) ) ;
#1584 = DIRECTION ( 'NONE',  ( 0.000000000000000000, 0.7071067811865463515, -0.7071067811865487940 ) ) ;
#1585 = DIRECTION ( 'NONE',  ( 0.000000000000000000, 1.000000000000000000, 0.000000000000000000 ) ) ;
#1586 = CARTESIAN_POINT ( 'NONE',  ( 45.40000000000000568, 29.56066017177980498, 63.42656699521430141 ) ) ;
#1587 = EDGE_CURVE ( 'NONE', #571, #2460, #4243, .T. ) ;
#1588 = ADVANCED_FACE ( 'NONE', ( #198 ), #5362, .T. ) ;
#1589 = CARTESIAN_POINT ( 'NONE',  ( -38.81421356237306242, 1.414213562373084931, 116.4999999999999858 ) ) ;
#1590 = DIRECTION ( 'NONE',  ( 0.000000000000000000, -1.000000000000000000, 0.000000000000000000 ) ) ;
#1591 = CYLINDRICAL_SURFACE ( 'NONE', #117, 1.500000000000001332 ) ;
#1592 = PRODUCT_DEFINITION_CONTEXT ( 'detailed design', #2224, 'design' ) ;
#1593 = ORIENTED_EDGE ( 'NONE', *, *, #2076, .F. ) ;
#1594 = DIRECTION ( 'NONE',  ( -0.000000000000000000, 0.7071067811865474617, -0.7071067811865475727 ) ) ;
#1595 = EDGE_CURVE ( 'NONE', #1228, #7370, #654, .T. ) ;
#1596 = ORIENTED_EDGE ( 'NONE', *, *, #3420, .F. ) ;
#1597 = EDGE_LOOP ( 'NONE', ( #961, #5450, #6365, #4903, #2651, #1333 ) ) ;
#1598 = CARTESIAN_POINT ( 'NONE',  ( 31.19999999999999574, 3.200000000000000178, 0.7999999999999951594 ) ) ;
#1599 = PLANE ( 'NONE',  #688 ) ;
#1600 = EDGE_LOOP ( 'NONE', ( #2430, #5374, #6622, #3439 ) ) ;
#1601 = CARTESIAN_POINT ( 'NONE',  ( -29.22842712474619020, 29.99999999999998224, 89.32842712474618452 ) ) ;
#1602 = ORIENTED_EDGE ( 'NONE', *, *, #3666, .T. ) ;
#1603 = ORIENTED_EDGE ( 'NONE', *, *, #1998, .T. ) ;
#1604 = ORIENTED_EDGE ( 'NONE', *, *, #7211, .T. ) ;
#1605 = CIRCLE ( 'NONE', #6394, 1.499999999999999556 ) ;
#1606 = PLANE ( 'NONE',  #5143 ) ;
#1607 = LINE ( 'NONE', #3903, #2978 ) ;
#1608 = CARTESIAN_POINT ( 'NONE',  ( 49.39999999999999858, 1.000000000000000888, 2.465544075527129460E-16 ) ) ;
#1609 = CARTESIAN_POINT ( 'NONE',  ( 49.39999999999999858, 11.99999999999999467, 1.179596114925128411E-15 ) ) ;
#1610 = DIRECTION ( 'NONE',  ( 0.000000000000000000, 0.000000000000000000, -1.000000000000000000 ) ) ;
#1611 = VERTEX_POINT ( 'NONE', #1319 ) ;
#1612 = ADVANCED_FACE ( 'NONE', ( #4103 ), #91, .T. ) ;
#1613 = ORIENTED_EDGE ( 'NONE', *, *, #7230, .T. ) ;
#1614 = FACE_OUTER_BOUND ( 'NONE', #2175, .T. ) ;
#1615 = SPHERICAL_SURFACE ( 'NONE', #6426, 0.8000000000000000444 ) ;
#1616 = DIRECTION ( 'NONE',  ( 0.000000000000000000, 0.000000000000000000, -1.000000000000000000 ) ) ;
#1617 = VECTOR ( 'NONE', #5923, 1000.000000000000000 ) ;
#1618 = DIRECTION ( 'NONE',  ( 0.000000000000000000, 1.000000000000000000, -0.000000000000000000 ) ) ;
#1619 = FACE_OUTER_BOUND ( 'NONE', #2091, .T. ) ;
#1620 = CIRCLE ( 'NONE', #6534, 0.8000000000000020428 ) ;
#1621 = PLANE ( 'NONE',  #3600 ) ;
#1622 = ADVANCED_FACE ( 'NONE', ( #5252 ), #6416, .T. ) ;
#1623 = CARTESIAN_POINT ( 'NONE',  ( -43.39999999999999858, 16.26195663599612473, 72.31048518859743979 ) ) ;
#1624 = DIRECTION ( 'NONE',  ( -0.000000000000000000, -0.9203309184584744784, 0.3911406403448520197 ) ) ;
#1625 = ORIENTED_EDGE ( 'NONE', *, *, #5927, .F. ) ;
#1626 = LINE ( 'NONE', #2808, #5013 ) ;
#1627 = AXIS2_PLACEMENT_3D ( 'NONE', #4528, #4640, #5758 ) ;
#1628 = CIRCLE ( 'NONE', #4510, 1.999999999999998890 ) ;
#1629 = ORIENTED_EDGE ( 'NONE', *, *, #3938, .T. ) ;
#1630 = ORIENTED_EDGE ( 'NONE', *, *, #6623, .F. ) ;
#1631 = PRODUCT ( 'badge_case_final', 'badge_case_final', '', ( #1202 ) ) ;
#1632 = EDGE_CURVE ( 'NONE', #5125, #443, #6430, .T. ) ;
#1633 = CARTESIAN_POINT ( 'NONE',  ( -13.90000000000000213, 27.99999999999998224, 90.49999999999998579 ) ) ;
#1634 = LINE ( 'NONE', #2090, #3952 ) ;
#1635 = ORIENTED_EDGE ( 'NONE', *, *, #3093, .F. ) ;
#1636 = EDGE_CURVE ( 'NONE', #852, #2163, #6680, .T. ) ;
#1637 = CARTESIAN_POINT ( 'NONE',  ( 29.40000000000000213, 22.99999999999998224, 79.49999999999998579 ) ) ;
#1638 = VECTOR ( 'NONE', #1521, 1000.000000000000000 ) ;
#1639 = ORIENTED_EDGE ( 'NONE', *, *, #1896, .F. ) ;
#1640 = ORIENTED_EDGE ( 'NONE', *, *, #2405, .T. ) ;
#1641 = ADVANCED_FACE ( 'NONE', ( #763 ), #3053, .T. ) ;
#1642 = AXIS2_PLACEMENT_3D ( 'NONE', #3845, #3165, #4843 ) ;
#1643 = ORIENTED_EDGE ( 'NONE', *, *, #2221, .T. ) ;
#1644 = CARTESIAN_POINT ( 'NONE',  ( -38.14999999999999858, 27.99999999999998224, 79.49999999999998579 ) ) ;
#1645 = CARTESIAN_POINT ( 'NONE',  ( 43.39999999999999858, 16.26195663599612473, 72.31048518859743979 ) ) ;
#1646 = DIRECTION ( 'NONE',  ( -0.000000000000000000, 1.000000000000000000, -0.000000000000000000 ) ) ;
#1647 = DIRECTION ( 'NONE',  ( 0.000000000000000000, 0.7071067811865482389, 0.7071067811865467956 ) ) ;
#1648 = DIRECTION ( 'NONE',  ( 0.000000000000000000, -4.956352788505160310E-16, -1.000000000000000000 ) ) ;
#1649 = ORIENTED_EDGE ( 'NONE', *, *, #3153, .T. ) ;
#1650 = ORIENTED_EDGE ( 'NONE', *, *, #174, .F. ) ;
#1651 = CARTESIAN_POINT ( 'NONE',  ( 39.39999999999999858, -1.387778780781445676E-14, 118.5000000000000000 ) ) ;
#1652 = DIRECTION ( 'NONE',  ( 0.000000000000000000, 2.041077998578920060E-17, -1.000000000000000000 ) ) ;
#1653 = AXIS2_PLACEMENT_3D ( 'NONE', #5268, #3418, #9 ) ;
#1654 = CARTESIAN_POINT ( 'NONE',  ( -42.59999999999998721, 29.19999999999999929, 5.959947755850446638E-16 ) ) ;
#1655 = LINE ( 'NONE', #1210, #1294 ) ;
#1656 = DIRECTION ( 'NONE',  ( 0.000000000000000000, 0.000000000000000000, -1.000000000000000000 ) ) ;
#1657 = VECTOR ( 'NONE', #1323, 1000.000000000000114 ) ;
#1658 = FACE_OUTER_BOUND ( 'NONE', #3587, .T. ) ;
#1659 = CARTESIAN_POINT ( 'NONE',  ( -28.40000000000000213, 22.99999999999998224, 79.49999999999998579 ) ) ;
#1660 = DIRECTION ( 'NONE',  ( -0.6771883944108791908, 0.6771883944108896269, -0.2878050676246283190 ) ) ;
#1661 = LINE ( 'NONE', #3961, #4315 ) ;
#1662 = AXIS2_PLACEMENT_3D ( 'NONE', #4956, #3238, #3874 ) ;
#1663 = ORIENTED_EDGE ( 'NONE', *, *, #955, .F. ) ;
#1664 = EDGE_CURVE ( 'NONE', #5760, #3261, #2561, .T. ) ;
#1665 = LINE ( 'NONE', #365, #2864 ) ;
#1666 = AXIS2_PLACEMENT_3D ( 'NONE', #300, #2709, #4319 ) ;
#1667 =( BOUNDED_SURFACE ( )  B_SPLINE_SURFACE ( 3, 2, ( 
 ( #1586, #3881, #1546 ),
 ( #914, #5597, #3207 ),
 ( #2649, #6084, #5521 ),
 ( #2154, #2190, #4475 ),
 ( #6617, #1472, #6201 ),
 ( #1063, #4929, #3850 ),
 ( #3362, #5637, #7210 ),
 ( #6125, #992, #512 ),
 ( #2077, #2800, #4331 ),
 ( #3285, #3774, #4365 ) ),
 .UNSPECIFIED., .F., .F., .F. ) 
 B_SPLINE_SURFACE_WITH_KNOTS ( ( 4, 2, 2, 2, 4 ),
 ( 3, 3 ),
 ( 3.141592653589793116, 3.534291735288517255, 3.926990816987241395, 4.319689898685965090, 4.712388980384689674 ),
 ( 0.000000000000000000, 1.000000000000000000 ),
 .UNSPECIFIED. ) 
 GEOMETRIC_REPRESENTATION_ITEM ( )  RATIONAL_B_SPLINE_SURFACE ( (
 ( 1.000000000000000000, 0.9238795325112870716, 1.000000000000000000),
 ( 1.000000000000000000, 0.9238886125146087425, 1.000000000000000000),
 ( 1.000000000000000000, 0.9189375384702038740, 1.000000000000000000),
 ( 1.000000000000000000, 0.8994581733803233003, 1.000000000000000000),
 ( 1.000000000000000000, 0.8849191436630532426, 1.000000000000000000),
 ( 1.000000000000000000, 0.8471316639058242837, 1.000000000000000000),
 ( 1.000000000000000000, 0.8238783926675254943, 1.000000000000000000),
 ( 1.000000000000000000, 0.7702345582070972974, 1.000000000000000000),
 ( 1.000000000000000000, 0.7398497489251223413, 1.000000000000000000),
 ( 1.000000000000000000, 0.7071067811865475727, 1.000000000000000000) ) ) 
 REPRESENTATION_ITEM ( '' )  SURFACE ( )  );
#1668 = VECTOR ( 'NONE', #7224, 1000.000000000000000 ) ;
#1669 = VECTOR ( 'NONE', #2401, 1000.000000000000114 ) ;
#1670 = ORIENTED_EDGE ( 'NONE', *, *, #3980, .T. ) ;
#1671 = ORIENTED_EDGE ( 'NONE', *, *, #5102, .T. ) ;
#1672 = AXIS2_PLACEMENT_3D ( 'NONE', #4927, #467, #4282 ) ;
#1673 = CARTESIAN_POINT ( 'NONE',  ( 32.00000000000000000, 30.00000000000000000, 2.500000000000000000 ) ) ;
#1674 = CARTESIAN_POINT ( 'NONE',  ( -49.39999999999999858, 28.49999999999998224, 118.5000000000000000 ) ) ;
#1675 = VERTEX_POINT ( 'NONE', #1542 ) ;
#1676 = VECTOR ( 'NONE', #5943, 1000.000000000000114 ) ;
#1677 = CARTESIAN_POINT ( 'NONE',  ( 49.17869564058743492, 11.77869564058453022, 110.9126150999498606 ) ) ;
#1678 = VECTOR ( 'NONE', #2803, 1000.000000000000000 ) ;
#1679 = EDGE_CURVE ( 'NONE', #680, #6171, #5517, .T. ) ;
#1680 = ORIENTED_EDGE ( 'NONE', *, *, #4158, .T. ) ;
#1681 = EDGE_CURVE ( 'NONE', #2891, #5509, #7023, .T. ) ;
#1682 = ORIENTED_EDGE ( 'NONE', *, *, #2512, .F. ) ;
#1683 = CIRCLE ( 'NONE', #5750, 1.499999999999999556 ) ;
#1684 = ORIENTED_EDGE ( 'NONE', *, *, #6635, .F. ) ;
#1685 = CARTESIAN_POINT ( 'NONE',  ( -39.75256135753473075, 29.97379281257655848, 80.10256135753529350 ) ) ;
#1686 = CARTESIAN_POINT ( 'NONE',  ( 49.39999999999999858, -1.055039092276781046E-14, 84.65047971475041777 ) ) ;
#1687 = CARTESIAN_POINT ( 'NONE',  ( 28.40000000000000213, 22.99999999999998224, 87.40000000000000568 ) ) ;
#1688 = LINE ( 'NONE', #3944, #4545 ) ;
#1689 = EDGE_CURVE ( 'NONE', #6669, #4711, #947, .T. ) ;
#1690 = ORIENTED_EDGE ( 'NONE', *, *, #2105, .T. ) ;
#1691 = EDGE_CURVE ( 'NONE', #6171, #6821, #7167, .T. ) ;
#1692 = ORIENTED_EDGE ( 'NONE', *, *, #6355, .F. ) ;
#1693 = DIRECTION ( 'NONE',  ( 1.000000000000000000, 0.000000000000000000, 0.000000000000000000 ) ) ;
#1694 = CARTESIAN_POINT ( 'NONE',  ( -40.14999999999999858, 29.99999999999998579, 84.55267969074972711 ) ) ;
#1695 = DIRECTION ( 'NONE',  ( -1.826024711554535885E-16, -1.000000000000000000, -2.041077998578920060E-17 ) ) ;
#1696 = AXIS2_PLACEMENT_3D ( 'NONE', #6801, #583, #3960 ) ;
#1697 = CARTESIAN_POINT ( 'NONE',  ( 49.33603315458948657, 12.30986126991284024, 75.40912274388948333 ) ) ;
#1698 = CARTESIAN_POINT ( 'NONE',  ( -44.68190161340998401, 29.90250000164910560, 63.76840682508336755 ) ) ;
#1699 = CARTESIAN_POINT ( 'NONE',  ( -43.39999999999999858, 29.19999999999999929, 2.500000000000000000 ) ) ;
#1700 = CARTESIAN_POINT ( 'NONE',  ( 47.39999999999999858, -0.5000000000000006661, 1.499999999999999112 ) ) ;
#1701 = PLANE ( 'NONE',  #7384 ) ;
#1702 = DIRECTION ( 'NONE',  ( 0.000000000000000000, 0.000000000000000000, 1.000000000000000000 ) ) ;
#1703 = CARTESIAN_POINT ( 'NONE',  ( -15.76909888380544444, 14.53581858542808192, 72.45347970085788347 ) ) ;
#1704 = ORIENTED_EDGE ( 'NONE', *, *, #3709, .T. ) ;
#1705 = CARTESIAN_POINT ( 'NONE',  ( 43.39999999999999858, 1.999999999999989120, 6.000000000000000000 ) ) ;
#1706 = DIRECTION ( 'NONE',  ( -1.000000000000000000, 0.000000000000000000, 0.000000000000000000 ) ) ;
#1707 = ORIENTED_EDGE ( 'NONE', *, *, #6303, .T. ) ;
#1708 = ADVANCED_FACE ( 'NONE', ( #837 ), #3734, .T. ) ;
#1709 = VERTEX_POINT ( 'NONE', #7125 ) ;
#1710 = DIRECTION ( 'NONE',  ( -1.000000000000000000, 0.000000000000000000, 0.000000000000000000 ) ) ;
#1711 = CARTESIAN_POINT ( 'NONE',  ( 13.89999999999999680, 1.999999999999994893, 100.0746282148217858 ) ) ;
#1712 = ORIENTED_EDGE ( 'NONE', *, *, #6251, .T. ) ;
#1713 =( BOUNDED_CURVE ( )  B_SPLINE_CURVE ( 3, ( #5634, #52, #542, #3462 ),
 .UNSPECIFIED., .F., .F. ) 
 B_SPLINE_CURVE_WITH_KNOTS ( ( 4, 4 ),
 ( 0.000000000000000000, 1.570796326794896114 ),
 .UNSPECIFIED. ) 
 CURVE ( )  GEOMETRIC_REPRESENTATION_ITEM ( )  RATIONAL_B_SPLINE_CURVE ( ( 1.000000000000000000, 0.8047378541243650485, 0.8047378541243650485, 1.000000000000000000 ) ) 
 REPRESENTATION_ITEM ( '' )  );
#1714 = CARTESIAN_POINT ( 'NONE',  ( 42.01747884528871424, 6.922410200980182893, 118.2397267659806914 ) ) ;
#1715 = ORIENTED_EDGE ( 'NONE', *, *, #195, .T. ) ;
#1716 = ORIENTED_EDGE ( 'NONE', *, *, #796, .T. ) ;
#1717 = EDGE_LOOP ( 'NONE', ( #2323, #4718, #6477, #4076 ) ) ;
#1718 = EDGE_CURVE ( 'NONE', #3603, #1979, #3692, .T. ) ;
#1719 = FACE_OUTER_BOUND ( 'NONE', #425, .T. ) ;
#1720 = FACE_OUTER_BOUND ( 'NONE', #7219, .T. ) ;
#1721 = CARTESIAN_POINT ( 'NONE',  ( -49.38710796702343941, 12.56663169151499559, 75.30139476085771832 ) ) ;
#1722 = EDGE_CURVE ( 'NONE', #6551, #395, #2109, .T. ) ;
#1723 = DIRECTION ( 'NONE',  ( 0.000000000000000000, -4.956352788505160310E-16, -1.000000000000000000 ) ) ;
#1724 = LINE ( 'NONE', #1758, #610 ) ;
#1725 = VERTEX_POINT ( 'NONE', #988 ) ;
#1726 = ORIENTED_EDGE ( 'NONE', *, *, #6221, .T. ) ;
#1727 = AXIS2_PLACEMENT_3D ( 'NONE', #6824, #6297, #3979 ) ;
#1728 = CARTESIAN_POINT ( 'NONE',  ( 0.000000000000000000, 0.4999999999999897304, 96.07462821482180004 ) ) ;
#1729 = CARTESIAN_POINT ( 'NONE',  ( -23.90000000000000568, -1.289479104537684876E-14, 108.5000000000000000 ) ) ;
#1730 = EDGE_CURVE ( 'NONE', #2514, #322, #1991, .T. ) ;
#1731 = FACE_OUTER_BOUND ( 'NONE', #7293, .T. ) ;
#1732 = CARTESIAN_POINT ( 'NONE',  ( -49.39999999999999858, 12.82842712474617208, 114.3578643762690206 ) ) ;
#1733 = EDGE_CURVE ( 'NONE', #2734, #7143, #7113, .T. ) ;
#1734 = ADVANCED_FACE ( 'NONE', ( #3771 ), #6044, .T. ) ;
#1735 = FACE_OUTER_BOUND ( 'NONE', #1829, .T. ) ;
#1736 = CYLINDRICAL_SURFACE ( 'NONE', #1901, 0.7999999999999999334 ) ;
#1737 = FACE_OUTER_BOUND ( 'NONE', #203, .T. ) ;
#1738 = CARTESIAN_POINT ( 'NONE',  ( 13.90000000000000213, 27.99999999999998224, 90.49999999999998579 ) ) ;
#1739 = CYLINDRICAL_SURFACE ( 'NONE', #602, 2.000000000000001776 ) ;
#1740 = DIRECTION ( 'NONE',  ( -1.000000000000000000, -0.000000000000000000, -0.000000000000000000 ) ) ;
#1741 = PRODUCT_DEFINITION ( 'UNKNOWN', '', #373, #1592 ) ;
#1742 = EDGE_LOOP ( 'NONE', ( #5934, #3312, #5282, #5832, #4040, #4565, #1716, #27, #6021, #4288 ) ) ;
#1743 = ORIENTED_EDGE ( 'NONE', *, *, #4071, .T. ) ;
#1744 = FACE_OUTER_BOUND ( 'NONE', #5010, .T. ) ;
#1745 = DIRECTION ( 'NONE',  ( -1.000000000000000000, 0.000000000000000000, 0.000000000000000000 ) ) ;
#1746 = VERTEX_POINT ( 'NONE', #6080 ) ;
#1747 = AXIS2_PLACEMENT_3D ( 'NONE', #3511, #1252, #3548 ) ;
#1748 = VECTOR ( 'NONE', #880, 1000.000000000000000 ) ;
#1749 = EDGE_CURVE ( 'NONE', #6628, #1796, #910, .T. ) ;
#1750 = CARTESIAN_POINT ( 'NONE',  ( 47.70740244002989527, 10.30740244002010009, 114.2139547455700779 ) ) ;
#1751 = EDGE_LOOP ( 'NONE', ( #5657, #5054, #7258, #5101 ) ) ;
#1752 = ORIENTED_EDGE ( 'NONE', *, *, #1415, .T. ) ;
#1753 = ORIENTED_EDGE ( 'NONE', *, *, #3151, .T. ) ;
#1754 = CARTESIAN_POINT ( 'NONE',  ( 49.39999999999999147, 12.74117919513431119, 75.22816338790275381 ) ) ;
#1755 = DIRECTION ( 'NONE',  ( -1.000000000000000000, 0.000000000000000000, 0.000000000000000000 ) ) ;
#1756 = EDGE_CURVE ( 'NONE', #3280, #7064, #4495, .T. ) ;
#1757 = CARTESIAN_POINT ( 'NONE',  ( -47.39999999999999858, 1.000000000000000444, 2.000000000000000000 ) ) ;
#1758 = CARTESIAN_POINT ( 'NONE',  ( 38.14999999999999858, 25.99999999999998224, 3.499999999999999556 ) ) ;
#1759 = ORIENTED_EDGE ( 'NONE', *, *, #6065, .T. ) ;
#1760 = ORIENTED_EDGE ( 'NONE', *, *, #2750, .F. ) ;
#1761 = VECTOR ( 'NONE', #3282, 1000.000000000000000 ) ;
#1762 = CARTESIAN_POINT ( 'NONE',  ( 28.40000000000000213, 27.99999999999998224, 84.55267969074972711 ) ) ;
#1763 = VECTOR ( 'NONE', #4472, 1000.000000000000000 ) ;
#1764 = DIRECTION ( 'NONE',  ( 1.000000000000000000, -0.000000000000000000, -0.000000000000000000 ) ) ;
#1765 = FACE_OUTER_BOUND ( 'NONE', #418, .T. ) ;
#1766 = CARTESIAN_POINT ( 'NONE',  ( 48.99021484454121378, 11.60844693241710068, 75.70340099983707205 ) ) ;
#1767 = CARTESIAN_POINT ( 'NONE',  ( 43.39999999999999858, 4.499999999999995559, 40.48722716699418100 ) ) ;
#1768 = EDGE_CURVE ( 'NONE', #2862, #5944, #5966, .T. ) ;
#1769 = EDGE_CURVE ( 'NONE', #860, #6521, #6916, .T. ) ;
#1770 = CARTESIAN_POINT ( 'NONE',  ( -48.60599497481099718, 11.20599497481098084, 110.5939830770742986 ) ) ;
#1771 = CARTESIAN_POINT ( 'NONE',  ( 48.37386825898291676, 11.92378355704911819, 74.64523732979282045 ) ) ;
#1772 = CARTESIAN_POINT ( 'NONE',  ( -14.73857857983485431, 17.00000000000000000, 70.68006527175016629 ) ) ;
#1773 = SPHERICAL_SURFACE ( 'NONE', #2385, 0.8000000000000000444 ) ;
#1774 = AXIS2_PLACEMENT_3D ( 'NONE', #2748, #5027, #1984 ) ;
#1775 = ADVANCED_FACE ( 'NONE', ( #7207 ), #2073, .T. ) ;
#1776 = VERTEX_POINT ( 'NONE', #5702 ) ;
#1777 = ORIENTED_EDGE ( 'NONE', *, *, #1351, .T. ) ;
#1778 = VECTOR ( 'NONE', #243, 1000.000000000000000 ) ;
#1779 = CARTESIAN_POINT ( 'NONE',  ( 48.39999999999999858, 0.000000000000000000, 0.000000000000000000 ) ) ;
#1780 = LINE ( 'NONE', #1674, #7049 ) ;
#1781 = ORIENTED_EDGE ( 'NONE', *, *, #502, .T. ) ;
#1782 = AXIS2_PLACEMENT_3D ( 'NONE', #375, #2666, #2058 ) ;
#1783 = VECTOR ( 'NONE', #2319, 1000.000000000000000 ) ;
#1784 = CARTESIAN_POINT ( 'NONE',  ( -31.69679299750335844, 29.00278695221647851, 2.456315545307988568 ) ) ;
#1785 = ORIENTED_EDGE ( 'NONE', *, *, #1733, .T. ) ;
#1786 = ORIENTED_EDGE ( 'NONE', *, *, #805, .T. ) ;
#1787 = AXIS2_PLACEMENT_3D ( 'NONE', #3090, #1951, #240 ) ;
#1788 = VECTOR ( 'NONE', #1803, 1000.000000000000000 ) ;
#1789 = ORIENTED_EDGE ( 'NONE', *, *, #3807, .T. ) ;
#1790 = CARTESIAN_POINT ( 'NONE',  ( -28.40000000000000213, 22.99999999999998224, 87.40000000000000568 ) ) ;
#1791 = DIRECTION ( 'NONE',  ( 0.000000000000000000, 0.000000000000000000, -1.000000000000000000 ) ) ;
#1792 = AXIS2_PLACEMENT_3D ( 'NONE', #6838, #993, #581 ) ;
#1793 = LINE ( 'NONE', #2297, #3113 ) ;
#1794 = CARTESIAN_POINT ( 'NONE',  ( 31.56670593126604984, 29.19999999999999929, 2.372499999999992504 ) ) ;
#1795 = VECTOR ( 'NONE', #3239, 999.9999999999998863 ) ;
#1796 = VERTEX_POINT ( 'NONE', #5071 ) ;
#1797 = ORIENTED_EDGE ( 'NONE', *, *, #215, .F. ) ;
#1798 = EDGE_CURVE ( 'NONE', #3169, #2816, #6795, .T. ) ;
#1799 = LINE ( 'NONE', #3674, #5003 ) ;
#1800 = CARTESIAN_POINT ( 'NONE',  ( 15.64942464802307498, 17.00000000000000000, 73.68881317552569499 ) ) ;
#1801 = CARTESIAN_POINT ( 'NONE',  ( 49.39999999999999858, 9.999999999999994671, 2.041077998578919136E-16 ) ) ;
#1802 = DIRECTION ( 'NONE',  ( -1.000000000000000000, -0.000000000000000000, -0.000000000000000000 ) ) ;
#1803 = DIRECTION ( 'NONE',  ( 0.000000000000000000, -1.000000000000000000, 0.000000000000000000 ) ) ;
#1804 = CARTESIAN_POINT ( 'NONE',  ( -42.90819663860522581, 5.508196638605230788, 116.2917814127781071 ) ) ;
#1805 = DIRECTION ( 'NONE',  ( 0.000000000000000000, 0.000000000000000000, -1.000000000000000000 ) ) ;
#1806 = DIRECTION ( 'NONE',  ( -1.000000000000000000, 0.000000000000000000, 0.000000000000000000 ) ) ;
#1807 = ADVANCED_FACE ( 'NONE', ( #575 ), #1101, .T. ) ;
#1808 = CARTESIAN_POINT ( 'NONE',  ( -49.38710796702343941, 12.56663169151499559, 75.30139476085771832 ) ) ;
#1809 = CARTESIAN_POINT ( 'NONE',  ( -14.52132034355964763, 17.00000000000000000, 88.49999999999997158 ) ) ;
#1810 = ADVANCED_FACE ( 'NONE', ( #4508 ), #1615, .T. ) ;
#1811 = ORIENTED_EDGE ( 'NONE', *, *, #411, .F. ) ;
#1812 = ORIENTED_EDGE ( 'NONE', *, *, #317, .F. ) ;
#1813 = CARTESIAN_POINT ( 'NONE',  ( -15.40000000000001457, 0.4999999999999880651, 100.0746282148217858 ) ) ;
#1814 = FACE_OUTER_BOUND ( 'NONE', #2245, .T. ) ;
#1815 = LINE ( 'NONE', #1116, #2638 ) ;
#1816 = ORIENTED_EDGE ( 'NONE', *, *, #3785, .T. ) ;
#1817 = EDGE_CURVE ( 'NONE', #2992, #2174, #4156, .T. ) ;
#1818 = EDGE_CURVE ( 'NONE', #2420, #3425, #5740, .T. ) ;
#1819 = DIRECTION ( 'NONE',  ( 0.000000000000000000, 4.956352788505160310E-16, 1.000000000000000000 ) ) ;
#1820 = ORIENTED_EDGE ( 'NONE', *, *, #533, .T. ) ;
#1821 = ORIENTED_EDGE ( 'NONE', *, *, #1029, .F. ) ;
#1822 = ORIENTED_EDGE ( 'NONE', *, *, #3826, .T. ) ;
#1823 = CARTESIAN_POINT ( 'NONE',  ( -49.39999999999999858, 1.000000000000000888, 2.465544075527129460E-16 ) ) ;
#1824 = DIRECTION ( 'NONE',  ( -1.000000000000000000, 0.000000000000000000, 0.000000000000000000 ) ) ;
#1825 = DIRECTION ( 'NONE',  ( -0.6785983445458475538, 0.6785983445458475538, -0.2810846377148177866 ) ) ;
#1826 = APPLICATION_CONTEXT ( 'automotive_design' ) ;
#1827 = ORIENTED_EDGE ( 'NONE', *, *, #4023, .F. ) ;
#1828 = ORIENTED_EDGE ( 'NONE', *, *, #5559, .T. ) ;
#1829 = EDGE_LOOP ( 'NONE', ( #5019, #7378, #2407, #2899 ) ) ;
#1830 = CARTESIAN_POINT ( 'NONE',  ( -38.14999999999999858, 22.99999999999998224, 79.49999999999998579 ) ) ;
#1831 = DIRECTION ( 'NONE',  ( -0.000000000000000000, -0.000000000000000000, 1.000000000000000000 ) ) ;
#1832 = CARTESIAN_POINT ( 'NONE',  ( -47.89999999999999858, 9.999999999999994671, 2.500000000000000000 ) ) ;
#1833 = ADVANCED_FACE ( 'NONE', ( #6238 ), #7345, .F. ) ;
#1834 = DIRECTION ( 'NONE',  ( 0.5773502691896265082, -0.5773502691896235106, -0.5773502691896272854 ) ) ;
#1835 = CARTESIAN_POINT ( 'NONE',  ( -47.70740244002989527, 10.30740244002010009, 114.2139547455700779 ) ) ;
#1836 = CARTESIAN_POINT ( 'NONE',  ( 15.90000000000000391, 2.828427124746182741, 100.0746282148217858 ) ) ;
#1837 = DIRECTION ( 'NONE',  ( -0.000000000000000000, -0.000000000000000000, -1.000000000000000000 ) ) ;
#1838 = CARTESIAN_POINT ( 'NONE',  ( -15.90000000000001812, -1.020344087671739105E-14, 85.17685223853631271 ) ) ;
#1839 = AXIS2_PLACEMENT_3D ( 'NONE', #6793, #617, #3463 ) ;
#1840 = DIRECTION ( 'NONE',  ( 0.000000000000000000, 1.000000000000000000, 0.000000000000000000 ) ) ;
#1841 = EDGE_CURVE ( 'NONE', #7143, #4050, #2863, .T. ) ;
#1842 = ORIENTED_EDGE ( 'NONE', *, *, #6439, .F. ) ;
#1843 = ADVANCED_FACE ( 'NONE', ( #2757 ), #6158, .T. ) ;
#1844 = ORIENTED_EDGE ( 'NONE', *, *, #5627, .F. ) ;
#1845 = CARTESIAN_POINT ( 'NONE',  ( 43.39999999999999858, 17.00000000000000000, 78.49999999999998579 ) ) ;
#1846 = EDGE_CURVE ( 'NONE', #357, #4482, #2201, .T. ) ;
#1847 = FACE_OUTER_BOUND ( 'NONE', #7079, .T. ) ;
#1848 = CARTESIAN_POINT ( 'NONE',  ( -28.40000000000000213, 22.07699040570500060, 88.49999999999998579 ) ) ;
#1849 = ORIENTED_EDGE ( 'NONE', *, *, #6260, .F. ) ;
#1850 = CARTESIAN_POINT ( 'NONE',  ( -31.19999999999999574, 4.800000000000000711, 1.700000000000007061 ) ) ;
#1851 = CARTESIAN_POINT ( 'NONE',  ( -39.14999999999998437, 26.99999999999998934, 10.50000000000000355 ) ) ;
#1852 = ORIENTED_EDGE ( 'NONE', *, *, #6387, .T. ) ;
#1853 = EDGE_CURVE ( 'NONE', #7212, #6973, #209, .T. ) ;
#1854 = EDGE_LOOP ( 'NONE', ( #1581, #4202, #4145, #4849 ) ) ;
#1855 = AXIS2_PLACEMENT_3D ( 'NONE', #2674, #4392, #3313 ) ;
#1856 = EDGE_LOOP ( 'NONE', ( #2122, #4830, #4391, #180 ) ) ;
#1857 = CARTESIAN_POINT ( 'NONE',  ( -38.97842712474619020, 29.99999999999998224, 79.91421356237307805 ) ) ;
#1858 = DIRECTION ( 'NONE',  ( 1.000000000000000000, 0.000000000000000000, 0.000000000000000000 ) ) ;
#1859 = CARTESIAN_POINT ( 'NONE',  ( 15.90000000000000391, 22.99999999999998579, 65.35118819767305354 ) ) ;
#1860 = CIRCLE ( 'NONE', #316, 1.599999999999999867 ) ;
#1861 = ORIENTED_EDGE ( 'NONE', *, *, #1212, .F. ) ;
#1862 = EDGE_CURVE ( 'NONE', #1569, #370, #3912, .T. ) ;
#1863 = ORIENTED_EDGE ( 'NONE', *, *, #4623, .F. ) ;
#1864 = CARTESIAN_POINT ( 'NONE',  ( -34.39999999999999858, 22.99999999999998579, 10.50000000000000533 ) ) ;
#1865 = ORIENTED_EDGE ( 'NONE', *, *, #5119, .F. ) ;
#1866 = DIRECTION ( 'NONE',  ( -0.000000000000000000, 1.000000000000000000, -0.000000000000000000 ) ) ;
#1867 = CARTESIAN_POINT ( 'NONE',  ( 44.22842712474619020, 29.99999999999998224, 79.32842712474615610 ) ) ;
#1868 = DIRECTION ( 'NONE',  ( 1.635512977795592375E-15, -0.7071067811865453523, -0.7071067811865499042 ) ) ;
#1869 = CARTESIAN_POINT ( 'NONE',  ( 14.72842712474619198, 14.53581858547018335, 72.45347970082254108 ) ) ;
#1870 = VECTOR ( 'NONE', #6270, 1000.000000000000000 ) ;
#1871 = DIRECTION ( 'NONE',  ( 0.000000000000000000, 0.000000000000000000, -1.000000000000000000 ) ) ;
#1872 = DIRECTION ( 'NONE',  ( 0.000000000000000000, -1.000000000000000000, 0.000000000000000000 ) ) ;
#1873 = DIRECTION ( 'NONE',  ( 0.000000000000000000, -0.7660444431189792347, 0.6427876096865379196 ) ) ;
#1874 = DIRECTION ( 'NONE',  ( -0.000000000000000000, -1.000000000000000000, -0.000000000000000000 ) ) ;
#1875 = DIRECTION ( 'NONE',  ( -0.000000000000000000, 1.000000000000000000, -0.000000000000000000 ) ) ;
#1876 = ORIENTED_EDGE ( 'NONE', *, *, #4649, .F. ) ;
#1877 = ORIENTED_EDGE ( 'NONE', *, *, #3656, .F. ) ;
#1878 = DIRECTION ( 'NONE',  ( 0.000000000000000000, 0.000000000000000000, -1.000000000000000000 ) ) ;
#1879 = EDGE_CURVE ( 'NONE', #3256, #7066, #5714, .T. ) ;
#1880 = CARTESIAN_POINT ( 'NONE',  ( -49.39999999999999858, 29.99999999999998579, 63.86590682343448577 ) ) ;
#1881 = DIRECTION ( 'NONE',  ( 0.000000000000000000, 0.000000000000000000, 1.000000000000000000 ) ) ;
#1882 = VECTOR ( 'NONE', #3065, 1000.000000000000114 ) ;
#1883 = EDGE_LOOP ( 'NONE', ( #1117, #335, #230, #4488, #3867, #3557 ) ) ;
#1884 = CARTESIAN_POINT ( 'NONE',  ( 39.15644608992952413, 28.26179617165912106, 78.51289217985900848 ) ) ;
#1885 = CARTESIAN_POINT ( 'NONE',  ( -49.39999999999999858, 2.828427124746180077, 116.4999999999999858 ) ) ;
#1886 = AXIS2_PLACEMENT_3D ( 'NONE', #6309, #6943, #1171 ) ;
#1887 = VERTEX_POINT ( 'NONE', #6725 ) ;
#1888 = ORIENTED_EDGE ( 'NONE', *, *, #3748, .T. ) ;
#1889 = LINE ( 'NONE', #5907, #4222 ) ;
#1890 = ORIENTED_EDGE ( 'NONE', *, *, #1180, .T. ) ;
#1891 = CARTESIAN_POINT ( 'NONE',  ( 48.90188208386052793, 11.50606791158037190, 75.74634804945631572 ) ) ;
#1892 = AXIS2_PLACEMENT_3D ( 'NONE', #384, #6678, #4323 ) ;
#1893 = CARTESIAN_POINT ( 'NONE',  ( -30.40000000000000213, 29.99999999999998579, 84.55267969074972711 ) ) ;
#1894 = EDGE_CURVE ( 'NONE', #187, #4950, #3259, .T. ) ;
#1895 = DIRECTION ( 'NONE',  ( 0.7071067811865500152, -0.7071067811865451302, 0.000000000000000000 ) ) ;
#1896 = EDGE_CURVE ( 'NONE', #5272, #357, #1060, .T. ) ;
#1897 = VECTOR ( 'NONE', #978, 1000.000000000000000 ) ;
#1898 = ORIENTED_EDGE ( 'NONE', *, *, #1989, .T. ) ;
#1899 = AXIS2_PLACEMENT_3D ( 'NONE', #3788, #6060, #6174 ) ;
#1900 = VERTEX_POINT ( 'NONE', #2302 ) ;
#1901 = AXIS2_PLACEMENT_3D ( 'NONE', #6837, #4100, #3430 ) ;
#1902 = CARTESIAN_POINT ( 'NONE',  ( 15.25556861018782584, 14.58506310078683654, 72.54550315642885039 ) ) ;
#1903 = EDGE_LOOP ( 'NONE', ( #2839, #5412, #4223, #3608 ) ) ;
#1904 = CARTESIAN_POINT ( 'NONE',  ( 49.39999999999999858, -1.387778780781445676E-14, 118.5000000000000000 ) ) ;
#1905 = DIRECTION ( 'NONE',  ( 0.000000000000000000, -1.982541115402065307E-15, -1.000000000000000000 ) ) ;
#1906 = ADVANCED_FACE ( 'NONE', ( #7315 ), #6071, .T. ) ;
#1907 = DIRECTION ( 'NONE',  ( 0.000000000000000000, -0.7071067811865475727, -0.7071067811865475727 ) ) ;
#1908 = AXIS2_PLACEMENT_3D ( 'NONE', #5248, #2373, #5746 ) ;
#1909 = EDGE_CURVE ( 'NONE', #6179, #1368, #5419, .T. ) ;
#1910 = VECTOR ( 'NONE', #6839, 1000.000000000000000 ) ;
#1911 = DIRECTION ( 'NONE',  ( 1.000000000000000000, 0.000000000000000000, 0.000000000000000000 ) ) ;
#1912 = CARTESIAN_POINT ( 'NONE',  ( -14.76657813467668134, 3.961848990069495535, 83.93690826706756525 ) ) ;
#1913 = AXIS2_PLACEMENT_3D ( 'NONE', #4206, #7162, #2027 ) ;
#1914 = CARTESIAN_POINT ( 'NONE',  ( -29.40000000000000213, 22.99999999999998224, 87.40000000000000568 ) ) ;
#1915 = CARTESIAN_POINT ( 'NONE',  ( -17.44285190537313213, -1.055039092276781046E-14, 84.65047971475041777 ) ) ;
#1916 = CARTESIAN_POINT ( 'NONE',  ( -8.062257748298550908, 6.999999999999989342, 99.07462821482178583 ) ) ;
#1917 = ORIENTED_EDGE ( 'NONE', *, *, #4485, .T. ) ;
#1918 = ORIENTED_EDGE ( 'NONE', *, *, #1489, .F. ) ;
#1919 = DIRECTION ( 'NONE',  ( -0.000000000000000000, -0.7071067811865474617, 0.7071067811865474617 ) ) ;
#1920 = LINE ( 'NONE', #3662, #78 ) ;
#1921 = PLANE ( 'NONE',  #5499 ) ;
#1922 = VERTEX_POINT ( 'NONE', #781 ) ;
#1923 = CARTESIAN_POINT ( 'NONE',  ( 40.14999999999999858, 29.99999999999998579, 80.49999999999998579 ) ) ;
#1924 = AXIS2_PLACEMENT_3D ( 'NONE', #6041, #908, #2107 ) ;
#1925 = DIRECTION ( 'NONE',  ( -1.000000000000000000, 0.000000000000000000, 0.000000000000000000 ) ) ;
#1926 = EDGE_CURVE ( 'NONE', #7064, #6133, #3208, .T. ) ;
#1927 = EDGE_LOOP ( 'NONE', ( #4822, #5898, #2235, #7221 ) ) ;
#1928 = EDGE_LOOP ( 'NONE', ( #1680, #5240, #2708, #3726 ) ) ;
#1929 = CARTESIAN_POINT ( 'NONE',  ( 13.90000000000000213, 6.999999999999989342, 97.07462821482178583 ) ) ;
#1930 = CARTESIAN_POINT ( 'NONE',  ( 44.39999999999999147, -1.044187211523073769E-14, 42.35118819767313170 ) ) ;
#1931 = ORIENTED_EDGE ( 'NONE', *, *, #2049, .T. ) ;
#1932 = LINE ( 'NONE', #892, #835 ) ;
#1933 = CARTESIAN_POINT ( 'NONE',  ( -49.39999999999999858, 30.00000000000000000, 0.8000000000000008216 ) ) ;
#1934 = CARTESIAN_POINT ( 'NONE',  ( 43.39999999999999858, 13.99999999999989875, 2.500000000000004885 ) ) ;
#1935 = VERTEX_POINT ( 'NONE', #2545 ) ;
#1936 = ORIENTED_EDGE ( 'NONE', *, *, #4623, .T. ) ;
#1937 = CIRCLE ( 'NONE', #5182, 1.500000000000001332 ) ;
#1938 = EDGE_CURVE ( 'NONE', #585, #7092, #5455, .T. ) ;
#1939 = ORIENTED_EDGE ( 'NONE', *, *, #655, .T. ) ;
#1940 = ADVANCED_FACE ( 'NONE', ( #1410 ), #6374, .T. ) ;
#1941 = CARTESIAN_POINT ( 'NONE',  ( 13.90000000000000213, 28.49999999999998224, 0.000000000000000000 ) ) ;
#1942 = VERTEX_POINT ( 'NONE', #3752 ) ;
#1943 = FACE_OUTER_BOUND ( 'NONE', #4646, .T. ) ;
#1944 = CARTESIAN_POINT ( 'NONE',  ( -39.14999999999999858, 17.00000000000000000, 78.49999999999998579 ) ) ;
#1945 = CARTESIAN_POINT ( 'NONE',  ( 13.90000000000000213, 15.50000000000000178, 89.99999999999998579 ) ) ;
#1946 = CARTESIAN_POINT ( 'NONE',  ( 43.39999999999999858, 29.19999999999999929, 2.500000000000000000 ) ) ;
#1947 =( BOUNDED_CURVE ( )  B_SPLINE_CURVE ( 3, ( #2824, #2364, #6900, #5771 ),
 .UNSPECIFIED., .F., .F. ) 
 B_SPLINE_CURVE_WITH_KNOTS ( ( 4, 4 ),
 ( 0.000000000000000000, 1.137773558534908691 ),
 .UNSPECIFIED. ) 
 CURVE ( )  GEOMETRIC_REPRESENTATION_ITEM ( )  RATIONAL_B_SPLINE_CURVE ( ( 1.000000000000000000, 0.8950007886370487942, 0.8950007886370487942, 1.000000000000000000 ) ) 
 REPRESENTATION_ITEM ( '' )  );
#1948 = EDGE_CURVE ( 'NONE', #7066, #4939, #1997, .T. ) ;
#1949 = DIRECTION ( 'NONE',  ( 0.000000000000000000, 1.000000000000000000, 0.000000000000000000 ) ) ;
#1950 = DIRECTION ( 'NONE',  ( 0.000000000000000000, -2.041077998578920060E-17, 1.000000000000000000 ) ) ;
#1951 = DIRECTION ( 'NONE',  ( 0.000000000000000000, 1.000000000000000000, 0.000000000000000000 ) ) ;
#1952 = EDGE_CURVE ( 'NONE', #301, #7200, #6340, .T. ) ;
#1953 = CARTESIAN_POINT ( 'NONE',  ( -30.39999999999999503, 4.800000000000000711, 1.700000000000007061 ) ) ;
#1954 = CARTESIAN_POINT ( 'NONE',  ( 38.69705882352940307, 26.54705882352939739, 3.499999999999999112 ) ) ;
#1955 = ORIENTED_EDGE ( 'NONE', *, *, #6338, .T. ) ;
#1956 = ORIENTED_EDGE ( 'NONE', *, *, #7377, .F. ) ;
#1957 = CARTESIAN_POINT ( 'NONE',  ( 31.39999999999999858, 24.89999999999998082, 3.500000000000001332 ) ) ;
#1959 = EDGE_CURVE ( 'NONE', #5505, #5996, #2369, .T. ) ;
#1958 = AXIS2_PLACEMENT_3D ( 'NONE', #3350, #3386, #2857 ) ;
#1960 = DIRECTION ( 'NONE',  ( -1.000000000000000000, 0.000000000000000000, 0.000000000000000000 ) ) ;
#1961 = CYLINDRICAL_SURFACE ( 'NONE', #1189, 2.000000000000001776 ) ;
#1962 = EDGE_LOOP ( 'NONE', ( #2968, #14, #4674, #2198, #2052 ) ) ;
#1963 = CARTESIAN_POINT ( 'NONE',  ( 38.21396669852805417, 28.51856511640535530, 79.53198334926401003 ) ) ;
#1964 = DIRECTION ( 'NONE',  ( 0.000000000000000000, 0.000000000000000000, -1.000000000000000000 ) ) ;
#1965 = AXIS2_PLACEMENT_3D ( 'NONE', #4403, #3206, #1544 ) ;
#1966 = ORIENTED_EDGE ( 'NONE', *, *, #775, .F. ) ;
#1967 = EDGE_LOOP ( 'NONE', ( #2208, #1528, #4017, #3135 ) ) ;
#1968 = DIRECTION ( 'NONE',  ( 8.673617379884013384E-15, -0.000000000000000000, -1.000000000000000000 ) ) ;
#1969 = DIRECTION ( 'NONE',  ( 1.000000000000000000, 0.000000000000000000, 0.000000000000000000 ) ) ;
#1970 = ORIENTED_EDGE ( 'NONE', *, *, #6810, .T. ) ;
#1971 = DIRECTION ( 'NONE',  ( 0.000000000000000000, 0.7071067811865499042, -0.7071067811865451302 ) ) ;
#1972 = AXIS2_PLACEMENT_3D ( 'NONE', #4280, #6079, #2560 ) ;
#1973 = LINE ( 'NONE', #4310, #6780 ) ;
#1974 = DIRECTION ( 'NONE',  ( 1.000000000000000000, 0.000000000000000000, 0.000000000000000000 ) ) ;
#1975 = ORIENTED_EDGE ( 'NONE', *, *, #976, .F. ) ;
#1976 = VECTOR ( 'NONE', #1919, 1000.000000000000114 ) ;
#1977 = ORIENTED_EDGE ( 'NONE', *, *, #3709, .F. ) ;
#1978 = VECTOR ( 'NONE', #2055, 1000.000000000000000 ) ;
#1979 = VERTEX_POINT ( 'NONE', #290 ) ;
#1980 = EDGE_CURVE ( 'NONE', #5121, #1228, #5290, .T. ) ;
#1981 = CARTESIAN_POINT ( 'NONE',  ( -48.81421356237309084, 11.41421356237307450, 108.5000000000000000 ) ) ;
#1982 = ORIENTED_EDGE ( 'NONE', *, *, #224, .F. ) ;
#1983 = VECTOR ( 'NONE', #2045, 1000.000000000000114 ) ;
#1984 = DIRECTION ( 'NONE',  ( 0.000000000000000000, 0.6427876096865373645, 0.7660444431189796788 ) ) ;
#1985 = CARTESIAN_POINT ( 'NONE',  ( -38.14999999999999858, 25.99999999999998224, 3.499999999999999556 ) ) ;
#1986 = CIRCLE ( 'NONE', #6181, 0.7999999999999986011 ) ;
#1987 = DIRECTION ( 'NONE',  ( -1.000000000000000000, 0.000000000000000000, 0.000000000000000000 ) ) ;
#1988 = CARTESIAN_POINT ( 'NONE',  ( -38.14999999999999858, 22.99999999999998224, 78.49999999999998579 ) ) ;
#1989 = EDGE_CURVE ( 'NONE', #6698, #4124, #5775, .T. ) ;
#1990 = DIRECTION ( 'NONE',  ( -1.000000000000000000, 0.000000000000000000, -0.000000000000000000 ) ) ;
#1991 = LINE ( 'NONE', #3131, #2733 ) ;
#1992 = CYLINDRICAL_SURFACE ( 'NONE', #3955, 1.000000000000000888 ) ;
#1993 = CARTESIAN_POINT ( 'NONE',  ( 15.90000000000001812, -1.201742988853863452E-14, 99.57462821482178583 ) ) ;
#1994 =( BOUNDED_CURVE ( )  B_SPLINE_CURVE ( 3, ( #1535, #2593, #2749, #4431 ),
 .UNSPECIFIED., .F., .F. ) 
 B_SPLINE_CURVE_WITH_KNOTS ( ( 4, 4 ),
 ( 3.713952838562957659, 3.989654732571295437 ),
 .UNSPECIFIED. ) 
 CURVE ( )  GEOMETRIC_REPRESENTATION_ITEM ( )  RATIONAL_B_SPLINE_CURVE ( ( 1.000000000000000000, 0.9936757299401537402, 0.9936757299401537402, 1.000000000000000000 ) ) 
 REPRESENTATION_ITEM ( '' )  );
#1995 = CARTESIAN_POINT ( 'NONE',  ( 29.40000000000000213, 22.99999999999998224, 78.49999999999998579 ) ) ;
#1996 = EDGE_CURVE ( 'NONE', #6670, #2655, #3087, .T. ) ;
#1997 = CIRCLE ( 'NONE', #808, 2.000000000000000000 ) ;
#1998 = EDGE_CURVE ( 'NONE', #2271, #186, #327, .T. ) ;
#1999 = VERTEX_POINT ( 'NONE', #6595 ) ;
#2000 = ORIENTED_EDGE ( 'NONE', *, *, #3690, .T. ) ;
#2001 = AXIS2_PLACEMENT_3D ( 'NONE', #5924, #4208, #3503 ) ;
#2002 = DIRECTION ( 'NONE',  ( -0.5598087876773497618, 0.8278331560322546023, 0.03614397616329242946 ) ) ;
#2003 = CARTESIAN_POINT ( 'NONE',  ( 7.579247417233755613, 8.320752582766195005, 107.8953807975879897 ) ) ;
#2004 = CARTESIAN_POINT ( 'NONE',  ( 15.90000000000001812, -1.069038425924786372E-14, 86.07462821482178583 ) ) ;
#2005 = VERTEX_POINT ( 'NONE', #3496 ) ;
#2006 = CARTESIAN_POINT ( 'NONE',  ( 39.88825210476638006, 29.94794534432853439, 79.97650420953398509 ) ) ;
#2007 = EDGE_CURVE ( 'NONE', #5195, #2817, #3811, .T. ) ;
#2008 = CARTESIAN_POINT ( 'NONE',  ( -43.39999999999999858, 16.26195663599612473, 72.31048518859743979 ) ) ;
#2009 = VERTEX_POINT ( 'NONE', #1930 ) ;
#2010 = VERTEX_POINT ( 'NONE', #2937 ) ;
#2011 = CARTESIAN_POINT ( 'NONE',  ( -48.34892624461746635, 11.86342419475417209, 74.69588484843259835 ) ) ;
#2012 = DIRECTION ( 'NONE',  ( 0.000000000000000000, -1.000000000000000000, -0.000000000000000000 ) ) ;
#2013 = ORIENTED_EDGE ( 'NONE', *, *, #1959, .T. ) ;
#2014 = CARTESIAN_POINT ( 'NONE',  ( 38.97842712474619020, 29.99999999999998224, 79.91421356237307805 ) ) ;
#2015 = PLANE ( 'NONE',  #6893 ) ;
#2016 = AXIS2_PLACEMENT_3D ( 'NONE', #1515, #5049, #3334 ) ;
#2017 = VERTEX_POINT ( 'NONE', #4226 ) ;
#2018 = EDGE_LOOP ( 'NONE', ( #3929, #3012, #1146, #1821 ) ) ;
#2019 = VECTOR ( 'NONE', #7130, 1000.000000000000000 ) ;
#2020 = ORIENTED_EDGE ( 'NONE', *, *, #6447, .F. ) ;
#2021 = DIRECTION ( 'NONE',  ( -0.000000000000000000, 1.000000000000000000, 0.000000000000000000 ) ) ;
#2022 = ORIENTED_EDGE ( 'NONE', *, *, #3882, .T. ) ;
#2023 = CARTESIAN_POINT ( 'NONE',  ( 47.39999999999999858, 12.82842712474617208, 108.5000000000000000 ) ) ;
#2024 = DIRECTION ( 'NONE',  ( 0.000000000000000000, -1.000000000000000000, 0.000000000000000000 ) ) ;
#2025 = CIRCLE ( 'NONE', #3116, 0.8000000000000000444 ) ;
#2026 = DIRECTION ( 'NONE',  ( -1.826024711554535885E-16, -1.000000000000000000, -0.000000000000000000 ) ) ;
#2027 = DIRECTION ( 'NONE',  ( 0.000000000000000000, 0.000000000000000000, 1.000000000000000000 ) ) ;
#2028 = AXIS2_PLACEMENT_3D ( 'NONE', #4256, #2455, #5901 ) ;
#2029 = AXIS2_PLACEMENT_3D ( 'NONE', #2751, #5432, #6644 ) ;
#2030 = FACE_OUTER_BOUND ( 'NONE', #5786, .T. ) ;
#2031 = ADVANCED_FACE ( 'NONE', ( #890 ), #4265, .T. ) ;
#2032 = VECTOR ( 'NONE', #5806, 1000.000000000000000 ) ;
#2033 = DIRECTION ( 'NONE',  ( -1.000000000000000000, 0.000000000000000000, 0.000000000000000000 ) ) ;
#2034 = CARTESIAN_POINT ( 'NONE',  ( -31.55424868893540236, 13.90405183549032131, 2.404051835490429667 ) ) ;
#2035 = DIRECTION ( 'NONE',  ( 1.000000000000000000, 0.000000000000000000, 0.000000000000000000 ) ) ;
#2036 = VECTOR ( 'NONE', #4134, 1000.000000000000000 ) ;
#2037 = AXIS2_PLACEMENT_3D ( 'NONE', #5540, #7300, #1567 ) ;
#2038 = DIRECTION ( 'NONE',  ( 0.7071067811865420216, -0.7071067811865531239, 0.000000000000000000 ) ) ;
#2039 = CARTESIAN_POINT ( 'NONE',  ( 44.39999999999999147, -1.044187211523073769E-14, 42.35118819767313170 ) ) ;
#2040 = AXIS2_PLACEMENT_3D ( 'NONE', #4448, #5674, #6731 ) ;
#2041 = VECTOR ( 'NONE', #3455, 1000.000000000000000 ) ;
#2042 = EDGE_LOOP ( 'NONE', ( #2952, #1842, #337, #5387 ) ) ;
#2043 = PLANE ( 'NONE',  #5573 ) ;
#2044 = ADVANCED_FACE ( 'NONE', ( #5210 ), #6512, .T. ) ;
#2045 = DIRECTION ( 'NONE',  ( 0.3333333333333322601, -0.6666666666666704044, -0.6666666666666635210 ) ) ;
#2046 = CARTESIAN_POINT ( 'NONE',  ( -15.40000000000000391, 17.00000000000000000, 74.25525001016717397 ) ) ;
#2047 = UNCERTAINTY_MEASURE_WITH_UNIT (LENGTH_MEASURE( 1.000000000000000082E-05 ), #3366, 'distance_accuracy_value', 'NONE');
#2048 = EDGE_LOOP ( 'NONE', ( #5721, #4219, #6542, #7037, #1852, #3550, #4535, #3976, #5553 ) ) ;
#2049 = EDGE_CURVE ( 'NONE', #5996, #3300, #4622, .T. ) ;
#2050 = CARTESIAN_POINT ( 'NONE',  ( 38.64322638669964505, 29.32165351144582033, 79.74661319334981613 ) ) ;
#2051 = CARTESIAN_POINT ( 'NONE',  ( 15.90000000000001812, -1.055039092276781046E-14, 84.65047971475041777 ) ) ;
#2052 = ORIENTED_EDGE ( 'NONE', *, *, #4058, .F. ) ;
#2053 = ORIENTED_EDGE ( 'NONE', *, *, #990, .F. ) ;
#2054 = EDGE_CURVE ( 'NONE', #3256, #2891, #1799, .T. ) ;
#2055 = DIRECTION ( 'NONE',  ( 0.000000000000000000, -0.000000000000000000, 1.000000000000000000 ) ) ;
#2056 = CARTESIAN_POINT ( 'NONE',  ( -43.39999999999999858, 17.00000000000000000, 70.38578598473668535 ) ) ;
#2057 = ORIENTED_EDGE ( 'NONE', *, *, #5887, .T. ) ;
#2058 = DIRECTION ( 'NONE',  ( 0.000000000000000000, 2.465544075527127488E-16, -1.000000000000000000 ) ) ;
#2059 = ADVANCED_FACE ( 'NONE', ( #4378 ), #1045, .F. ) ;
#2060 = CARTESIAN_POINT ( 'NONE',  ( -31.50470620755459095, 29.29399208413670763, 2.332553364241891192 ) ) ;
#2061 = DIRECTION ( 'NONE',  ( 0.000000000000000000, 0.000000000000000000, 1.000000000000000000 ) ) ;
#2062 = ORIENTED_EDGE ( 'NONE', *, *, #6478, .T. ) ;
#2063 = ORIENTED_EDGE ( 'NONE', *, *, #2468, .F. ) ;
#2064 = ORIENTED_EDGE ( 'NONE', *, *, #5391, .T. ) ;
#2065 = FACE_OUTER_BOUND ( 'NONE', #7069, .T. ) ;
#2066 = ORIENTED_EDGE ( 'NONE', *, *, #5380, .T. ) ;
#2067 = CARTESIAN_POINT ( 'NONE',  ( -43.39999999999999858, 24.47877842265912918, 65.41575305795910822 ) ) ;
#2068 = DIRECTION ( 'NONE',  ( 0.000000000000000000, 0.7071067811865483499, 0.7071067811865467956 ) ) ;
#2069 = DIRECTION ( 'NONE',  ( -0.000000000000000000, -1.000000000000000000, -0.000000000000000000 ) ) ;
#2070 = CARTESIAN_POINT ( 'NONE',  ( -39.14999999999999858, 29.99999999999998579, 79.49999999999998579 ) ) ;
#2071 = DIRECTION ( 'NONE',  ( -1.000000000000000000, 0.000000000000000000, 0.000000000000000000 ) ) ;
#2072 = LINE ( 'NONE', #3203, #4253 ) ;
#2073 = CYLINDRICAL_SURFACE ( 'NONE', #5596, 0.8000000000000000444 ) ;
#2074 = CARTESIAN_POINT ( 'NONE',  ( 30.39999999999999503, 4.000000000000000000, 0.7999999999999951594 ) ) ;
#2075 = DIRECTION ( 'NONE',  ( 0.7071067811865500152, -0.7071067811865451302, 1.401868266681937195E-15 ) ) ;
#2076 = EDGE_CURVE ( 'NONE', #5169, #6592, #2965, .T. ) ;
#2077 = CARTESIAN_POINT ( 'NONE',  ( 44.90000000004625491, 29.12612180282466667, 62.99202862625916310 ) ) ;
#2078 = ORIENTED_EDGE ( 'NONE', *, *, #6537, .T. ) ;
#2079 = CARTESIAN_POINT ( 'NONE',  ( 29.40000000000000213, 21.99999999999998224, 0.000000000000000000 ) ) ;
#2080 = CARTESIAN_POINT ( 'NONE',  ( -49.39999999999999858, 22.99999999999998579, 65.35118819767305354 ) ) ;
#2081 = CARTESIAN_POINT ( 'NONE',  ( -13.90000000000000213, 15.37376622893064493, 74.01935637301856730 ) ) ;
#2082 = ORIENTED_EDGE ( 'NONE', *, *, #4422, .F. ) ;
#2083 = EDGE_CURVE ( 'NONE', #7357, #4454, #1485, .T. ) ;
#2084 = LINE ( 'NONE', #4374, #222 ) ;
#2085 = EDGE_CURVE ( 'NONE', #443, #4939, #6664, .T. ) ;
#2086 = ORIENTED_EDGE ( 'NONE', *, *, #1181, .T. ) ;
#2087 = ADVANCED_FACE ( 'NONE', ( #7296 ), #1599, .F. ) ;
#2088 = ORIENTED_EDGE ( 'NONE', *, *, #87, .T. ) ;
#2089 = DIRECTION ( 'NONE',  ( 0.000000000000000000, 0.000000000000000000, -1.000000000000000000 ) ) ;
#2090 = CARTESIAN_POINT ( 'NONE',  ( -13.89999999999999680, 1.999999999999994893, 100.0746282148217858 ) ) ;
#2091 = EDGE_LOOP ( 'NONE', ( #3866, #5681, #1345, #291 ) ) ;
#2092 = FACE_OUTER_BOUND ( 'NONE', #43, .T. ) ;
#2093 = CARTESIAN_POINT ( 'NONE',  ( 32.00000000000000711, 29.19999999999999929, 1.700000000000000178 ) ) ;
#2094 = AXIS2_PLACEMENT_3D ( 'NONE', #429, #4888, #1616 ) ;
#2095 = LINE ( 'NONE', #4981, #1084 ) ;
#2096 = EDGE_CURVE ( 'NONE', #6821, #5415, #4877, .T. ) ;
#2097 = ORIENTED_EDGE ( 'NONE', *, *, #2135, .T. ) ;
#2098 = ORIENTED_EDGE ( 'NONE', *, *, #4708, .T. ) ;
#2099 = ORIENTED_EDGE ( 'NONE', *, *, #766, .T. ) ;
#2100 = CARTESIAN_POINT ( 'NONE',  ( 49.39999999999999858, 4.499999999999995559, 40.48722716699418100 ) ) ;
#2101 = ORIENTED_EDGE ( 'NONE', *, *, #7351, .F. ) ;
#2102 = DIRECTION ( 'NONE',  ( 0.000000000000000000, 0.000000000000000000, -1.000000000000000000 ) ) ;
#2103 = CARTESIAN_POINT ( 'NONE',  ( -44.02132034355964407, 5.999999999999993783, 6.499999999999992895 ) ) ;
#2104 = DIRECTION ( 'NONE',  ( -1.000000000000000000, -0.000000000000000000, 0.000000000000000000 ) ) ;
#2105 = EDGE_CURVE ( 'NONE', #4287, #3378, #3862, .T. ) ;
#2106 = CARTESIAN_POINT ( 'NONE',  ( -31.39999999999998437, 29.19999999999999929, 2.229150262212908462 ) ) ;
#2107 = DIRECTION ( 'NONE',  ( 0.000000000000000000, 0.000000000000000000, 1.000000000000000000 ) ) ;
#2108 = CARTESIAN_POINT ( 'NONE',  ( -15.90000000000000391, 14.53581858547019756, 72.45347970082255529 ) ) ;
#2109 = LINE ( 'NONE', #1390, #1761 ) ;
#2110 = CIRCLE ( 'NONE', #6300, 0.7999999999999999334 ) ;
#2111 = AXIS2_PLACEMENT_3D ( 'NONE', #5883, #7041, #7117 ) ;
#2112 = CARTESIAN_POINT ( 'NONE',  ( 23.90000000000000568, 28.49999999999998224, 118.5000000000000000 ) ) ;
#2113 = DIRECTION ( 'NONE',  ( 1.826024711554535639E-16, 1.000000000000000000, 0.000000000000000000 ) ) ;
#2114 = CARTESIAN_POINT ( 'NONE',  ( 42.59999999999998721, 30.00000000000000000, 0.8000000000000008216 ) ) ;
#2115 = EDGE_CURVE ( 'NONE', #33, #6475, #2699, .T. ) ;
#2116 = ORIENTED_EDGE ( 'NONE', *, *, #1008, .T. ) ;
#2117 = CARTESIAN_POINT ( 'NONE',  ( 31.39999999999999858, 22.99999999999998579, 10.50000000000000533 ) ) ;
#2118 = DIRECTION ( 'NONE',  ( 0.000000000000000000, 0.7660444431189792347, -0.6427876096865379196 ) ) ;
#2119 = CARTESIAN_POINT ( 'NONE',  ( -13.76847180345070853, 16.99999999999938183, 74.00946306079194414 ) ) ;
#2120 = ORIENTED_EDGE ( 'NONE', *, *, #6598, .T. ) ;
#2121 = CARTESIAN_POINT ( 'NONE',  ( -15.40000000000000391, 15.50000000000000178, 74.25525001016717397 ) ) ;
#2122 = ORIENTED_EDGE ( 'NONE', *, *, #1527, .F. ) ;
#2123 = EDGE_CURVE ( 'NONE', #1776, #251, #2275, .T. ) ;
#2124 = ORIENTED_EDGE ( 'NONE', *, *, #2922, .F. ) ;
#2125 = AXIS2_PLACEMENT_3D ( 'NONE', #6791, #5038, #2796 ) ;
#2126 = DIRECTION ( 'NONE',  ( 0.000000000000000000, -1.000000000000000000, 0.000000000000000000 ) ) ;
#2127 = DIRECTION ( 'NONE',  ( 1.000000000000000000, 0.000000000000000000, 0.000000000000000000 ) ) ;
#2128 = VERTEX_POINT ( 'NONE', #5571 ) ;
#2129 = CARTESIAN_POINT ( 'NONE',  ( -28.40000000000000213, 0.000000000000000000, 79.49999999999998579 ) ) ;
#2130 = CARTESIAN_POINT ( 'NONE',  ( -32.00000000000000000, 30.00000000000000000, 1.700000000000000178 ) ) ;
#2131 = B_SPLINE_CURVE_WITH_KNOTS ( 'NONE', 3,
 ( #4751, #5768, #1891, #5798, #1300, #783, #4683, #6400, #4714, #3599, #1198, #4792, #4647, #7030, #4088, #2504, #1263, #6368, #3038, #1229, #3521, #709, #6996, #748, #6479, #4154, #5348, #672, #2963, #3635, #3076, #5235, #219, #1754, #4046 ),
 .UNSPECIFIED., .F., .F.,
 ( 4, 2, 1, 2, 2, 2, 1, 1, 2, 2, 2, 1, 1, 2, 2, 2, 1, 1, 2, 2, 4 ),
 ( 0.000000000000000000, 0.1249999999999643896, 0.1874999999999415468, 0.2187499999999238665, 0.2499999999999061862, 0.3749999999998828715, 0.4374999999998726574, 0.4687499999998699374, 0.4843749999998643863, 0.4999999999998587796, 0.6249999999999050759, 0.6874999999999328315, 0.7187499999999467093, 0.7343749999999535927, 0.7499999999999603650, 0.8125000000000123235, 0.8437500000000321965, 0.8593750000000420775, 0.8671875000000446310, 0.8750000000000471845, 1.000000000000000000 ),
 .UNSPECIFIED. ) ;
#2132 = VERTEX_POINT ( 'NONE', #446 ) ;
#2133 = EDGE_LOOP ( 'NONE', ( #5617, #3812, #2920, #2532 ) ) ;
#2134 = VERTEX_POINT ( 'NONE', #1006 ) ;
#2135 = EDGE_CURVE ( 'NONE', #6928, #1153, #4978, .T. ) ;
#2136 = CARTESIAN_POINT ( 'NONE',  ( 23.90000000000000568, 29.99999999999998579, 117.0000000000000000 ) ) ;
#2137 = ORIENTED_EDGE ( 'NONE', *, *, #1632, .T. ) ;
#2138 = VECTOR ( 'NONE', #211, 1000.000000000000000 ) ;
#2139 = CARTESIAN_POINT ( 'NONE',  ( 47.89999999999999858, 5.999999999999995559, 39.86590682343454972 ) ) ;
#2140 = DIRECTION ( 'NONE',  ( -0.000000000000000000, -4.956352788505160310E-16, -1.000000000000000000 ) ) ;
#2141 = EDGE_CURVE ( 'NONE', #7092, #6829, #2170, .T. ) ;
#2142 = CARTESIAN_POINT ( 'NONE',  ( 43.39999999999998437, 29.19999999999999929, 2.500000000000002220 ) ) ;
#2143 = FACE_OUTER_BOUND ( 'NONE', #1751, .T. ) ;
#2144 = DIRECTION ( 'NONE',  ( 0.000000000000000000, 4.956352788505160310E-16, 1.000000000000000000 ) ) ;
#2145 = ORIENTED_EDGE ( 'NONE', *, *, #597, .F. ) ;
#2146 = AXIS2_PLACEMENT_3D ( 'NONE', #6242, #2976, #2227 ) ;
#2147 = FACE_OUTER_BOUND ( 'NONE', #3598, .T. ) ;
#2148 = DIRECTION ( 'NONE',  ( 1.000000000000000000, -0.000000000000000000, -0.000000000000000000 ) ) ;
#2149 = EDGE_CURVE ( 'NONE', #4703, #2785, #1634, .T. ) ;
#2150 = DIRECTION ( 'NONE',  ( -1.000000000000000000, -0.000000000000000000, -0.000000000000000000 ) ) ;
#2151 = CYLINDRICAL_SURFACE ( 'NONE', #3303, 1.500000000000001332 ) ;
#2152 = ADVANCED_FACE ( 'NONE', ( #3822 ), #6099, .T. ) ;
#2153 = VECTOR ( 'NONE', #699, 1000.000000000000000 ) ;
#2154 = CARTESIAN_POINT ( 'NONE',  ( 45.14819054497704087, 29.49755338052158748, 63.36346020395607326 ) ) ;
#2155 = CIRCLE ( 'NONE', #6815, 2.000000000000000000 ) ;
#2156 = VECTOR ( 'NONE', #3156, 1000.000000000000114 ) ;
#2157 = CARTESIAN_POINT ( 'NONE',  ( -31.19999999999999929, 29.19999999999999929, 1.700000000000007061 ) ) ;
#2158 = AXIS2_PLACEMENT_3D ( 'NONE', #6456, #1321, #1873 ) ;
#2159 = CARTESIAN_POINT ( 'NONE',  ( 28.40000000000000213, 22.99999999999998224, 87.40000000000000568 ) ) ;
#2160 = CIRCLE ( 'NONE', #4785, 1.600000000000000755 ) ;
#2161 = CARTESIAN_POINT ( 'NONE',  ( -44.39999999999999147, 14.53581858547019934, 72.45347970082255529 ) ) ;
#2162 = CARTESIAN_POINT ( 'NONE',  ( -13.90000000000000213, 6.999999999999989342, 97.07462821482178583 ) ) ;
#2163 = VERTEX_POINT ( 'NONE', #372 ) ;
#2164 = CLOSED_SHELL ( 'NONE', ( #1320, #2183, #4891, #728, #2368, #2761, #3292, #484, #3737, #5474, #7184, #4746, #4581, #4296, #6028, #704, #760, #1499, #6, #4396, #7065, #461, #2557, #5459, #6945, #3757, #6320, #3618, #4890, #840, #4370, #1223, #47, #202, #5529, #6485, #1258, #176, #887, #6068, #6101, #3394, #3563, #1104, #1315, #7181, #3250, #7360, #1412, #5516, #5067, #4796, #3018, #4937, #5668, #29, #2246, #6652, #2606, #5422, #3699, #1285, #3519, #2398, #1775, #6965, #5522, #6015, #590, #719, #4028, #6172, #1350, #525, #1810, #4250, #4846, #5895, #3547, #674, #1172, #6177, #3714, #4394, #5801, #7262, #1131, #2031, #2951, #5636, #5971, #5250, #5568, #1588, #5339, #1734, #1067, #3431, #2378, #6947, #2641, #3990, #1392, #5274, #4324, #1807, #4982, #1339, #6127, #2463, #2457, #3571, #1940, #638, #1641, #952, #2981, #73, #2658, #4628, #3878, #2906, #84, #2871, #3797, #4794, #3279, #2833, #4008, #2152, #2797, #6994, #5162, #7349, #4398, #4820, #4084, #1085, #5581, #6863, #4941, #3967, #2924, #2444, #3896, #7055, #366, #678, #2873, #2087, #1833, #1540, #861, #4924, #3107, #4588, #2059, #2338, #2753, #3518, #7260, #815, #5115, #3525, #4344, #7123, #931, #7232, #3516, #355, #5536, #1403, #5792, #2485, #1906, #3387, #3202, #6890, #6078, #133, #6753, #2044, #3044, #872, #3704, #5349, #3851, #1405, #5126, #5578, #1843, #5473, #6363, #4974, #1580, #402, #6540, #5149, #3641, #1708, #3606, #2496, #6616, #5952, #5963, #1612, #586, #6987, #4688, #6186, #7274, #3232, #1549, #911, #3288, #2562, #6911, #3889, #6311, #4188, #7012, #6840, #4230, #1622, #6273, #6522, #1267, #6797, #2321, #1449, #733, #5243, #4151, #2552, #2707, #6548, #1094, #3560, #204, #4850, #2331, #4382, #7313 ) ) ;
#2165 = FACE_OUTER_BOUND ( 'NONE', #1257, .T. ) ;
#2166 = AXIS2_PLACEMENT_3D ( 'NONE', #4049, #80, #2298 ) ;
#2167 = ORIENTED_EDGE ( 'NONE', *, *, #1952, .F. ) ;
#2168 = ORIENTED_EDGE ( 'NONE', *, *, #406, .T. ) ;
#2169 = DIRECTION ( 'NONE',  ( 0.000000000000000000, -1.000000000000000000, 4.956352788505160310E-16 ) ) ;
#2170 = LINE ( 'NONE', #2056, #1668 ) ;
#2171 = VERTEX_POINT ( 'NONE', #2778 ) ;
#2172 = EDGE_CURVE ( 'NONE', #1999, #3256, #968, .T. ) ;
#2173 = CARTESIAN_POINT ( 'NONE',  ( 31.39999999999999858, 22.99999999999998579, 10.50000000000000533 ) ) ;
#2174 = VERTEX_POINT ( 'NONE', #5534 ) ;
#2175 = EDGE_LOOP ( 'NONE', ( #3094, #3786, #5724, #1812, #660, #369, #4462, #3272, #6962, #2742 ) ) ;
#2176 = ORIENTED_EDGE ( 'NONE', *, *, #4584, .F. ) ;
#2177 = CARTESIAN_POINT ( 'NONE',  ( -39.95366302995062568, 29.99990745014002158, 80.30366302995061289 ) ) ;
#2178 = CARTESIAN_POINT ( 'NONE',  ( 48.39999999999998437, 12.18563951505962528, 74.42551409200461876 ) ) ;
#2179 = LINE ( 'NONE', #6896, #6162 ) ;
#2180 = LINE ( 'NONE', #3766, #5976 ) ;
#2181 = CARTESIAN_POINT ( 'NONE',  ( 43.39999999999999858, 26.99999999999998224, 3.499999999999998668 ) ) ;
#2182 = DIRECTION ( 'NONE',  ( 0.000000000000000000, 0.000000000000000000, 1.000000000000000000 ) ) ;
#2183 = ADVANCED_FACE ( 'NONE', ( #7257 ), #6215, .T. ) ;
#2184 = ORIENTED_EDGE ( 'NONE', *, *, #5315, .T. ) ;
#2185 = EDGE_CURVE ( 'NONE', #7064, #2576, #408, .T. ) ;
#2186 = CARTESIAN_POINT ( 'NONE',  ( -13.90000000000000213, 15.49999999999999645, 74.25525001016717397 ) ) ;
#2187 = DIRECTION ( 'NONE',  ( 0.000000000000000000, 1.000000000000000000, 0.000000000000000000 ) ) ;
#2188 = CARTESIAN_POINT ( 'NONE',  ( 49.39999999999999858, -20.46848731765002682, 20.46848731765009433 ) ) ;
#2189 = FACE_OUTER_BOUND ( 'NONE', #4424, .T. ) ;
#2190 = CARTESIAN_POINT ( 'NONE',  ( 44.68190161340998401, 29.90250000164910560, 63.76840682508336755 ) ) ;
#2191 = CARTESIAN_POINT ( 'NONE',  ( 39.14999999999998437, 26.99999999999998934, 10.50000000000000355 ) ) ;
#2192 = EDGE_CURVE ( 'NONE', #852, #5169, #3894, .T. ) ;
#2193 = EDGE_CURVE ( 'NONE', #603, #6670, #1780, .T. ) ;
#2194 = DIRECTION ( 'NONE',  ( -0.000000000000000000, -0.7071067811865480168, 0.7071067811865470176 ) ) ;
#2195 = CARTESIAN_POINT ( 'NONE',  ( -23.90000000000000568, 1.999999999999988676, 118.5000000000000000 ) ) ;
#2196 = CARTESIAN_POINT ( 'NONE',  ( 32.00000000000000000, 29.19999999999999929, 1.700000000000007061 ) ) ;
#2197 = CARTESIAN_POINT ( 'NONE',  ( -13.55881103513459607, 17.00000000000006395, 72.50756700025813473 ) ) ;
#2198 = ORIENTED_EDGE ( 'NONE', *, *, #2865, .F. ) ;
#2199 = DIRECTION ( 'NONE',  ( -0.000000000000000000, -1.000000000000000000, -0.000000000000000000 ) ) ;
#2200 = EDGE_CURVE ( 'NONE', #6937, #1454, #598, .T. ) ;
#2201 =( BOUNDED_CURVE ( )  B_SPLINE_CURVE ( 3, ( #615, #3321, #6832, #1694 ),
 .UNSPECIFIED., .F., .F. ) 
 B_SPLINE_CURVE_WITH_KNOTS ( ( 4, 4 ),
 ( 3.141592653589793116, 4.712388980384689674 ),
 .UNSPECIFIED. ) 
 CURVE ( )  GEOMETRIC_REPRESENTATION_ITEM ( )  RATIONAL_B_SPLINE_CURVE ( ( 1.000000000000000000, 0.8047378541243649375, 0.8047378541243649375, 1.000000000000000000 ) ) 
 REPRESENTATION_ITEM ( '' )  );
#2202 = VERTEX_POINT ( 'NONE', #2386 ) ;
#2203 = EDGE_CURVE ( 'NONE', #4051, #1120, #4775, .T. ) ;
#2204 = ORIENTED_EDGE ( 'NONE', *, *, #2453, .F. ) ;
#2205 = PRODUCT_RELATED_PRODUCT_CATEGORY ( 'part', '', ( #1631 ) ) ;
#2206 = LINE ( 'NONE', #1673, #5814 ) ;
#2207 = DIRECTION ( 'NONE',  ( -0.000000000000000000, 0.000000000000000000, -1.000000000000000000 ) ) ;
#2208 = ORIENTED_EDGE ( 'NONE', *, *, #3759, .T. ) ;
#2209 = CARTESIAN_POINT ( 'NONE',  ( 48.81421356237672171, 11.41421356237670892, 109.5473863564112236 ) ) ;
#2210 = EDGE_LOOP ( 'NONE', ( #886, #975, #5051, #1822 ) ) ;
#2211 = ORIENTED_EDGE ( 'NONE', *, *, #6497, .T. ) ;
#2212 = ORIENTED_EDGE ( 'NONE', *, *, #5437, .T. ) ;
#2213 = AXIS2_PLACEMENT_3D ( 'NONE', #1424, #1498, #7201 ) ;
#2214 = CARTESIAN_POINT ( 'NONE',  ( -39.18198334926400150, 28.51856511640535530, 78.56396669852806269 ) ) ;
#2215 = FACE_OUTER_BOUND ( 'NONE', #2210, .T. ) ;
#2216 = CARTESIAN_POINT ( 'NONE',  ( -49.39999999999999858, 12.82842712474617386, 75.19155853512361887 ) ) ;
#2217 = CARTESIAN_POINT ( 'NONE',  ( -28.40000000000000213, 17.00000000000000000, 88.49999999999998579 ) ) ;
#2218 = FACE_OUTER_BOUND ( 'NONE', #6031, .T. ) ;
#2219 = ORIENTED_EDGE ( 'NONE', *, *, #3118, .F. ) ;
#2220 = VERTEX_POINT ( 'NONE', #595 ) ;
#2221 = EDGE_CURVE ( 'NONE', #4086, #4124, #4641, .T. ) ;
#2222 = DIRECTION ( 'NONE',  ( -0.000000000000000000, -1.000000000000000000, -2.041077998578920060E-17 ) ) ;
#2223 = CARTESIAN_POINT ( 'NONE',  ( -32.00000000000000000, 9.999999999999998224, 2.500000000000000000 ) ) ;
#2224 = APPLICATION_CONTEXT ( 'automotive_design' ) ;
#2225 = CARTESIAN_POINT ( 'NONE',  ( 13.56689419548709274, 17.00000000000000000, 73.25633340857729081 ) ) ;
#2226 = FACE_OUTER_BOUND ( 'NONE', #1013, .T. ) ;
#2227 = DIRECTION ( 'NONE',  ( -1.000000000000000000, 0.000000000000000000, 0.000000000000000000 ) ) ;
#2228 = CARTESIAN_POINT ( 'NONE',  ( -45.40000000000000568, 29.99999999999998579, 80.49999999999998579 ) ) ;
#2229 = VECTOR ( 'NONE', #5864, 1000.000000000000000 ) ;
#2230 = DIRECTION ( 'NONE',  ( 0.000000000000000000, -1.000000000000000000, 0.000000000000000000 ) ) ;
#2231 = VECTOR ( 'NONE', #2169, 1000.000000000000000 ) ;
#2232 = CARTESIAN_POINT ( 'NONE',  ( 39.39999999999999858, 29.99999999999998579, 108.5000000000000000 ) ) ;
#2233 = CARTESIAN_POINT ( 'NONE',  ( -44.04906666467846321, 15.50000000000000178, 72.10254636550102703 ) ) ;
#2234 = DIRECTION ( 'NONE',  ( 0.000000000000000000, -9.829967624376072553E-17, 1.000000000000000000 ) ) ;
#2235 = ORIENTED_EDGE ( 'NONE', *, *, #4248, .T. ) ;
#2236 = EDGE_CURVE ( 'NONE', #6149, #2009, #4004, .T. ) ;
#2237 = CARTESIAN_POINT ( 'NONE',  ( 40.14999999999999858, 29.99999999999998579, 80.49999999999998579 ) ) ;
#2238 = VECTOR ( 'NONE', #2653, 1000.000000000000114 ) ;
#2240 = EDGE_CURVE ( 'NONE', #2687, #1440, #6812, .T. ) ;
#2239 = VECTOR ( 'NONE', #5311, 999.9999999999998863 ) ;
#2241 = ORIENTED_EDGE ( 'NONE', *, *, #6807, .T. ) ;
#2242 = EDGE_LOOP ( 'NONE', ( #5973, #3405, #3075, #6061 ) ) ;
#2243 = CARTESIAN_POINT ( 'NONE',  ( -15.90000000000000391, 2.828427124746180965, 84.88796213622862297 ) ) ;
#2244 = FACE_OUTER_BOUND ( 'NONE', #6145, .T. ) ;
#2245 = EDGE_LOOP ( 'NONE', ( #6330, #1861, #4019, #3234, #4642 ) ) ;
#2246 = ADVANCED_FACE ( 'NONE', ( #6360 ), #2812, .T. ) ;
#2247 =( BOUNDED_CURVE ( )  B_SPLINE_CURVE ( 3, ( #5363, #764, #3132, #1391 ),
 .UNSPECIFIED., .F., .T. ) 
 B_SPLINE_CURVE_WITH_KNOTS ( ( 4, 4 ),
 ( 5.585053606381856994, 6.283185307179583567 ),
 .UNSPECIFIED. ) 
 CURVE ( )  GEOMETRIC_REPRESENTATION_ITEM ( )  RATIONAL_B_SPLINE_CURVE ( ( 1.000000000000000000, 0.9597950805239392480, 0.9597950805239392480, 1.000000000000000000 ) ) 
 REPRESENTATION_ITEM ( '' )  );
#2248 = CARTESIAN_POINT ( 'NONE',  ( -30.40000000000000213, 29.99999999999998579, 90.49999999999998579 ) ) ;
#2249 = ORIENTED_EDGE ( 'NONE', *, *, #2583, .F. ) ;
#2250 = ORIENTED_EDGE ( 'NONE', *, *, #4875, .T. ) ;
#2251 = VECTOR ( 'NONE', #2148, 1000.000000000000000 ) ;
#2252 = ORIENTED_EDGE ( 'NONE', *, *, #1691, .T. ) ;
#2253 = CARTESIAN_POINT ( 'NONE',  ( -39.62650420953295338, 29.94794534432810096, 80.23825210476698544 ) ) ;
#2254 = LINE ( 'NONE', #3978, #2262 ) ;
#2255 = DIRECTION ( 'NONE',  ( 0.000000000000000000, 0.000000000000000000, 1.000000000000000000 ) ) ;
#2256 = CYLINDRICAL_SURFACE ( 'NONE', #353, 1.499999999999999556 ) ;
#2257 = CARTESIAN_POINT ( 'NONE',  ( 31.69679299750335844, 29.00278695221647851, 2.456315545307988568 ) ) ;
#2258 = ORIENTED_EDGE ( 'NONE', *, *, #4200, .T. ) ;
#2259 = ORIENTED_EDGE ( 'NONE', *, *, #6626, .T. ) ;
#2260 = CARTESIAN_POINT ( 'NONE',  ( -13.90000000000000213, 28.49999999999998224, 0.000000000000000000 ) ) ;
#2261 = DIRECTION ( 'NONE',  ( 0.000000000000000000, 0.7071067811865474617, -0.7071067811865475727 ) ) ;
#2262 = VECTOR ( 'NONE', #3032, 999.9999999999998863 ) ;
#2263 = PLANE ( 'NONE',  #3719 ) ;
#2264 = CARTESIAN_POINT ( 'NONE',  ( -31.39999999999999858, 24.89999999999998082, 4.200000000000001066 ) ) ;
#2265 = CARTESIAN_POINT ( 'NONE',  ( -45.03720180189704081, 29.98009212172270566, 63.84599894515745433 ) ) ;
#2266 = EDGE_CURVE ( 'NONE', #6147, #4950, #5789, .T. ) ;
#2267 = CARTESIAN_POINT ( 'NONE',  ( -32.00000000000000000, 29.19999999999999929, 0.7999999999999952704 ) ) ;
#2268 = LINE ( 'NONE', #1659, #2904 ) ;
#2269 = CARTESIAN_POINT ( 'NONE',  ( -44.27812213167766942, 15.14365295231669251, 72.10254636550104124 ) ) ;
#2270 = VECTOR ( 'NONE', #4650, 1000.000000000000000 ) ;
#2271 = VERTEX_POINT ( 'NONE', #6961 ) ;
#2272 = PLANE ( 'NONE',  #6576 ) ;
#2273 = CARTESIAN_POINT ( 'NONE',  ( 15.40000000000000213, 27.99999999999998224, 89.99999999999998579 ) ) ;
#2274 = VECTOR ( 'NONE', #3022, 1000.000000000000000 ) ;
#2275 = CIRCLE ( 'NONE', #1899, 1.500000000000001332 ) ;
#2276 = AXIS2_PLACEMENT_3D ( 'NONE', #2173, #295, #2703 ) ;
#2277 = ORIENTED_EDGE ( 'NONE', *, *, #7271, .F. ) ;
#2278 = EDGE_CURVE ( 'NONE', #6638, #1048, #1815, .T. ) ;
#2279 = ORIENTED_EDGE ( 'NONE', *, *, #3500, .F. ) ;
#2280 = EDGE_CURVE ( 'NONE', #2554, #2744, #5194, .T. ) ;
#2281 = AXIS2_PLACEMENT_3D ( 'NONE', #2866, #5072, #5703 ) ;
#2282 = FACE_OUTER_BOUND ( 'NONE', #644, .T. ) ;
#2283 = DIRECTION ( 'NONE',  ( -0.7071067811865487940, -0.7071067811865463515, 0.000000000000000000 ) ) ;
#2284 = ORIENTED_EDGE ( 'NONE', *, *, #6626, .F. ) ;
#2285 = AXIS2_PLACEMENT_3D ( 'NONE', #4659, #1140, #4593 ) ;
#2286 = CARTESIAN_POINT ( 'NONE',  ( 37.39999999999996305, -1.062038759100783552E-14, 85.36255396478607338 ) ) ;
#2287 = AXIS2_PLACEMENT_3D ( 'NONE', #2837, #7391, #5080 ) ;
#2288 = ORIENTED_EDGE ( 'NONE', *, *, #4062, .F. ) ;
#2289 = EDGE_CURVE ( 'NONE', #5138, #1149, #4112, .T. ) ;
#2290 = ORIENTED_EDGE ( 'NONE', *, *, #7036, .F. ) ;
#2291 = CIRCLE ( 'NONE', #6471, 2.000000000000000444 ) ;
#2292 = EDGE_CURVE ( 'NONE', #2009, #7401, #6391, .T. ) ;
#2293 = ORIENTED_EDGE ( 'NONE', *, *, #6450, .T. ) ;
#2294 = CARTESIAN_POINT ( 'NONE',  ( -39.88825210476638006, 29.94794534432853439, 79.97650420953398509 ) ) ;
#2295 = CARTESIAN_POINT ( 'NONE',  ( 31.39999999999999858, 24.89999999999998082, 4.200000000000001066 ) ) ;
#2296 = DIRECTION ( 'NONE',  ( 0.000000000000000000, 1.000000000000000000, 0.000000000000000000 ) ) ;
#2297 = CARTESIAN_POINT ( 'NONE',  ( 15.90000000000001812, -1.172253085980735212E-14, 96.57462821482180004 ) ) ;
#2298 = DIRECTION ( 'NONE',  ( 1.826024711554535885E-16, 1.000000000000000000, 0.000000000000000000 ) ) ;
#2299 = ORIENTED_EDGE ( 'NONE', *, *, #2727, .F. ) ;
#2300 = ORIENTED_EDGE ( 'NONE', *, *, #2240, .F. ) ;
#2301 = CARTESIAN_POINT ( 'NONE',  ( 49.39999999999999858, 0.000000000000000000, 0.000000000000000000 ) ) ;
#2302 = CARTESIAN_POINT ( 'NONE',  ( 47.89999999999999858, 29.99999999999998579, 108.5000000000000000 ) ) ;
#2303 = CARTESIAN_POINT ( 'NONE',  ( 42.59999999999998721, 9.999999999999994671, 0.8000000000000002665 ) ) ;
#2304 = AXIS2_PLACEMENT_3D ( 'NONE', #6205, #1590, #1068 ) ;
#2305 = CARTESIAN_POINT ( 'NONE',  ( 48.19510742228410294, 11.57564941891532051, 74.93735655670111839 ) ) ;
#2306 = CARTESIAN_POINT ( 'NONE',  ( -49.39999999999999858, 29.99999999999998579, 80.49999999999998579 ) ) ;
#2307 = CARTESIAN_POINT ( 'NONE',  ( -42.59999999999998721, 30.00000000000000000, 0.8000000000000008216 ) ) ;
#2308 = CARTESIAN_POINT ( 'NONE',  ( 49.39999999999999858, 14.53581858547019934, 72.45347970082255529 ) ) ;
#2309 = EDGE_CURVE ( 'NONE', #5564, #6147, #5089, .T. ) ;
#2310 = FACE_OUTER_BOUND ( 'NONE', #3136, .T. ) ;
#2311 = CARTESIAN_POINT ( 'NONE',  ( -14.89769859209248004, 14.66325292048043494, 72.69161683741491231 ) ) ;
#2312 = DIRECTION ( 'NONE',  ( 0.000000000000000000, 0.000000000000000000, -1.000000000000000000 ) ) ;
#2313 = DIRECTION ( 'NONE',  ( 0.000000000000000000, -2.041077998578920060E-17, 1.000000000000000000 ) ) ;
#2314 = VECTOR ( 'NONE', #6476, 1000.000000000000000 ) ;
#2315 = ORIENTED_EDGE ( 'NONE', *, *, #4841, .F. ) ;
#2316 = VERTEX_POINT ( 'NONE', #5723 ) ;
#2317 = EDGE_CURVE ( 'NONE', #2017, #5125, #5124, .T. ) ;
#2318 = CARTESIAN_POINT ( 'NONE',  ( -13.90000000000000213, 0.000000000000000000, 0.000000000000000000 ) ) ;
#2319 = DIRECTION ( 'NONE',  ( 0.000000000000000000, 2.465544075527127488E-16, -1.000000000000000000 ) ) ;
#2320 = EDGE_LOOP ( 'NONE', ( #5417, #2617, #3565, #3488 ) ) ;
#2321 = ADVANCED_FACE ( 'NONE', ( #2244 ), #6819, .T. ) ;
#2322 = CARTESIAN_POINT ( 'NONE',  ( 49.39999999999999858, 11.99999999999181099, 109.7007306840406500 ) ) ;
#2323 = ORIENTED_EDGE ( 'NONE', *, *, #859, .T. ) ;
#2324 = ORIENTED_EDGE ( 'NONE', *, *, #6661, .F. ) ;
#2325 = B_SPLINE_CURVE_WITH_KNOTS ( 'NONE', 1,
 ( #4078, #631 ),
 .UNSPECIFIED., .F., .F.,
 ( 2, 2 ),
 ( 0.000000000000000000, 1.000000000000000000 ),
 .UNSPECIFIED. ) ;
#2326 = VERTEX_POINT ( 'NONE', #65 ) ;
#2327 = CARTESIAN_POINT ( 'NONE',  ( 28.44535901330057825, 22.62595522202898479, 87.84576920793804788 ) ) ;
#2328 = FACE_OUTER_BOUND ( 'NONE', #1717, .T. ) ;
#2329 = EDGE_CURVE ( 'NONE', #1408, #802, #4425, .T. ) ;
#2330 = CARTESIAN_POINT ( 'NONE',  ( -43.39999999999999858, 2.999999999999988898, 2.500000000000003553 ) ) ;
#2331 = ADVANCED_FACE ( 'NONE', ( #2887 ), #4605, .T. ) ;
#2332 = ORIENTED_EDGE ( 'NONE', *, *, #307, .T. ) ;
#2333 = ORIENTED_EDGE ( 'NONE', *, *, #2750, .T. ) ;
#2334 = VECTOR ( 'NONE', #5670, 999.9999999999998863 ) ;
#2335 = CARTESIAN_POINT ( 'NONE',  ( 23.90000000000000568, 1.414213562373088262, 108.5000000000000000 ) ) ;
#2336 = CARTESIAN_POINT ( 'NONE',  ( 31.39999999999999858, 22.99999999999998224, 4.499999999999979572 ) ) ;
#2337 = LINE ( 'NONE', #1801, #5910 ) ;
#2338 = ADVANCED_FACE ( 'NONE', ( #6923 ), #4144, .T. ) ;
#2339 = CARTESIAN_POINT ( 'NONE',  ( -15.90000000000000391, 14.53581858547019756, 72.45347970082255529 ) ) ;
#2340 = AXIS2_PLACEMENT_3D ( 'NONE', #5292, #1322, #3619 ) ;
#2341 = LINE ( 'NONE', #5216, #5513 ) ;
#2342 = CARTESIAN_POINT ( 'NONE',  ( -46.14342145323522715, 8.743421453245463937, 116.0248800989556344 ) ) ;
#2343 = DIRECTION ( 'NONE',  ( 0.000000000000000000, -1.000000000000000000, -9.829967624376073786E-17 ) ) ;
#2344 = CARTESIAN_POINT ( 'NONE',  ( -14.49682348022817457, 17.00000000000000000, 70.84368344315551269 ) ) ;
#2345 = VECTOR ( 'NONE', #4440, 1000.000000000000000 ) ;
#2346 = DIRECTION ( 'NONE',  ( 0.000000000000000000, 0.000000000000000000, -1.000000000000000000 ) ) ;
#2347 = DIRECTION ( 'NONE',  ( -1.000000000000000000, 0.000000000000000000, -0.000000000000000000 ) ) ;
#2348 = AXIS2_PLACEMENT_3D ( 'NONE', #2610, #4893, #2652 ) ;
#2349 = AXIS2_PLACEMENT_3D ( 'NONE', #1370, #50, #1166 ) ;
#2350 = VERTEX_POINT ( 'NONE', #6582 ) ;
#2351 = ORIENTED_EDGE ( 'NONE', *, *, #7248, .T. ) ;
#2352 = DIRECTION ( 'NONE',  ( -0.000000000000000000, -1.000000000000000000, -0.000000000000000000 ) ) ;
#2353 = DIRECTION ( 'NONE',  ( 0.000000000000000000, 0.000000000000000000, 1.000000000000000000 ) ) ;
#2354 = ORIENTED_EDGE ( 'NONE', *, *, #63, .T. ) ;
#2355 = AXIS2_PLACEMENT_3D ( 'NONE', #6131, #3214, #3778 ) ;
#2356 = DIRECTION ( 'NONE',  ( 0.000000000000000000, 0.000000000000000000, -1.000000000000000000 ) ) ;
#2357 = EDGE_CURVE ( 'NONE', #4800, #6464, #3098, .T. ) ;
#2358 = ORIENTED_EDGE ( 'NONE', *, *, #5382, .F. ) ;
#2359 = ORIENTED_EDGE ( 'NONE', *, *, #1451, .F. ) ;
#2360 = VERTEX_POINT ( 'NONE', #6505 ) ;
#2361 = CARTESIAN_POINT ( 'NONE',  ( -38.14999999999999858, 27.99999999999998224, 79.49999999999998579 ) ) ;
#2362 = CARTESIAN_POINT ( 'NONE',  ( 49.39999999999999858, 22.99999999999998579, 65.35118819767305354 ) ) ;
#2363 = LINE ( 'NONE', #2217, #6225 ) ;
#2364 = CARTESIAN_POINT ( 'NONE',  ( 48.50189275783244369, 9.999999999999994671, 2.499999999999998668 ) ) ;
#2365 = VERTEX_POINT ( 'NONE', #3625 ) ;
#2366 = VERTEX_POINT ( 'NONE', #3030 ) ;
#2367 = VECTOR ( 'NONE', #2944, 1000.000000000000000 ) ;
#2368 = ADVANCED_FACE ( 'NONE', ( #807 ), #1921, .F. ) ;
#2369 = LINE ( 'NONE', #1453, #2850 ) ;
#2370 = EDGE_CURVE ( 'NONE', #4413, #2420, #1363, .T. ) ;
#2371 = CARTESIAN_POINT ( 'NONE',  ( 15.90000000000000391, 17.00000000000000000, 73.60254636550102703 ) ) ;
#2372 = LINE ( 'NONE', #4657, #2702 ) ;
#2373 = DIRECTION ( 'NONE',  ( 0.000000000000000000, -1.000000000000000000, -0.000000000000000000 ) ) ;
#2374 = EDGE_CURVE ( 'NONE', #2717, #4494, #358, .T. ) ;
#2375 = CARTESIAN_POINT ( 'NONE',  ( -49.40000000000000568, 11.99999999999998757, 108.5000000000000000 ) ) ;
#2376 = CYLINDRICAL_SURFACE ( 'NONE', #3689, 1.999999999999999556 ) ;
#2377 = PLANE ( 'NONE',  #2395 ) ;
#2378 = ADVANCED_FACE ( 'NONE', ( #3062 ), #4909, .T. ) ;
#2379 = CARTESIAN_POINT ( 'NONE',  ( -48.99021484454121378, 11.60844693241710068, 75.70340099983707205 ) ) ;
#2380 = FACE_OUTER_BOUND ( 'NONE', #6372, .T. ) ;
#2381 = AXIS2_PLACEMENT_3D ( 'NONE', #2121, #6209, #3817 ) ;
#2382 = VERTEX_POINT ( 'NONE', #3701 ) ;
#2383 = ORIENTED_EDGE ( 'NONE', *, *, #2628, .T. ) ;
#2384 = CARTESIAN_POINT ( 'NONE',  ( -28.40000000000000213, 26.46791111376202110, 83.26710447137665483 ) ) ;
#2385 = AXIS2_PLACEMENT_3D ( 'NONE', #132, #1840, #1112 ) ;
#2386 = CARTESIAN_POINT ( 'NONE',  ( 39.14999999999999858, 27.99999999999998224, 78.49999999999998579 ) ) ;
#2387 = ORIENTED_EDGE ( 'NONE', *, *, #6671, .F. ) ;
#2388 = CIRCLE ( 'NONE', #237, 0.8000000000000000444 ) ;
#2389 = AXIS2_PLACEMENT_3D ( 'NONE', #4741, #4779, #7138 ) ;
#2390 = DIRECTION ( 'NONE',  ( -1.000000000000000000, 0.000000000000000000, 0.000000000000000000 ) ) ;
#2391 = AXIS2_PLACEMENT_3D ( 'NONE', #1095, #4500, #1723 ) ;
#2392 = ORIENTED_EDGE ( 'NONE', *, *, #6232, .F. ) ;
#2393 = VECTOR ( 'NONE', #2645, 1000.000000000000000 ) ;
#2394 = ORIENTED_EDGE ( 'NONE', *, *, #38, .T. ) ;
#2395 = AXIS2_PLACEMENT_3D ( 'NONE', #656, #1214, #1069 ) ;
#2396 = CIRCLE ( 'NONE', #5034, 1.500000000000001332 ) ;
#2397 = EDGE_LOOP ( 'NONE', ( #7335, #2000, #1684, #3336, #3219, #326, #2137, #2451 ) ) ;
#2398 = ADVANCED_FACE ( 'NONE', ( #7096 ), #1961, .T. ) ;
#2399 = DIRECTION ( 'NONE',  ( -1.000000000000000000, 0.000000000000000000, 0.000000000000000000 ) ) ;
#2400 = DIRECTION ( 'NONE',  ( 0.000000000000000000, -0.7660444431189792347, 0.6427876096865379196 ) ) ;
#2401 = DIRECTION ( 'NONE',  ( 0.5773502691896257311, -0.5773502691896238437, -0.5773502691896276184 ) ) ;
#2402 = PLANE ( 'NONE',  #2650 ) ;
#2403 = ORIENTED_EDGE ( 'NONE', *, *, #7211, .F. ) ;
#2404 = ORIENTED_EDGE ( 'NONE', *, *, #5303, .T. ) ;
#2405 = EDGE_CURVE ( 'NONE', #6821, #3890, #5978, .T. ) ;
#2406 = LINE ( 'NONE', #755, #4670 ) ;
#2407 = ORIENTED_EDGE ( 'NONE', *, *, #6155, .F. ) ;
#2408 = CARTESIAN_POINT ( 'NONE',  ( -38.56421356237309084, 22.58578643762688642, 78.49999999999998579 ) ) ;
#2409 = CARTESIAN_POINT ( 'NONE',  ( -47.89999999999999858, 5.999999999999995559, 6.500000000000000000 ) ) ;
#2410 = CYLINDRICAL_SURFACE ( 'NONE', #3828, 1.500000000000001332 ) ;
#2411 = EDGE_CURVE ( 'NONE', #2220, #7200, #2505, .T. ) ;
#2412 = CARTESIAN_POINT ( 'NONE',  ( 17.44285190537313213, -1.055039092276781046E-14, 84.65047971475041777 ) ) ;
#2413 = DIRECTION ( 'NONE',  ( 0.5598087876773540916, -0.8278331560322514937, -0.03614397616329827895 ) ) ;
#2414 = CARTESIAN_POINT ( 'NONE',  ( 15.45807562596873019, 0.4419243740312742141, 85.70380963556388565 ) ) ;
#2415 = LINE ( 'NONE', #6982, #5377 ) ;
#2416 = CARTESIAN_POINT ( 'NONE',  ( -42.98578643762689211, 21.99999999999998579, 10.50000000000000711 ) ) ;
#2417 = EDGE_CURVE ( 'NONE', #3741, #6175, #6988, .T. ) ;
#2418 = EDGE_CURVE ( 'NONE', #6223, #4609, #847, .T. ) ;
#2419 = VERTEX_POINT ( 'NONE', #1848 ) ;
#2420 = VERTEX_POINT ( 'NONE', #208 ) ;
#2421 = LINE ( 'NONE', #6986, #2229 ) ;
#2422 = CARTESIAN_POINT ( 'NONE',  ( -38.14999999999999858, 26.99999999999998224, 3.499999999999998668 ) ) ;
#2423 = DIRECTION ( 'NONE',  ( 1.000000000000000000, 0.000000000000000000, 0.000000000000000000 ) ) ;
#2424 = ORIENTED_EDGE ( 'NONE', *, *, #1595, .F. ) ;
#2425 = DIRECTION ( 'NONE',  ( -1.000000000000000000, 0.000000000000000000, 0.000000000000000000 ) ) ;
#2426 = EDGE_CURVE ( 'NONE', #883, #2350, #3470, .T. ) ;
#2427 = CARTESIAN_POINT ( 'NONE',  ( -49.39999999999999858, -17.99361358349709761, 17.99361358349713313 ) ) ;
#2428 = ORIENTED_EDGE ( 'NONE', *, *, #6906, .F. ) ;
#2429 = VERTEX_POINT ( 'NONE', #5411 ) ;
#2430 = ORIENTED_EDGE ( 'NONE', *, *, #1818, .T. ) ;
#2431 = LINE ( 'NONE', #4908, #1193 ) ;
#2432 = DIRECTION ( 'NONE',  ( 0.7071067811865454633, 0.7071067811865497932, 0.000000000000000000 ) ) ;
#2433 = CARTESIAN_POINT ( 'NONE',  ( -47.89999999999999858, 5.999999999999995559, 39.86590682343454972 ) ) ;
#2434 = VERTEX_POINT ( 'NONE', #2571 ) ;
#2435 =( BOUNDED_CURVE ( )  B_SPLINE_CURVE ( 3, ( #6064, #1491, #1526, #3827 ),
 .UNSPECIFIED., .F., .F. ) 
 B_SPLINE_CURVE_WITH_KNOTS ( ( 4, 4 ),
 ( 5.811352633471886797, 6.910316286559075039 ),
 .UNSPECIFIED. ) 
 CURVE ( )  GEOMETRIC_REPRESENTATION_ITEM ( )  RATIONAL_B_SPLINE_CURVE ( ( 1.000000000000000000, 0.9018635001616097657, 0.9018635001616097657, 1.000000000000000000 ) ) 
 REPRESENTATION_ITEM ( '' )  );
#2436 = ORIENTED_EDGE ( 'NONE', *, *, #262, .T. ) ;
#2437 = CARTESIAN_POINT ( 'NONE',  ( 15.01369766035180575, 14.63336195018947983, 72.63575944172542620 ) ) ;
#2438 = ORIENTED_EDGE ( 'NONE', *, *, #3508, .F. ) ;
#2439 = DIRECTION ( 'NONE',  ( -1.000000000000000000, 0.000000000000000000, 0.000000000000000000 ) ) ;
#2440 = CARTESIAN_POINT ( 'NONE',  ( 32.00000000000000000, 22.99999999999998224, 0.7999999999999951594 ) ) ;
#2441 = CARTESIAN_POINT ( 'NONE',  ( 31.39999999999999147, 15.99999999999988631, 4.499999999999977796 ) ) ;
#2442 = CARTESIAN_POINT ( 'NONE',  ( -37.39999999999997726, 2.828427124746180077, 118.5000000000000000 ) ) ;
#2443 = VECTOR ( 'NONE', #4692, 1000.000000000000000 ) ;
#2444 = ADVANCED_FACE ( 'NONE', ( #6545 ), #1401, .T. ) ;
#2445 = DIRECTION ( 'NONE',  ( 0.000000000000000000, 0.000000000000000000, -1.000000000000000000 ) ) ;
#2446 = CARTESIAN_POINT ( 'NONE',  ( -31.99999999999999289, 4.800000000000000711, 0.7999999999999947153 ) ) ;
#2447 = CARTESIAN_POINT ( 'NONE',  ( 39.39999999999997016, 1.999999999999988232, 116.4999999999999858 ) ) ;
#2448 = LINE ( 'NONE', #5859, #5561 ) ;
#2449 = CARTESIAN_POINT ( 'NONE',  ( -28.40000000000000213, 29.99999999999998579, 88.49999999999998579 ) ) ;
#2450 = VERTEX_POINT ( 'NONE', #2004 ) ;
#2451 = ORIENTED_EDGE ( 'NONE', *, *, #3483, .F. ) ;
#2452 = LINE ( 'NONE', #5370, #4859 ) ;
#2453 = EDGE_CURVE ( 'NONE', #665, #1725, #7018, .T. ) ;
#2454 = CARTESIAN_POINT ( 'NONE',  ( -43.39999999999999858, 4.499999999999995559, 40.48722716699418100 ) ) ;
#2455 = DIRECTION ( 'NONE',  ( -0.000000000000000000, -0.000000000000000000, 1.000000000000000000 ) ) ;
#2456 = ORIENTED_EDGE ( 'NONE', *, *, #747, .T. ) ;
#2457 = ADVANCED_FACE ( 'NONE', ( #7060 ), #3663, .T. ) ;
#2458 = LINE ( 'NONE', #3142, #5840 ) ;
#2459 = LINE ( 'NONE', #776, #1676 ) ;
#2460 = VERTEX_POINT ( 'NONE', #2162 ) ;
#2461 = ORIENTED_EDGE ( 'NONE', *, *, #2192, .F. ) ;
#2462 = CIRCLE ( 'NONE', #3551, 1.500000000000001332 ) ;
#2463 = ADVANCED_FACE ( 'NONE', ( #4372 ), #6763, .T. ) ;
#2464 = VECTOR ( 'NONE', #4853, 1000.000000000000000 ) ;
#2465 = DIRECTION ( 'NONE',  ( 0.000000000000000000, 0.000000000000000000, -1.000000000000000000 ) ) ;
#2466 = ORIENTED_EDGE ( 'NONE', *, *, #5344, .F. ) ;
#2467 = DIRECTION ( 'NONE',  ( 0.6081204024113461282, -0.6081204024113420203, 0.5102736053747343181 ) ) ;
#2468 = EDGE_CURVE ( 'NONE', #3261, #4438, #3129, .T. ) ;
#2469 = DIRECTION ( 'NONE',  ( 0.000000000000000000, -2.041077998578920060E-17, 1.000000000000000000 ) ) ;
#2470 = LINE ( 'NONE', #3678, #2876 ) ;
#2471 = ORIENTED_EDGE ( 'NONE', *, *, #2933, .F. ) ;
#2472 = ORIENTED_EDGE ( 'NONE', *, *, #3634, .F. ) ;
#2473 = CARTESIAN_POINT ( 'NONE',  ( 14.39322642205476122, 14.86284310686377452, 73.06459195023401776 ) ) ;
#2474 = ORIENTED_EDGE ( 'NONE', *, *, #6537, .F. ) ;
#2475 = PLANE ( 'NONE',  #5331 ) ;
#2476 = CARTESIAN_POINT ( 'NONE',  ( -15.40000000000000391, 29.99999999999998579, 108.5000000000000000 ) ) ;
#2477 = CARTESIAN_POINT ( 'NONE',  ( -43.45205468269730886, 28.52349585571216650, 64.11810113092207075 ) ) ;
#2478 = DIRECTION ( 'NONE',  ( -0.000000000000000000, -6.911788849595102600E-15, 1.000000000000000000 ) ) ;
#2479 = AXIS2_PLACEMENT_3D ( 'NONE', #83, #2502, #4789 ) ;
#2480 = CARTESIAN_POINT ( 'NONE',  ( -47.80450467011576876, 10.40450467011575064, 112.5289518407671636 ) ) ;
#2481 = LINE ( 'NONE', #6454, #4162 ) ;
#2482 = CARTESIAN_POINT ( 'NONE',  ( -15.90000000000000036, 2.828427124746188071, 108.5000000000000000 ) ) ;
#2483 = CIRCLE ( 'NONE', #2001, 1.500000000000001332 ) ;
#2484 = CARTESIAN_POINT ( 'NONE',  ( -42.39999999999998437, 21.99999999999998579, 10.50000000000000533 ) ) ;
#2485 = ADVANCED_FACE ( 'NONE', ( #6090 ), #6132, .F. ) ;
#2486 = DIRECTION ( 'NONE',  ( 0.000000000000000000, 1.000000000000000000, 0.000000000000000000 ) ) ;
#2487 = ORIENTED_EDGE ( 'NONE', *, *, #5205, .F. ) ;
#2488 = ORIENTED_EDGE ( 'NONE', *, *, #6963, .T. ) ;
#2489 = LINE ( 'NONE', #697, #310 ) ;
#2490 = FACE_OUTER_BOUND ( 'NONE', #2627, .T. ) ;
#2491 = DIRECTION ( 'NONE',  ( -0.000000000000000000, -0.7071067811865512365, -0.7071067811865439090 ) ) ;
#2492 = AXIS2_PLACEMENT_3D ( 'NONE', #3372, #6093, #6249 ) ;
#2493 = VERTEX_POINT ( 'NONE', #362 ) ;
#2494 = DIRECTION ( 'NONE',  ( 0.000000000000000000, 1.000000000000000000, 2.041077998578920060E-17 ) ) ;
#2495 = LINE ( 'NONE', #212, #1196 ) ;
#2496 = ADVANCED_FACE ( 'NONE', ( #5444 ), #1591, .T. ) ;
#2497 = CIRCLE ( 'NONE', #2870, 0.8000000000000000444 ) ;
#2498 = ORIENTED_EDGE ( 'NONE', *, *, #7398, .T. ) ;
#2499 = EDGE_CURVE ( 'NONE', #1900, #5172, #6692, .T. ) ;
#2500 = ORIENTED_EDGE ( 'NONE', *, *, #6423, .T. ) ;
#2501 = DIRECTION ( 'NONE',  ( -1.000000000000000000, 0.000000000000000000, 0.000000000000000000 ) ) ;
#2502 = DIRECTION ( 'NONE',  ( 0.000000000000000000, 0.000000000000000000, -1.000000000000000000 ) ) ;
#2503 = ORIENTED_EDGE ( 'NONE', *, *, #7132, .F. ) ;
#2504 = CARTESIAN_POINT ( 'NONE',  ( 49.24496691904305834, 12.05631942332414397, 75.51549615188667985 ) ) ;
#2505 = CIRCLE ( 'NONE', #2028, 1.600000000000000755 ) ;
#2506 = AXIS2_PLACEMENT_3D ( 'NONE', #3562, #5800, #1974 ) ;
#2507 = DIRECTION ( 'NONE',  ( 0.000000000000000000, 0.7071067811865486830, -0.7071067811865463515 ) ) ;
#2508 = CARTESIAN_POINT ( 'NONE',  ( 28.40000000000000213, 27.99999999999998224, 82.55267969074972711 ) ) ;
#2509 = EDGE_CURVE ( 'NONE', #6072, #681, #882, .T. ) ;
#2510 = CIRCLE ( 'NONE', #3237, 1.499999999999999556 ) ;
#2511 = VERTEX_POINT ( 'NONE', #6734 ) ;
#2512 = EDGE_CURVE ( 'NONE', #5820, #1218, #2654, .T. ) ;
#2513 = AXIS2_PLACEMENT_3D ( 'NONE', #2982, #5253, #130 ) ;
#2514 = VERTEX_POINT ( 'NONE', #2729 ) ;
#2516 =( BOUNDED_CURVE ( )  B_SPLINE_CURVE ( 3, ( #6904, #6552, #6305, #5989 ),
 .UNSPECIFIED., .F., .F. ) 
 B_SPLINE_CURVE_WITH_KNOTS ( ( 4, 4 ),
 ( 4.712388980384687009, 6.283185307179586232 ),
 .UNSPECIFIED. ) 
 CURVE ( )  GEOMETRIC_REPRESENTATION_ITEM ( )  RATIONAL_B_SPLINE_CURVE ( ( 1.000000000000000000, 0.8047378541243643824, 0.8047378541243643824, 1.000000000000000000 ) ) 
 REPRESENTATION_ITEM ( '' )  );
#2515 = VECTOR ( 'NONE', #6964, 1000.000000000000000 ) ;
#2517 = ORIENTED_EDGE ( 'NONE', *, *, #174, .T. ) ;
#2518 = AXIS2_PLACEMENT_3D ( 'NONE', #7322, #23, #6277 ) ;
#2519 = CARTESIAN_POINT ( 'NONE',  ( 15.67842441508793883, 17.00000000000000000, 73.66857845106662239 ) ) ;
#2520 = VERTEX_POINT ( 'NONE', #7216 ) ;
#2521 = DIRECTION ( 'NONE',  ( 0.000000000000000000, 0.000000000000000000, -1.000000000000000000 ) ) ;
#2522 = FACE_OUTER_BOUND ( 'NONE', #3194, .T. ) ;
#2523 = CARTESIAN_POINT ( 'NONE',  ( -45.09272661944368110, 29.46049357241003364, 63.32640039584453007 ) ) ;
#2524 = DIRECTION ( 'NONE',  ( -1.000000000000000000, 0.000000000000000000, 0.000000000000000000 ) ) ;
#2525 = VECTOR ( 'NONE', #942, 1000.000000000000000 ) ;
#2526 = CARTESIAN_POINT ( 'NONE',  ( -28.40000000000000213, 22.07699040570500415, 88.49999999999998579 ) ) ;
#2527 = DIRECTION ( 'NONE',  ( 0.7071067811865451302, -0.7071067811865499042, 0.000000000000000000 ) ) ;
#2528 = DIRECTION ( 'NONE',  ( -0.7071067811865487940, -0.7071067811865463515, 0.000000000000000000 ) ) ;
#2529 = DIRECTION ( 'NONE',  ( 0.000000000000000000, -9.829967624376075018E-17, 1.000000000000000000 ) ) ;
#2530 =( BOUNDED_CURVE ( )  B_SPLINE_CURVE ( 3, ( #4132, #6415, #7166, #797 ),
 .UNSPECIFIED., .F., .F. ) 
 B_SPLINE_CURVE_WITH_KNOTS ( ( 4, 4 ),
 ( 0.000000000000000000, 1.570796326794898112 ),
 .UNSPECIFIED. ) 
 CURVE ( )  GEOMETRIC_REPRESENTATION_ITEM ( )  RATIONAL_B_SPLINE_CURVE ( ( 1.000000000000000000, 0.8047378541243646044, 0.8047378541243646044, 1.000000000000000000 ) ) 
 REPRESENTATION_ITEM ( '' )  );
#2531 = CARTESIAN_POINT ( 'NONE',  ( 32.00000000000000711, 29.19999999999999929, 2.500000000000000000 ) ) ;
#2532 = ORIENTED_EDGE ( 'NONE', *, *, #2782, .T. ) ;
#2533 = EDGE_LOOP ( 'NONE', ( #612, #922, #2053, #1087 ) ) ;
#2534 = CARTESIAN_POINT ( 'NONE',  ( -23.90000000000000568, 2.828427124746187182, 108.5000000000000000 ) ) ;
#2535 = DIRECTION ( 'NONE',  ( 0.000000000000000000, 0.000000000000000000, -1.000000000000000000 ) ) ;
#2536 = DIRECTION ( 'NONE',  ( 0.000000000000000000, -0.7071067811865439090, 0.7071067811865512365 ) ) ;
#2537 = ORIENTED_EDGE ( 'NONE', *, *, #92, .T. ) ;
#2538 = CARTESIAN_POINT ( 'NONE',  ( 39.35933488911556566, 29.86499769986562569, 79.70933488911491338 ) ) ;
#2539 = AXIS2_PLACEMENT_3D ( 'NONE', #2232, #473, #4517 ) ;
#2540 = CARTESIAN_POINT ( 'NONE',  ( -44.22842712474619020, 29.99999999999998224, 79.32842712474615610 ) ) ;
#2541 = ORIENTED_EDGE ( 'NONE', *, *, #1730, .T. ) ;
#2542 = EDGE_CURVE ( 'NONE', #7025, #6936, #5527, .T. ) ;
#2543 = ORIENTED_EDGE ( 'NONE', *, *, #4563, .T. ) ;
#2544 = CARTESIAN_POINT ( 'NONE',  ( 23.90000000000000568, -1.387778780781445676E-14, 118.5000000000000000 ) ) ;
#2545 = CARTESIAN_POINT ( 'NONE',  ( -29.40000000000000213, 17.00000000000000000, 78.49999999999998579 ) ) ;
#2546 = ORIENTED_EDGE ( 'NONE', *, *, #1270, .T. ) ;
#2547 = CARTESIAN_POINT ( 'NONE',  ( 31.39999999999999858, 13.72915026221279966, 2.229150262212904909 ) ) ;
#2548 = CARTESIAN_POINT ( 'NONE',  ( -49.03517574938874191, 11.63517574938872734, 75.59948228479119336 ) ) ;
#2549 = ORIENTED_EDGE ( 'NONE', *, *, #2933, .T. ) ;
#2550 = ORIENTED_EDGE ( 'NONE', *, *, #6164, .T. ) ;
#2551 = ORIENTED_EDGE ( 'NONE', *, *, #954, .T. ) ;
#2552 = ADVANCED_FACE ( 'NONE', ( #3885 ), #5822, .T. ) ;
#2553 = CARTESIAN_POINT ( 'NONE',  ( 43.39999999999999858, 23.70710678118653192, 64.64408141648650030 ) ) ;
#2554 = VERTEX_POINT ( 'NONE', #3997 ) ;
#2555 = CARTESIAN_POINT ( 'NONE',  ( -39.39999999999999858, 4.828427124746200505, 118.5000000000000000 ) ) ;
#2556 = CARTESIAN_POINT ( 'NONE',  ( 15.40000000000000213, 27.99999999999998224, 88.49999999999998579 ) ) ;
#2557 = ADVANCED_FACE ( 'NONE', ( #623 ), #2377, .F. ) ;
#2558 = SPHERICAL_SURFACE ( 'NONE', #6579, 0.8000000000000000444 ) ;
#2559 = DIRECTION ( 'NONE',  ( 0.000000000000000000, 4.956352788505160310E-16, 1.000000000000000000 ) ) ;
#2560 = DIRECTION ( 'NONE',  ( 0.000000000000000000, 0.6427876096865373645, 0.7660444431189796788 ) ) ;
#2561 = LINE ( 'NONE', #6008, #5471 ) ;
#2562 = ADVANCED_FACE ( 'NONE', ( #3469 ), #5628, .T. ) ;
#2563 = CARTESIAN_POINT ( 'NONE',  ( -31.39999999999999858, 22.99999999999998579, 10.50000000000000533 ) ) ;
#2564 = CARTESIAN_POINT ( 'NONE',  ( -14.48578643762691520, 1.414213562373082489, 96.07462821482180004 ) ) ;
#2565 = DIRECTION ( 'NONE',  ( 0.000000000000000000, 0.000000000000000000, 1.000000000000000000 ) ) ;
#2566 = EDGE_LOOP ( 'NONE', ( #2284, #2590, #4092, #627 ) ) ;
#2567 = ORIENTED_EDGE ( 'NONE', *, *, #2765, .T. ) ;
#2568 = DIRECTION ( 'NONE',  ( 0.000000000000000000, -0.6427876096865344779, 0.7660444431189820103 ) ) ;
#2569 = AXIS2_PLACEMENT_3D ( 'NONE', #192, #3014, #7081 ) ;
#2570 = CARTESIAN_POINT ( 'NONE',  ( 38.14999999999999858, 22.99999999999998224, 78.91421356237307805 ) ) ;
#2571 = CARTESIAN_POINT ( 'NONE',  ( -48.81421356237309084, 11.41421356237307805, 75.78489157442020030 ) ) ;
#2572 = ORIENTED_EDGE ( 'NONE', *, *, #2665, .T. ) ;
#2573 = CARTESIAN_POINT ( 'NONE',  ( 39.88815342681817100, 29.99999999999998579, 80.36907671340908621 ) ) ;
#2574 = CARTESIAN_POINT ( 'NONE',  ( 45.50050506338832434, 8.100505063388325766, 116.4999999999999858 ) ) ;
#2575 = ORIENTED_EDGE ( 'NONE', *, *, #3807, .F. ) ;
#2576 = VERTEX_POINT ( 'NONE', #5153 ) ;
#2577 = FACE_OUTER_BOUND ( 'NONE', #3909, .T. ) ;
#2578 = CARTESIAN_POINT ( 'NONE',  ( -43.39999999999999858, 24.89999999999998082, 4.200000000000001066 ) ) ;
#2579 = ORIENTED_EDGE ( 'NONE', *, *, #899, .T. ) ;
#2580 = CARTESIAN_POINT ( 'NONE',  ( 47.39999999999999858, -2.465544075527126995E-16, 0.9999999999999997780 ) ) ;
#2581 = VECTOR ( 'NONE', #5475, 1000.000000000000000 ) ;
#2582 = LINE ( 'NONE', #259, #3323 ) ;
#2583 = EDGE_CURVE ( 'NONE', #135, #6510, #517, .T. ) ;
#2584 = DIRECTION ( 'NONE',  ( 0.7071067811865492381, 0.000000000000000000, 0.7071067811865457964 ) ) ;
#2585 = EDGE_LOOP ( 'NONE', ( #5050, #4931, #2813, #7397 ) ) ;
#2586 = AXIS2_PLACEMENT_3D ( 'NONE', #5975, #3137, #5264 ) ;
#2587 = EDGE_LOOP ( 'NONE', ( #4787, #1753, #7246, #5999, #4009, #2961, #13, #1797, #1690, #7014 ) ) ;
#2588 = EDGE_LOOP ( 'NONE', ( #6662, #1058, #717, #4719 ) ) ;
#2589 = LINE ( 'NONE', #1981, #1897 ) ;
#2590 = ORIENTED_EDGE ( 'NONE', *, *, #1530, .T. ) ;
#2591 = AXIS2_PLACEMENT_3D ( 'NONE', #2318, #1710, #5684 ) ;
#2592 = DIRECTION ( 'NONE',  ( 0.000000000000000000, 9.829967624376075018E-17, -1.000000000000000000 ) ) ;
#2593 = CARTESIAN_POINT ( 'NONE',  ( 31.50470620755459095, 29.29399208413670763, 2.332553364241891192 ) ) ;
#2594 = CIRCLE ( 'NONE', #4146, 2.000000000000000000 ) ;
#2595 = DIRECTION ( 'NONE',  ( -0.000000000000000000, -0.000000000000000000, 1.000000000000000000 ) ) ;
#2596 = FACE_OUTER_BOUND ( 'NONE', #6596, .T. ) ;
#2597 = CARTESIAN_POINT ( 'NONE',  ( -49.39999999999999858, 29.19999999999999929, 2.500000000000000000 ) ) ;
#2598 = EDGE_CURVE ( 'NONE', #4817, #2009, #2911, .T. ) ;
#2599 = EDGE_CURVE ( 'NONE', #5979, #5267, #4666, .T. ) ;
#2600 = DIRECTION ( 'NONE',  ( 1.000000000000000000, 0.000000000000000000, 0.000000000000000000 ) ) ;
#2601 = DIRECTION ( 'NONE',  ( -0.000000000000000000, -0.000000000000000000, 1.000000000000000000 ) ) ;
#2602 = DIRECTION ( 'NONE',  ( -1.000000000000000000, 0.000000000000000000, 0.000000000000000000 ) ) ;
#2603 = CYLINDRICAL_SURFACE ( 'NONE', #1965, 2.000000000000001776 ) ;
#2604 = DIRECTION ( 'NONE',  ( 1.000000000000000000, 0.000000000000000000, -0.000000000000000000 ) ) ;
#2605 = VECTOR ( 'NONE', #6772, 1000.000000000000114 ) ;
#2606 = ADVANCED_FACE ( 'NONE', ( #2838 ), #6206, .T. ) ;
#2607 = EDGE_CURVE ( 'NONE', #6828, #1334, #6942, .T. ) ;
#2608 = ORIENTED_EDGE ( 'NONE', *, *, #6671, .T. ) ;
#2609 = AXIS2_PLACEMENT_3D ( 'NONE', #5436, #309, #6612 ) ;
#2610 = CARTESIAN_POINT ( 'NONE',  ( 32.00000000000000000, 22.99999999999997868, 1.700000000000007061 ) ) ;
#2611 = PLANE ( 'NONE',  #791 ) ;
#2612 = CARTESIAN_POINT ( 'NONE',  ( -49.35722565130357964, 9.463736980564728896, 1.512401167458626627 ) ) ;
#2613 = EDGE_LOOP ( 'NONE', ( #4189, #3823, #4270, #1235, #6920 ) ) ;
#2614 = CARTESIAN_POINT ( 'NONE',  ( 39.14276206100668531, 29.74757278571701491, 79.99638103050280336 ) ) ;
#2615 = FACE_OUTER_BOUND ( 'NONE', #6235, .T. ) ;
#2616 = EDGE_LOOP ( 'NONE', ( #4712, #7365, #1602, #4011, #2567, #3697, #4736, #7002, #414, #6192, #4913, #81, #3495, #3517 ) ) ;
#2617 = ORIENTED_EDGE ( 'NONE', *, *, #6439, .T. ) ;
#2618 = AXIS2_PLACEMENT_3D ( 'NONE', #1125, #2994, #6747 ) ;
#2619 = CYLINDRICAL_SURFACE ( 'NONE', #7128, 0.7999999999999999334 ) ;
#2620 = CARTESIAN_POINT ( 'NONE',  ( -28.40000000000000213, 29.99999999999998579, 88.49999999999998579 ) ) ;
#2621 = VERTEX_POINT ( 'NONE', #5081 ) ;
#2622 = PLANE ( 'NONE',  #1782 ) ;
#2623 = DIRECTION ( 'NONE',  ( 0.000000000000000000, 1.000000000000000000, 0.000000000000000000 ) ) ;
#2624 = DIRECTION ( 'NONE',  ( 0.000000000000000000, 0.000000000000000000, -1.000000000000000000 ) ) ;
#2625 = AXIS2_PLACEMENT_3D ( 'NONE', #6651, #5002, #4446 ) ;
#2626 = VERTEX_POINT ( 'NONE', #4520 ) ;
#2627 = EDGE_LOOP ( 'NONE', ( #1759, #3994, #1939, #6255, #4857, #1407, #3835, #3892, #1156, #6321, #7328, #5572, #210 ) ) ;
#2628 = EDGE_CURVE ( 'NONE', #633, #251, #1661, .T. ) ;
#2629 = AXIS2_PLACEMENT_3D ( 'NONE', #5661, #4016, #3454 ) ;
#2630 = EDGE_LOOP ( 'NONE', ( #5896, #2332, #2324, #4233 ) ) ;
#2631 = DIRECTION ( 'NONE',  ( -0.000000000000000000, 1.000000000000000000, -4.956352788505160310E-16 ) ) ;
#2632 = ORIENTED_EDGE ( 'NONE', *, *, #6183, .F. ) ;
#2633 = FACE_OUTER_BOUND ( 'NONE', #5974, .T. ) ;
#2634 = CARTESIAN_POINT ( 'NONE',  ( 38.14999999999999858, 24.89999999999998082, 3.500000000000001332 ) ) ;
#2635 = VECTOR ( 'NONE', #2631, 1000.000000000000000 ) ;
#2636 = CARTESIAN_POINT ( 'NONE',  ( 44.39999999999999147, 22.99999999999998579, 65.35118819767305354 ) ) ;
#2637 = CARTESIAN_POINT ( 'NONE',  ( -39.39999999999999858, -1.387778780781445676E-14, 118.5000000000000000 ) ) ;
#2638 = VECTOR ( 'NONE', #632, 1000.000000000000114 ) ;
#2639 = AXIS2_PLACEMENT_3D ( 'NONE', #6402, #1265, #5839 ) ;
#2640 = LINE ( 'NONE', #6006, #1331 ) ;
#2641 = ADVANCED_FACE ( 'NONE', ( #1110 ), #1083, .T. ) ;
#2642 = AXIS2_PLACEMENT_3D ( 'NONE', #2303, #6907, #3395 ) ;
#2643 = CARTESIAN_POINT ( 'NONE',  ( 43.39999999999999858, 28.89999999999998082, 2.500000000000000000 ) ) ;
#2644 = DIRECTION ( 'NONE',  ( -8.673617379884051249E-15, -1.000000000000000000, 0.000000000000000000 ) ) ;
#2645 = DIRECTION ( 'NONE',  ( 1.000000000000000000, -0.000000000000000000, -0.000000000000000000 ) ) ;
#2646 = CIRCLE ( 'NONE', #4672, 0.8000000000000000444 ) ;
#2647 = EDGE_CURVE ( 'NONE', #3104, #1360, #4730, .T. ) ;
#2648 = CARTESIAN_POINT ( 'NONE',  ( 13.89999999999990266, 2.000000000000090150, 96.07462821482180004 ) ) ;
#2649 = CARTESIAN_POINT ( 'NONE',  ( 45.26912602265787910, 29.54764649554930855, 63.41355331898380854 ) ) ;
#2650 = AXIS2_PLACEMENT_3D ( 'NONE', #5206, #2931, #3389 ) ;
#2651 = ORIENTED_EDGE ( 'NONE', *, *, #6362, .F. ) ;
#2652 = DIRECTION ( 'NONE',  ( -1.000000000000000000, 0.000000000000000000, 0.000000000000000000 ) ) ;
#2653 = DIRECTION ( 'NONE',  ( 0.5773502691896285066, -0.5773502691896245098, -0.5773502691896245098 ) ) ;
#2654 = LINE ( 'NONE', #321, #5256 ) ;
#2655 = VERTEX_POINT ( 'NONE', #26 ) ;
#2656 = EDGE_CURVE ( 'NONE', #6551, #3010, #4211, .T. ) ;
#2657 = CARTESIAN_POINT ( 'NONE',  ( -13.90000000000000213, 0.000000000000000000, 89.99999999999998579 ) ) ;
#2658 = ADVANCED_FACE ( 'NONE', ( #1281 ), #4171, .T. ) ;
#2659 = ORIENTED_EDGE ( 'NONE', *, *, #990, .T. ) ;
#2660 = VERTEX_POINT ( 'NONE', #732 ) ;
#2661 = LINE ( 'NONE', #6173, #1978 ) ;
#2662 = CARTESIAN_POINT ( 'NONE',  ( 43.39999999999999858, 24.89999999999998082, 4.200000000000001066 ) ) ;
#2663 = CIRCLE ( 'NONE', #4575, 1.000000000000000888 ) ;
#2664 = ORIENTED_EDGE ( 'NONE', *, *, #2843, .F. ) ;
#2665 = EDGE_CURVE ( 'NONE', #5198, #802, #4244, .T. ) ;
#2666 = DIRECTION ( 'NONE',  ( -0.7071067811865475727, 0.7071067811865475727, 1.743402935119549211E-16 ) ) ;
#2667 = LINE ( 'NONE', #4349, #442 ) ;
#2668 = DIRECTION ( 'NONE',  ( -0.000000000000000000, 9.829967624376073786E-17, -1.000000000000000000 ) ) ;
#2669 = ORIENTED_EDGE ( 'NONE', *, *, #1841, .T. ) ;
#2670 = ORIENTED_EDGE ( 'NONE', *, *, #6398, .T. ) ;
#2671 = VERTEX_POINT ( 'NONE', #1244 ) ;
#2672 = CARTESIAN_POINT ( 'NONE',  ( 48.77867965644037440, 5.999999999999998224, 39.86590682343454262 ) ) ;
#2673 = ORIENTED_EDGE ( 'NONE', *, *, #4176, .F. ) ;
#2674 = CARTESIAN_POINT ( 'NONE',  ( 39.39999999999999858, 28.49999999999998224, 108.5000000000000000 ) ) ;
#2675 = LINE ( 'NONE', #7237, #5312 ) ;
#2676 = CARTESIAN_POINT ( 'NONE',  ( 30.40000000000000213, 29.99999999999998579, 90.49999999999998579 ) ) ;
#2677 = EDGE_CURVE ( 'NONE', #6286, #6674, #6233, .T. ) ;
#2678 = CARTESIAN_POINT ( 'NONE',  ( -40.14999999999999858, 29.99999999999998579, 80.49999999999998579 ) ) ;
#2679 = TOROIDAL_SURFACE ( 'NONE', #4591, 1.600000000000000089, 0.8000000000000000444 ) ;
#2680 = CARTESIAN_POINT ( 'NONE',  ( -37.39999999999997726, 2.828427124746180077, 116.4999999999999858 ) ) ;
#2681 = DIRECTION ( 'NONE',  ( 0.000000000000000000, 0.000000000000000000, -1.000000000000000000 ) ) ;
#2682 = DIRECTION ( 'NONE',  ( -1.000000000000000000, 0.000000000000000000, 0.000000000000000000 ) ) ;
#2683 = FACE_OUTER_BOUND ( 'NONE', #715, .T. ) ;
#2684 = CARTESIAN_POINT ( 'NONE',  ( 29.40000000000000213, 21.99999999999998224, 79.49999999999998579 ) ) ;
#2685 = LINE ( 'NONE', #5557, #825 ) ;
#2686 = EDGE_CURVE ( 'NONE', #1269, #6024, #3021, .T. ) ;
#2687 = VERTEX_POINT ( 'NONE', #799 ) ;
#2688 = CARTESIAN_POINT ( 'NONE',  ( 49.39999999999999858, 15.50000000000000178, 72.10254636550102703 ) ) ;
#2689 = CARTESIAN_POINT ( 'NONE',  ( 39.14999999999999858, 21.99999999999998224, 78.49999999999998579 ) ) ;
#2690 = DIRECTION ( 'NONE',  ( 0.000000000000000000, 0.000000000000000000, -1.000000000000000000 ) ) ;
#2691 = ORIENTED_EDGE ( 'NONE', *, *, #3138, .T. ) ;
#2692 = FACE_OUTER_BOUND ( 'NONE', #3354, .T. ) ;
#2693 = ORIENTED_EDGE ( 'NONE', *, *, #2930, .F. ) ;
#2694 = EDGE_CURVE ( 'NONE', #4458, #3338, #5291, .T. ) ;
#2695 = AXIS2_PLACEMENT_3D ( 'NONE', #3419, #1093, #1054 ) ;
#2696 = ORIENTED_EDGE ( 'NONE', *, *, #2192, .T. ) ;
#2697 = EDGE_CURVE ( 'NONE', #4939, #2773, #6705, .T. ) ;
#2698 = DIRECTION ( 'NONE',  ( -0.000000000000000000, 1.000000000000000000, 0.000000000000000000 ) ) ;
#2699 = LINE ( 'NONE', #2620, #94 ) ;
#2700 = ORIENTED_EDGE ( 'NONE', *, *, #4522, .F. ) ;
#2701 = CARTESIAN_POINT ( 'NONE',  ( -48.39999999999999858, 22.99999999999998579, 65.35118819767305354 ) ) ;
#2702 = VECTOR ( 'NONE', #2799, 1000.000000000000000 ) ;
#2703 = DIRECTION ( 'NONE',  ( 1.000000000000000000, 0.000000000000000000, 0.000000000000000000 ) ) ;
#2704 = ORIENTED_EDGE ( 'NONE', *, *, #1571, .F. ) ;
#2705 = EDGE_CURVE ( 'NONE', #464, #5535, #4697, .T. ) ;
#2706 = ORIENTED_EDGE ( 'NONE', *, *, #4671, .F. ) ;
#2707 = ADVANCED_FACE ( 'NONE', ( #5926 ), #199, .T. ) ;
#2708 = ORIENTED_EDGE ( 'NONE', *, *, #1948, .F. ) ;
#2709 = DIRECTION ( 'NONE',  ( 0.000000000000000000, 0.000000000000000000, -1.000000000000000000 ) ) ;
#2710 = ORIENTED_EDGE ( 'NONE', *, *, #6767, .F. ) ;
#2711 = CARTESIAN_POINT ( 'NONE',  ( 39.39999999999999858, 28.49999999999998224, 118.5000000000000000 ) ) ;
#2712 = CARTESIAN_POINT ( 'NONE',  ( -43.39999999999998437, 0.000000000000000000, 9.500000000000005329 ) ) ;
#2713 = LINE ( 'NONE', #6190, #3363 ) ;
#2714 = VECTOR ( 'NONE', #3623, 1000.000000000000000 ) ;
#2715 = DIRECTION ( 'NONE',  ( 0.000000000000000000, 1.000000000000000000, -4.956352788505160310E-16 ) ) ;
#2716 = CARTESIAN_POINT ( 'NONE',  ( 47.89999999999999858, -17.99361358349709761, 17.99361358349713313 ) ) ;
#2717 = VERTEX_POINT ( 'NONE', #5891 ) ;
#2718 = CARTESIAN_POINT ( 'NONE',  ( -32.00000000000000000, 9.999999999999998224, 2.500000000000000000 ) ) ;
#2719 = CARTESIAN_POINT ( 'NONE',  ( 0.000000000000000000, -1.201742988853863452E-14, 99.57462821482178583 ) ) ;
#2720 = AXIS2_PLACEMENT_3D ( 'NONE', #4217, #4705, #6359 ) ;
#2721 = VECTOR ( 'NONE', #6105, 1000.000000000000000 ) ;
#2722 = CARTESIAN_POINT ( 'NONE',  ( 13.90000000000000213, 5.999999999999989342, 100.0746282148217858 ) ) ;
#2723 = CARTESIAN_POINT ( 'NONE',  ( 46.06666666666664156, -1.666666666666682284, 3.333333333333318382 ) ) ;
#2724 = DIRECTION ( 'NONE',  ( -0.000000000000000000, 1.000000000000000000, -0.000000000000000000 ) ) ;
#2725 = CARTESIAN_POINT ( 'NONE',  ( -38.14999999999999858, 24.89999999999998082, 4.200000000000001954 ) ) ;
#2726 = FACE_OUTER_BOUND ( 'NONE', #3780, .T. ) ;
#2727 = EDGE_CURVE ( 'NONE', #2163, #134, #4809, .T. ) ;
#2728 = DIRECTION ( 'NONE',  ( 0.000000000000000000, 0.000000000000000000, 1.000000000000000000 ) ) ;
#2729 = CARTESIAN_POINT ( 'NONE',  ( -15.40000000000000391, 17.00000000000000000, 74.25525001016717397 ) ) ;
#2730 = ORIENTED_EDGE ( 'NONE', *, *, #2509, .F. ) ;
#2731 = DIRECTION ( 'NONE',  ( 1.826024711554535639E-16, -1.000000000000000000, -2.041077998578920060E-17 ) ) ;
#2732 =( BOUNDED_CURVE ( )  B_SPLINE_CURVE ( 3, ( #4279, #7007, #1869, #832 ),
 .UNSPECIFIED., .F., .F. ) 
 B_SPLINE_CURVE_WITH_KNOTS ( ( 4, 4 ),
 ( 1.570796326794897002, 3.141592653589793116 ),
 .UNSPECIFIED. ) 
 CURVE ( )  GEOMETRIC_REPRESENTATION_ITEM ( )  RATIONAL_B_SPLINE_CURVE ( ( 1.000000000000000000, 0.8047378541243650485, 0.8047378541243650485, 1.000000000000000000 ) ) 
 REPRESENTATION_ITEM ( '' )  );
#2733 = VECTOR ( 'NONE', #2601, 1000.000000000000000 ) ;
#2734 = VERTEX_POINT ( 'NONE', #6533 ) ;
#2735 = ORIENTED_EDGE ( 'NONE', *, *, #2893, .T. ) ;
#2736 = AXIS2_PLACEMENT_3D ( 'NONE', #3074, #817, #4654 ) ;
#2737 = DIRECTION ( 'NONE',  ( 0.000000000000000000, 0.7071067811865470176, 0.7071067811865480168 ) ) ;
#2738 = DIRECTION ( 'NONE',  ( 0.000000000000000000, 0.000000000000000000, -1.000000000000000000 ) ) ;
#2739 = ORIENTED_EDGE ( 'NONE', *, *, #6873, .T. ) ;
#2740 = EDGE_CURVE ( 'NONE', #1611, #3582, #2247, .T. ) ;
#2741 = CARTESIAN_POINT ( 'NONE',  ( -36.88236190979490203, -1.762526823040969774E-14, 116.4999999999999716 ) ) ;
#2742 = ORIENTED_EDGE ( 'NONE', *, *, #754, .T. ) ;
#2743 = ORIENTED_EDGE ( 'NONE', *, *, #2765, .F. ) ;
#2744 = VERTEX_POINT ( 'NONE', #3693 ) ;
#2745 = FACE_OUTER_BOUND ( 'NONE', #6902, .T. ) ;
#2746 = ORIENTED_EDGE ( 'NONE', *, *, #6721, .F. ) ;
#2747 = AXIS2_PLACEMENT_3D ( 'NONE', #3217, #5645, #519 ) ;
#2748 = CARTESIAN_POINT ( 'NONE',  ( -15.90000000000000391, 2.828427124746181409, 84.88796213622862297 ) ) ;
#2749 = CARTESIAN_POINT ( 'NONE',  ( 31.44878389599858082, 29.40713882155234415, 2.284466000840246647 ) ) ;
#2750 = EDGE_CURVE ( 'NONE', #6035, #3482, #3054, .T. ) ;
#2751 = CARTESIAN_POINT ( 'NONE',  ( 5.623857625084458967, -28.94771525016921743, 84.72385762508436358 ) ) ;
#2752 = DIRECTION ( 'NONE',  ( 0.000000000000000000, -0.7071067811865499042, 0.7071067811865451302 ) ) ;
#2753 = ADVANCED_FACE ( 'NONE', ( #7048 ), #6417, .T. ) ;
#2754 = FACE_OUTER_BOUND ( 'NONE', #3962, .T. ) ;
#2755 = ORIENTED_EDGE ( 'NONE', *, *, #1664, .T. ) ;
#2756 = CARTESIAN_POINT ( 'NONE',  ( -31.19999999999999929, 22.99999999999998224, 0.7999999999999951594 ) ) ;
#2757 = FACE_OUTER_BOUND ( 'NONE', #6267, .T. ) ;
#2758 = CIRCLE ( 'NONE', #6935, 2.000000000000001776 ) ;
#2759 = CARTESIAN_POINT ( 'NONE',  ( 13.66174864399480171, 17.00000000000000000, 73.72979348360861707 ) ) ;
#2760 = FACE_OUTER_BOUND ( 'NONE', #214, .T. ) ;
#2761 = ADVANCED_FACE ( 'NONE', ( #6383 ), #691, .T. ) ;
#2762 = AXIS2_PLACEMENT_3D ( 'NONE', #138, #282, #250 ) ;
#2763 = CARTESIAN_POINT ( 'NONE',  ( -15.40000000000000213, 17.00000000000000000, 88.49999999999998579 ) ) ;
#2764 = AXIS2_PLACEMENT_3D ( 'NONE', #7238, #2069, #3275 ) ;
#2765 = EDGE_CURVE ( 'NONE', #6072, #6179, #2415, .T. ) ;
#2766 = DIRECTION ( 'NONE',  ( 0.000000000000000000, 1.000000000000000000, 9.829967624376073786E-17 ) ) ;
#2767 = VECTOR ( 'NONE', #6940, 1000.000000000000000 ) ;
#2768 = CARTESIAN_POINT ( 'NONE',  ( 42.59999999999998721, 30.00000000000000000, 1.700000000000000178 ) ) ;
#2769 = PLANE ( 'NONE',  #3849 ) ;
#2770 = VECTOR ( 'NONE', #5304, 999.9999999999998863 ) ;
#2771 = LINE ( 'NONE', #4480, #5752 ) ;
#2772 = DIRECTION ( 'NONE',  ( -0.000000000000000000, -0.000000000000000000, -1.000000000000000000 ) ) ;
#2773 = VERTEX_POINT ( 'NONE', #428 ) ;
#2774 = FACE_OUTER_BOUND ( 'NONE', #6146, .T. ) ;
#2775 = EDGE_LOOP ( 'NONE', ( #6052, #2101, #1460, #4971, #6868 ) ) ;
#2776 = ORIENTED_EDGE ( 'NONE', *, *, #5335, .F. ) ;
#2777 = LINE ( 'NONE', #1779, #4984 ) ;
#2778 = CARTESIAN_POINT ( 'NONE',  ( 31.39999999999999858, 24.89999999999998082, 3.500000000000001332 ) ) ;
#2779 = ORIENTED_EDGE ( 'NONE', *, *, #5930, .F. ) ;
#2780 =( BOUNDED_SURFACE ( )  B_SPLINE_SURFACE ( 3, 2, ( 
 ( #21, #4658, #4099 ),
 ( #2830, #618, #5108 ),
 ( #7385, #2265, #4552 ),
 ( #6836, #1698, #2868 ),
 ( #5849, #4130, #2523 ),
 ( #4724, #4804, #6978 ),
 ( #1276, #3686, #3015 ),
 ( #2477, #4693, #1388 ),
 ( #3572, #5921, #5399 ),
 ( #4167, #3161, #6566 ) ),
 .UNSPECIFIED., .F., .F., .F. ) 
 B_SPLINE_SURFACE_WITH_KNOTS ( ( 4, 2, 2, 2, 4 ),
 ( 3, 3 ),
 ( 3.141592653589793116, 3.534291735288517255, 3.926990816987241395, 4.319689898685965090, 4.712388980384689674 ),
 ( 0.000000000000000000, 1.000000000000000000 ),
 .UNSPECIFIED. ) 
 GEOMETRIC_REPRESENTATION_ITEM ( )  RATIONAL_B_SPLINE_SURFACE ( (
 ( 1.000000000000000000, 0.9238795325112870716, 1.000000000000000000),
 ( 1.000000000000000000, 0.9238886125146087425, 1.000000000000000000),
 ( 1.000000000000000000, 0.9189375384702038740, 1.000000000000000000),
 ( 1.000000000000000000, 0.8994581733803233003, 1.000000000000000000),
 ( 1.000000000000000000, 0.8849191436630532426, 1.000000000000000000),
 ( 1.000000000000000000, 0.8471316639058242837, 1.000000000000000000),
 ( 1.000000000000000000, 0.8238783926675254943, 1.000000000000000000),
 ( 1.000000000000000000, 0.7702345582070972974, 1.000000000000000000),
 ( 1.000000000000000000, 0.7398497489251223413, 1.000000000000000000),
 ( 1.000000000000000000, 0.7071067811865475727, 1.000000000000000000) ) ) 
 REPRESENTATION_ITEM ( '' )  SURFACE ( )  );
#2781 = CARTESIAN_POINT ( 'NONE',  ( -15.90000000000000391, 2.828427124746182741, 100.0746282148217858 ) ) ;
#2782 = EDGE_CURVE ( 'NONE', #5094, #5092, #6572, .T. ) ;
#2783 = ORIENTED_EDGE ( 'NONE', *, *, #5039, .F. ) ;
#2784 = ORIENTED_EDGE ( 'NONE', *, *, #4033, .T. ) ;
#2785 = VERTEX_POINT ( 'NONE', #5555 ) ;
#2786 = CARTESIAN_POINT ( 'NONE',  ( -38.49811044480360778, 29.18653773056839640, 78.84811044480383657 ) ) ;
#2787 = B_SPLINE_SURFACE_WITH_KNOTS ( 'NONE', 1, 3, ( 
 ( #5713, #587, #2379, #5574, #6953, #1177, #448, #1808, #3473, #2878 ),
 ( #2840, #5116, #5818, #693, #5753, #4980, #2912, #7259, #1566, #5156 ) ),
 .UNSPECIFIED., .F., .F., .F.,
 ( 2, 2 ),
 ( 4, 2, 2, 2, 4 ),
 ( 0.000000000000000000, 1.000000000000000000 ),
 ( 3.926990816987247612, 4.123340357836608128, 4.319689898685968643, 4.516039439535329159, 4.712388980384689674 ),
 .UNSPECIFIED. ) ;
#2788 = DIRECTION ( 'NONE',  ( 0.000000000000000000, -2.465544075527127488E-16, 1.000000000000000000 ) ) ;
#2789 = CARTESIAN_POINT ( 'NONE',  ( -49.33603315458948657, 12.30986126991284024, 75.40912274388948333 ) ) ;
#2790 = FACE_OUTER_BOUND ( 'NONE', #2775, .T. ) ;
#2791 = DIRECTION ( 'NONE',  ( -0.000000000000000000, 0.000000000000000000, 1.000000000000000000 ) ) ;
#2792 = ORIENTED_EDGE ( 'NONE', *, *, #5717, .T. ) ;
#2793 = ORIENTED_EDGE ( 'NONE', *, *, #6112, .T. ) ;
#2794 = EDGE_CURVE ( 'NONE', #322, #33, #3246, .T. ) ;
#2795 = CARTESIAN_POINT ( 'NONE',  ( 44.39999999999999147, -1.044187211523073927E-14, 42.35118819767313170 ) ) ;
#2796 = DIRECTION ( 'NONE',  ( 1.000000000000000000, 0.000000000000000000, 1.355252715606877091E-16 ) ) ;
#2797 = ADVANCED_FACE ( 'NONE', ( #2683 ), #5477, .T. ) ;
#2798 = CARTESIAN_POINT ( 'NONE',  ( 13.90000000000000213, 15.37376622893064493, 74.01935637301856730 ) ) ;
#2799 = DIRECTION ( 'NONE',  ( -0.000000000000000000, -1.000000000000000000, -0.000000000000000000 ) ) ;
#2800 = CARTESIAN_POINT ( 'NONE',  ( 43.53263030959259083, 29.21696630365551428, 63.08287312708940675 ) ) ;
#2801 = CARTESIAN_POINT ( 'NONE',  ( 30.39999999999999503, 4.000000000000000000, 1.700000000000007061 ) ) ;
#2802 = EDGE_CURVE ( 'NONE', #381, #6973, #6045, .T. ) ;
#2803 = DIRECTION ( 'NONE',  ( -0.000000000000000000, 9.829967624376073786E-17, -1.000000000000000000 ) ) ;
#2804 = DIRECTION ( 'NONE',  ( 0.000000000000000000, 0.000000000000000000, -1.000000000000000000 ) ) ;
#2805 = LINE ( 'NONE', #4558, #7074 ) ;
#2806 = CARTESIAN_POINT ( 'NONE',  ( -23.90000000000000568, -1.289479104537684876E-14, 108.5000000000000000 ) ) ;
#2807 = VERTEX_POINT ( 'NONE', #2074 ) ;
#2808 = CARTESIAN_POINT ( 'NONE',  ( -23.90000000000000568, -1.387778780781445676E-14, 118.5000000000000000 ) ) ;
#2809 = ORIENTED_EDGE ( 'NONE', *, *, #5706, .F. ) ;
#2810 = VERTEX_POINT ( 'NONE', #7243 ) ;
#2811 = CARTESIAN_POINT ( 'NONE',  ( 39.14999999999998437, 26.99999999999998579, 3.499999999999998668 ) ) ;
#2812 = CYLINDRICAL_SURFACE ( 'NONE', #4308, 1.999999999999997780 ) ;
#2813 = ORIENTED_EDGE ( 'NONE', *, *, #6298, .T. ) ;
#2814 = CARTESIAN_POINT ( 'NONE',  ( -28.40000000000000213, 27.99999999999998224, 88.49999999999998579 ) ) ;
#2815 = ORIENTED_EDGE ( 'NONE', *, *, #92, .F. ) ;
#2816 = VERTEX_POINT ( 'NONE', #2112 ) ;
#2817 = VERTEX_POINT ( 'NONE', #2722 ) ;
#2818 = VECTOR ( 'NONE', #2024, 1000.000000000000000 ) ;
#2819 = EDGE_CURVE ( 'NONE', #6521, #381, #3772, .T. ) ;
#2820 = DIRECTION ( 'NONE',  ( 6.542051911182380545E-15, 0.7071067811865464625, 0.7071067811865486830 ) ) ;
#2821 = LINE ( 'NONE', #567, #4655 ) ;
#2822 = CARTESIAN_POINT ( 'NONE',  ( -49.19766564078472015, 11.94212403583526694, 75.56340683263181290 ) ) ;
#2823 = CYLINDRICAL_SURFACE ( 'NONE', #5140, 1.499999999999999556 ) ;
#2824 = CARTESIAN_POINT ( 'NONE',  ( 47.89999999999999858, 9.999999999999994671, 2.500000000000000000 ) ) ;
#2825 = EDGE_LOOP ( 'NONE', ( #6108, #5383, #3895, #1098 ) ) ;
#2826 = ORIENTED_EDGE ( 'NONE', *, *, #636, .T. ) ;
#2827 = CARTESIAN_POINT ( 'NONE',  ( -13.90000000000000391, 14.93519560395651169, 73.19979739923427076 ) ) ;
#2828 = CARTESIAN_POINT ( 'NONE',  ( 14.30978471622742632, 14.91185920313624891, 73.15618855810603804 ) ) ;
#2829 = CARTESIAN_POINT ( 'NONE',  ( 49.29785248926042840, 12.18399648419673653, 75.46192929152580575 ) ) ;
#2830 = CARTESIAN_POINT ( 'NONE',  ( -45.13815351611955862, 29.99999999999998579, 64.48722716686330614 ) ) ;
#2831 = EDGE_CURVE ( 'NONE', #5655, #3371, #6685, .T. ) ;
#2832 = DIRECTION ( 'NONE',  ( 0.000000000000000000, 4.956352788505160310E-16, 1.000000000000000000 ) ) ;
#2833 = ADVANCED_FACE ( 'NONE', ( #4402 ), #4961, .T. ) ;
#2834 = VECTOR ( 'NONE', #6732, 1000.000000000000000 ) ;
#2835 = CARTESIAN_POINT ( 'NONE',  ( 47.39999999999999858, 12.82842712474618097, 1.261030233079228081E-15 ) ) ;
#2836 = CARTESIAN_POINT ( 'NONE',  ( -28.39999999999999858, 29.17157287525379417, 82.55267969074971290 ) ) ;
#2837 = CARTESIAN_POINT ( 'NONE',  ( 15.90000000000000391, 15.50000000000000178, 73.60254636550102703 ) ) ;
#2838 = FACE_OUTER_BOUND ( 'NONE', #538, .T. ) ;
#2839 = ORIENTED_EDGE ( 'NONE', *, *, #6298, .F. ) ;
#2840 = CARTESIAN_POINT ( 'NONE',  ( -48.10710678118653760, 11.47853273387309336, 75.01884713130118598 ) ) ;
#2841 = FACE_OUTER_BOUND ( 'NONE', #1854, .T. ) ;
#2842 = EDGE_CURVE ( 'NONE', #681, #1368, #3205, .T. ) ;
#2843 = EDGE_CURVE ( 'NONE', #5867, #5420, #989, .T. ) ;
#2844 = ORIENTED_EDGE ( 'NONE', *, *, #2893, .F. ) ;
#2845 = ORIENTED_EDGE ( 'NONE', *, *, #6635, .T. ) ;
#2846 = CARTESIAN_POINT ( 'NONE',  ( 40.14999999999999858, 29.99999999999998579, 84.55267969074972711 ) ) ;
#2847 = DIRECTION ( 'NONE',  ( 0.000000000000000000, -0.7660444431189792347, 0.6427876096865379196 ) ) ;
#2848 = ORIENTED_EDGE ( 'NONE', *, *, #4518, .F. ) ;
#2849 = CARTESIAN_POINT ( 'NONE',  ( -43.39999999999998437, 29.19999999999999929, 2.500000000000002220 ) ) ;
#2850 = VECTOR ( 'NONE', #1371, 1000.000000000000000 ) ;
#2851 = VERTEX_POINT ( 'NONE', #6649 ) ;
#2852 = ORIENTED_EDGE ( 'NONE', *, *, #4854, .T. ) ;
#2853 = AXIS2_PLACEMENT_3D ( 'NONE', #6981, #5781, #3615 ) ;
#2854 = ORIENTED_EDGE ( 'NONE', *, *, #4306, .F. ) ;
#2855 = CARTESIAN_POINT ( 'NONE',  ( 23.90000000000000568, 1.414213562373091371, 117.9142135623730923 ) ) ;
#2856 = DIRECTION ( 'NONE',  ( -1.826024711554535639E-16, 1.000000000000000000, 0.000000000000000000 ) ) ;
#2857 = DIRECTION ( 'NONE',  ( 0.000000000000000000, 0.000000000000000000, -1.000000000000000000 ) ) ;
#2858 = CARTESIAN_POINT ( 'NONE',  ( -29.40000000000000213, 22.99999999999998224, 79.49999999999998579 ) ) ;
#2859 = DIRECTION ( 'NONE',  ( -0.000000000000000000, 1.000000000000000000, -0.000000000000000000 ) ) ;
#2860 = ORIENTED_EDGE ( 'NONE', *, *, #754, .F. ) ;
#2861 = EDGE_CURVE ( 'NONE', #1999, #802, #7182, .T. ) ;
#2862 = VERTEX_POINT ( 'NONE', #1435 ) ;
#2863 = LINE ( 'NONE', #2223, #1763 ) ;
#2864 = VECTOR ( 'NONE', #4523, 999.9999999999998863 ) ;
#2865 = EDGE_CURVE ( 'NONE', #5959, #4458, #4443, .T. ) ;
#2866 = CARTESIAN_POINT ( 'NONE',  ( 47.39999999999999858, 9.999999999999994671, 2.000000000000000000 ) ) ;
#2867 = DIRECTION ( 'NONE',  ( 0.000000000000000000, 0.000000000000000000, -1.000000000000000000 ) ) ;
#2868 = CARTESIAN_POINT ( 'NONE',  ( -45.14819054497704087, 29.49755338052158748, 63.36346020395607326 ) ) ;
#2869 = CARTESIAN_POINT ( 'NONE',  ( 28.40000000000000213, 17.00000000000000000, 88.49999999999998579 ) ) ;
#2870 = AXIS2_PLACEMENT_3D ( 'NONE', #5929, #1356, #4247 ) ;
#2871 = ADVANCED_FACE ( 'NONE', ( #6726 ), #1992, .T. ) ;
#2872 = DIRECTION ( 'NONE',  ( 1.000000000000000000, 0.000000000000000000, -0.000000000000000000 ) ) ;
#2873 = ADVANCED_FACE ( 'NONE', ( #311 ), #948, .F. ) ;
#2874 = CARTESIAN_POINT ( 'NONE',  ( 15.90000000000001812, -1.055039092276781046E-14, 84.65047971475041777 ) ) ;
#2875 = CARTESIAN_POINT ( 'NONE',  ( -15.59500511895732977, 17.00000000000000000, 73.73628035205062758 ) ) ;
#2876 = VECTOR ( 'NONE', #1895, 1000.000000000000114 ) ;
#2877 = ORIENTED_EDGE ( 'NONE', *, *, #5855, .T. ) ;
#2878 = CARTESIAN_POINT ( 'NONE',  ( -49.39999999999999858, 12.82842712474618097, 75.19155853512361887 ) ) ;
#2879 = CARTESIAN_POINT ( 'NONE',  ( 31.39999999999999858, -0.001000000000070389028, 4.500000000000017764 ) ) ;
#2880 = VECTOR ( 'NONE', #5874, 1000.000000000000000 ) ;
#2881 = AXIS2_PLACEMENT_3D ( 'NONE', #4291, #5937, #2690 ) ;
#2882 = AXIS2_PLACEMENT_3D ( 'NONE', #3186, #7196, #2061 ) ;
#2883 = ORIENTED_EDGE ( 'NONE', *, *, #955, .T. ) ;
#2884 = VERTEX_POINT ( 'NONE', #3880 ) ;
#2885 = EDGE_CURVE ( 'NONE', #5524, #4287, #6159, .T. ) ;
#2886 = FACE_OUTER_BOUND ( 'NONE', #5463, .T. ) ;
#2887 = FACE_OUTER_BOUND ( 'NONE', #2133, .T. ) ;
#2888 = ORIENTED_EDGE ( 'NONE', *, *, #2628, .F. ) ;
#2889 = CARTESIAN_POINT ( 'NONE',  ( 41.86159991941683955, 4.461599919416851634, 116.5000000000308233 ) ) ;
#2890 = ORIENTED_EDGE ( 'NONE', *, *, #3006, .F. ) ;
#2891 = VERTEX_POINT ( 'NONE', #5594 ) ;
#2892 = VECTOR ( 'NONE', #1020, 1000.000000000000000 ) ;
#2893 = EDGE_CURVE ( 'NONE', #1675, #5867, #4887, .T. ) ;
#2894 = ORIENTED_EDGE ( 'NONE', *, *, #2418, .F. ) ;
#2895 = CARTESIAN_POINT ( 'NONE',  ( -38.21396669852805417, 28.51856511640535530, 79.53198334926401003 ) ) ;
#2896 = LINE ( 'NONE', #5174, #1014 ) ;
#2897 = DIRECTION ( 'NONE',  ( -0.000000000000000000, -1.000000000000000000, -2.041077998578920060E-17 ) ) ;
#2898 = SHAPE_DEFINITION_REPRESENTATION ( #5648, #6184 ) ;
#2899 = ORIENTED_EDGE ( 'NONE', *, *, #2411, .T. ) ;
#2900 = VERTEX_POINT ( 'NONE', #1136 ) ;
#2901 = FACE_OUTER_BOUND ( 'NONE', #107, .T. ) ;
#2902 = CARTESIAN_POINT ( 'NONE',  ( -31.39999999999999858, 24.89999999999998082, 3.500000000000001332 ) ) ;
#2903 = FACE_OUTER_BOUND ( 'NONE', #6773, .T. ) ;
#2904 = VECTOR ( 'NONE', #6314, 1000.000000000000000 ) ;
#2905 = FACE_OUTER_BOUND ( 'NONE', #1165, .T. ) ;
#2906 = ADVANCED_FACE ( 'NONE', ( #1731 ), #5742, .F. ) ;
#2907 = LINE ( 'NONE', #4513, #3227 ) ;
#2908 = CARTESIAN_POINT ( 'NONE',  ( 49.39999999999999858, -1.172253085980735212E-14, 96.57462821482180004 ) ) ;
#2909 = CARTESIAN_POINT ( 'NONE',  ( -45.54546720135020621, 9.744800885831901738, 116.4966684223807363 ) ) ;
#2910 = CARTESIAN_POINT ( 'NONE',  ( 43.40000000000000568, 9.999999999999994671, 0.7999999999999951594 ) ) ;
#2911 = LINE ( 'NONE', #3504, #1551 ) ;
#2912 = CARTESIAN_POINT ( 'NONE',  ( -48.36801657730209314, 11.92635658768002038, 74.64307830073941830 ) ) ;
#2913 = EDGE_CURVE ( 'NONE', #1194, #4376, #576, .T. ) ;
#2914 = PLANE ( 'NONE',  #3103 ) ;
#2915 = AXIS2_PLACEMENT_3D ( 'NONE', #2301, #6511, #1206 ) ;
#2916 = ORIENTED_EDGE ( 'NONE', *, *, #7301, .T. ) ;
#2917 = VERTEX_POINT ( 'NONE', #6756 ) ;
#2918 = CARTESIAN_POINT ( 'NONE',  ( 47.89999999999999858, 28.49999999999998224, 64.48722716699411706 ) ) ;
#2919 = DIRECTION ( 'NONE',  ( 0.000000000000000000, -1.000000000000000000, -0.000000000000000000 ) ) ;
#2920 = ORIENTED_EDGE ( 'NONE', *, *, #662, .T. ) ;
#2921 = CARTESIAN_POINT ( 'NONE',  ( 13.90000000000000213, 0.000000000000000000, 89.99999999999998579 ) ) ;
#2922 = EDGE_CURVE ( 'NONE', #4347, #6999, #1713, .T. ) ;
#2923 = VERTEX_POINT ( 'NONE', #616 ) ;
#2924 = ADVANCED_FACE ( 'NONE', ( #2903 ), #2263, .T. ) ;
#2925 = ORIENTED_EDGE ( 'NONE', *, *, #6807, .F. ) ;
#2926 = ORIENTED_EDGE ( 'NONE', *, *, #4737, .T. ) ;
#2927 = CARTESIAN_POINT ( 'NONE',  ( -40.14999999999999858, 29.99999999999998579, 80.49999999999998579 ) ) ;
#2928 = DIRECTION ( 'NONE',  ( -0.000000000000000000, -0.6427876096865344779, 0.7660444431189820103 ) ) ;
#2929 = DIRECTION ( 'NONE',  ( 0.000000000000000000, 0.000000000000000000, 1.000000000000000000 ) ) ;
#2930 = EDGE_CURVE ( 'NONE', #3229, #5200, #3595, .T. ) ;
#2931 = DIRECTION ( 'NONE',  ( -0.7071067811865451302, 0.7071067811865500152, 6.950836766040563788E-17 ) ) ;
#2932 = VERTEX_POINT ( 'NONE', #2336 ) ;
#2933 = EDGE_CURVE ( 'NONE', #5959, #4438, #6603, .T. ) ;
#2934 = EDGE_LOOP ( 'NONE', ( #4343, #3218, #529, #2022 ) ) ;
#2935 = TOROIDAL_SURFACE ( 'NONE', #1268, 8.500000000000000000, 1.500000000000000000 ) ;
#2936 = CARTESIAN_POINT ( 'NONE',  ( 32.00000000000000000, 22.99999999999997868, 1.700000000000007061 ) ) ;
#2937 = CARTESIAN_POINT ( 'NONE',  ( -15.40000000000000391, 29.99999999999998579, 90.49999999999998579 ) ) ;
#2938 = CARTESIAN_POINT ( 'NONE',  ( 23.90000000000000568, -1.289479104537684876E-14, 108.5000000000000000 ) ) ;
#2939 = CARTESIAN_POINT ( 'NONE',  ( 48.15339018849303443, 11.52480990511338277, 74.98001597398152285 ) ) ;
#2940 = CARTESIAN_POINT ( 'NONE',  ( -43.39999999999999858, 26.99999999999998224, 3.499999999999998668 ) ) ;
#2941 = VECTOR ( 'NONE', #6983, 1000.000000000000000 ) ;
#2942 = CARTESIAN_POINT ( 'NONE',  ( -43.39999999999997016, 29.66862915010152335, 2.500000000000000000 ) ) ;
#2943 = CARTESIAN_POINT ( 'NONE',  ( -40.81421356237309084, 3.414213562373099808, 116.4999999999999858 ) ) ;
#2944 = DIRECTION ( 'NONE',  ( -1.000000000000000000, -0.000000000000000000, -0.000000000000000000 ) ) ;
#2945 = CARTESIAN_POINT ( 'NONE',  ( -13.94771934141814285, 17.00000000000000355, 71.43818896463032786 ) ) ;
#2946 = VECTOR ( 'NONE', #7206, 1000.000000000000000 ) ;
#2947 = FACE_OUTER_BOUND ( 'NONE', #5462, .T. ) ;
#2948 = CARTESIAN_POINT ( 'NONE',  ( 15.90000000000001812, -1.289479104537684876E-14, 108.5000000000000000 ) ) ;
#2949 = CIRCLE ( 'NONE', #5214, 0.8000000000000000444 ) ;
#2950 = ORIENTED_EDGE ( 'NONE', *, *, #5941, .T. ) ;
#2951 = ADVANCED_FACE ( 'NONE', ( #6307 ), #4549, .F. ) ;
#2952 = ORIENTED_EDGE ( 'NONE', *, *, #2819, .F. ) ;
#2953 = FACE_OUTER_BOUND ( 'NONE', #7392, .T. ) ;
#2954 = DIRECTION ( 'NONE',  ( 1.000000000000000000, -0.000000000000000000, -0.000000000000000000 ) ) ;
#2955 = ORIENTED_EDGE ( 'NONE', *, *, #2861, .T. ) ;
#2956 = VECTOR ( 'NONE', #959, 1000.000000000000000 ) ;
#2957 = VECTOR ( 'NONE', #6970, 1000.000000000000000 ) ;
#2958 = FACE_OUTER_BOUND ( 'NONE', #3268, .T. ) ;
#2959 = ORIENTED_EDGE ( 'NONE', *, *, #165, .F. ) ;
#2960 = EDGE_LOOP ( 'NONE', ( #2575, #1071, #4159, #1726 ) ) ;
#2961 = ORIENTED_EDGE ( 'NONE', *, *, #3064, .T. ) ;
#2962 = EDGE_CURVE ( 'NONE', #2493, #1397, #1079, .T. ) ;
#2963 = CARTESIAN_POINT ( 'NONE',  ( 49.38707803657239026, 12.60114121221211114, 75.28691550620655448 ) ) ;
#2964 = PLANE ( 'NONE',  #4263 ) ;
#2965 = CIRCLE ( 'NONE', #7144, 0.7999999999999986011 ) ;
#2966 = CARTESIAN_POINT ( 'NONE',  ( -31.39999999999999858, 22.99999999999998579, 10.50000000000000533 ) ) ;
#2967 = LINE ( 'NONE', #1096, #6712 ) ;
#2968 = ORIENTED_EDGE ( 'NONE', *, *, #4933, .T. ) ;
#2969 =( BOUNDED_CURVE ( )  B_SPLINE_CURVE ( 3, ( #7051, #1838, #6418, #1915 ),
 .UNSPECIFIED., .F., .F. ) 
 B_SPLINE_CURVE_WITH_KNOTS ( ( 4, 4 ),
 ( 5.811352633471886797, 6.910316286559075039 ),
 .UNSPECIFIED. ) 
 CURVE ( )  GEOMETRIC_REPRESENTATION_ITEM ( )  RATIONAL_B_SPLINE_CURVE ( ( 1.000000000000000000, 0.9018635001616097657, 0.9018635001616097657, 1.000000000000000000 ) ) 
 REPRESENTATION_ITEM ( '' )  );
#2970 = ORIENTED_EDGE ( 'NONE', *, *, #3352, .T. ) ;
#2971 = AXIS2_PLACEMENT_3D ( 'NONE', #2980, #690, #5890 ) ;
#2972 = EDGE_CURVE ( 'NONE', #6867, #2992, #6833, .T. ) ;
#2973 = CARTESIAN_POINT ( 'NONE',  ( -30.40000000000000213, 27.99999999999998224, 0.000000000000000000 ) ) ;
#2974 = DIRECTION ( 'NONE',  ( -1.000000000000000000, 0.000000000000000000, 0.000000000000000000 ) ) ;
#2975 = EDGE_CURVE ( 'NONE', #7135, #4952, #4589, .T. ) ;
#2976 = DIRECTION ( 'NONE',  ( -0.000000000000000000, -0.000000000000000000, -1.000000000000000000 ) ) ;
#2977 = FACE_OUTER_BOUND ( 'NONE', #552, .T. ) ;
#2978 = VECTOR ( 'NONE', #3942, 1000.000000000000000 ) ;
#2979 = CARTESIAN_POINT ( 'NONE',  ( 43.39999999999999858, 26.99999999999998579, 9.500000000000005329 ) ) ;
#2980 = CARTESIAN_POINT ( 'NONE',  ( -47.89999999999999858, 4.499999999999995559, 0.000000000000000000 ) ) ;
#2981 = ADVANCED_FACE ( 'NONE', ( #1765 ), #5068, .T. ) ;
#2982 = CARTESIAN_POINT ( 'NONE',  ( 15.90000000000000391, 2.828427124746192511, 2.780334706416217627E-16 ) ) ;
#2983 = DIRECTION ( 'NONE',  ( 0.000000000000000000, 0.000000000000000000, -1.000000000000000000 ) ) ;
#2984 = CARTESIAN_POINT ( 'NONE',  ( -48.10710678118653760, 11.47853273387309159, 75.01884713130118598 ) ) ;
#2985 = CIRCLE ( 'NONE', #4292, 1.500000000000001332 ) ;
#2986 = ORIENTED_EDGE ( 'NONE', *, *, #5795, .F. ) ;
#2987 = ORIENTED_EDGE ( 'NONE', *, *, #6352, .T. ) ;
#2988 = CARTESIAN_POINT ( 'NONE',  ( 38.96800160917631928, -1.387778780781445676E-14, 86.80991720946376233 ) ) ;
#2989 = CIRCLE ( 'NONE', #6932, 2.000000000000000444 ) ;
#2990 = DIRECTION ( 'NONE',  ( 0.7071067811865524577, -0.7071067811865425767, -1.743402935119536885E-16 ) ) ;
#2991 = CARTESIAN_POINT ( 'NONE',  ( -47.89999999999999858, 29.99999999999998579, 63.86590682343448577 ) ) ;
#2992 = VERTEX_POINT ( 'NONE', #721 ) ;
#2993 = AXIS2_PLACEMENT_3D ( 'NONE', #657, #4668, #624 ) ;
#2994 = DIRECTION ( 'NONE',  ( 1.000000000000000000, 0.000000000000000000, 0.000000000000000000 ) ) ;
#2995 = EDGE_CURVE ( 'NONE', #2128, #1440, #5917, .T. ) ;
#2996 = VECTOR ( 'NONE', #7400, 1000.000000000000114 ) ;
#2997 = LINE ( 'NONE', #177, #2515 ) ;
#2998 = AXIS2_PLACEMENT_3D ( 'NONE', #1201, #5064, #46 ) ;
#2999 = ORIENTED_EDGE ( 'NONE', *, *, #4602, .T. ) ;
#3000 = ORIENTED_EDGE ( 'NONE', *, *, #554, .F. ) ;
#3001 = VECTOR ( 'NONE', #4104, 1000.000000000000000 ) ;
#3002 = VECTOR ( 'NONE', #1190, 1000.000000000000000 ) ;
#3003 = VERTEX_POINT ( 'NONE', #3081 ) ;
#3004 = LINE ( 'NONE', #5275, #356 ) ;
#3005 = DIRECTION ( 'NONE',  ( -0.000000000000000000, -0.000000000000000000, -1.000000000000000000 ) ) ;
#3006 = EDGE_CURVE ( 'NONE', #2671, #5415, #3045, .T. ) ;
#3007 = CARTESIAN_POINT ( 'NONE',  ( 34.39999999999999858, 22.99999999999998579, 10.50000000000000533 ) ) ;
#3008 = AXIS2_PLACEMENT_3D ( 'NONE', #5779, #4059, #6310 ) ;
#3009 = ORIENTED_EDGE ( 'NONE', *, *, #564, .T. ) ;
#3010 = VERTEX_POINT ( 'NONE', #1864 ) ;
#3011 = CARTESIAN_POINT ( 'NONE',  ( 15.38143494633756170, 14.56665633038819685, 72.51110633867665456 ) ) ;
#3012 = ORIENTED_EDGE ( 'NONE', *, *, #5286, .T. ) ;
#3013 = DIRECTION ( 'NONE',  ( 1.000000000000000000, 0.000000000000000000, 0.000000000000000000 ) ) ;
#3014 = DIRECTION ( 'NONE',  ( 0.000000000000000000, 0.000000000000000000, -1.000000000000000000 ) ) ;
#3015 = CARTESIAN_POINT ( 'NONE',  ( -44.96310679681419487, 29.31246964021694268, 63.17837646365143200 ) ) ;
#3016 = PLANE ( 'NONE',  #1913 ) ;
#3017 =( BOUNDED_CURVE ( )  B_SPLINE_CURVE ( 3, ( #6055, #1480, #2574, #4860 ),
 .UNSPECIFIED., .F., .F. ) 
 B_SPLINE_CURVE_WITH_KNOTS ( ( 4, 4 ),
 ( 3.141592653589793116, 4.712388980384689674 ),
 .UNSPECIFIED. ) 
 CURVE ( )  GEOMETRIC_REPRESENTATION_ITEM ( )  RATIONAL_B_SPLINE_CURVE ( ( 1.000000000000000000, 0.8047378541243649375, 0.8047378541243649375, 1.000000000000000000 ) ) 
 REPRESENTATION_ITEM ( '' )  );
#3018 = ADVANCED_FACE ( 'NONE', ( #4163 ), #6230, .T. ) ;
#3019 = EDGE_CURVE ( 'NONE', #5987, #7357, #85, .T. ) ;
#3020 = DIRECTION ( 'NONE',  ( -0.000000000000000000, -0.000000000000000000, -1.000000000000000000 ) ) ;
#3021 = LINE ( 'NONE', #3538, #3001 ) ;
#3022 = DIRECTION ( 'NONE',  ( -0.000000000000000000, -0.000000000000000000, -1.000000000000000000 ) ) ;
#3023 = DIRECTION ( 'NONE',  ( -0.000000000000000000, -0.000000000000000000, 1.000000000000000000 ) ) ;
#3024 = EDGE_CURVE ( 'NONE', #852, #1120, #3243, .T. ) ;
#3025 = EDGE_LOOP ( 'NONE', ( #4798, #5319, #4161 ) ) ;
#3026 = EDGE_CURVE ( 'NONE', #6743, #7333, #6375, .T. ) ;
#3027 = ORIENTED_EDGE ( 'NONE', *, *, #3868, .F. ) ;
#3028 = DIRECTION ( 'NONE',  ( 0.7348087829939151661, -6.667414600709073260E-17, 0.6782743194571067002 ) ) ;
#3029 = CARTESIAN_POINT ( 'NONE',  ( 49.39999999999999858, 12.82842712474617386, 75.19155853512361887 ) ) ;
#3030 = CARTESIAN_POINT ( 'NONE',  ( -43.39999999999999858, 20.99999999999997513, 9.500000000000005329 ) ) ;
#3031 = ORIENTED_EDGE ( 'NONE', *, *, #6473, .T. ) ;
#3032 = DIRECTION ( 'NONE',  ( -0.7071067811865420216, -0.7071067811865531239, 0.000000000000000000 ) ) ;
#3033 = LINE ( 'NONE', #2427, #2770 ) ;
#3034 = AXIS2_PLACEMENT_3D ( 'NONE', #1762, #647, #2465 ) ;
#3035 = ORIENTED_EDGE ( 'NONE', *, *, #1309, .T. ) ;
#3036 = ORIENTED_EDGE ( 'NONE', *, *, #5426, .T. ) ;
#3037 = ORIENTED_EDGE ( 'NONE', *, *, #4701, .F. ) ;
#3038 = CARTESIAN_POINT ( 'NONE',  ( 49.32043657071842802, 12.26896819107575176, 75.42626121448236631 ) ) ;
#3039 = CYLINDRICAL_SURFACE ( 'NONE', #5105, 1.499999999999997113 ) ;
#3040 = LINE ( 'NONE', #675, #360 ) ;
#3041 = ORIENTED_EDGE ( 'NONE', *, *, #5623, .F. ) ;
#3042 = ORIENTED_EDGE ( 'NONE', *, *, #7034, .T. ) ;
#3043 = VECTOR ( 'NONE', #197, 1000.000000000000000 ) ;
#3044 = ADVANCED_FACE ( 'NONE', ( #1311 ), #6406, .T. ) ;
#3045 = LINE ( 'NONE', #1941, #2032 ) ;
#3046 = VERTEX_POINT ( 'NONE', #3607 ) ;
#3047 = CARTESIAN_POINT ( 'NONE',  ( 23.90000000000000568, 29.99999999999998579, 108.5000000000000000 ) ) ;
#3048 = CARTESIAN_POINT ( 'NONE',  ( 43.39999999999999858, 27.99999999999998224, 78.49999999999998579 ) ) ;
#3049 = FACE_OUTER_BOUND ( 'NONE', #3793, .T. ) ;
#3050 = CARTESIAN_POINT ( 'NONE',  ( 42.59999999999998721, 30.00000000000000000, 1.700000000000000178 ) ) ;
#3051 = AXIS2_PLACEMENT_3D ( 'NONE', #5660, #2296, #5622 ) ;
#3052 = DIRECTION ( 'NONE',  ( 0.000000000000000000, 1.000000000000000000, 6.911788849595102600E-15 ) ) ;
#3053 = CYLINDRICAL_SURFACE ( 'NONE', #4758, 2.000000000000002665 ) ;
#3054 = LINE ( 'NONE', #5327, #4783 ) ;
#3055 = EDGE_CURVE ( 'NONE', #5879, #6358, #2406, .T. ) ;
#3056 = VECTOR ( 'NONE', #3989, 1000.000000000000000 ) ;
#3057 = DIRECTION ( 'NONE',  ( 1.000000000000000000, 0.000000000000000000, 0.000000000000000000 ) ) ;
#3058 = EDGE_CURVE ( 'NONE', #2520, #2326, #7021, .T. ) ;
#3059 = ORIENTED_EDGE ( 'NONE', *, *, #152, .T. ) ;
#3060 = ORIENTED_EDGE ( 'NONE', *, *, #6729, .F. ) ;
#3061 = CARTESIAN_POINT ( 'NONE',  ( 30.40000000000000213, 29.99999999999998579, 90.49999999999998579 ) ) ;
#3062 = FACE_OUTER_BOUND ( 'NONE', #3307, .T. ) ;
#3063 = EDGE_LOOP ( 'NONE', ( #1325, #936, #5262, #4902 ) ) ;
#3064 = EDGE_CURVE ( 'NONE', #1397, #1329, #188, .T. ) ;
#3065 = DIRECTION ( 'NONE',  ( -0.5773502691896285066, -0.5773502691896245098, -0.5773502691896245098 ) ) ;
#3066 = EDGE_CURVE ( 'NONE', #1440, #1486, #935, .T. ) ;
#3067 = EDGE_CURVE ( 'NONE', #4939, #2671, #3834, .T. ) ;
#3068 = CARTESIAN_POINT ( 'NONE',  ( -31.39999999999999858, 29.53729350067549930, 2.229150262212904465 ) ) ;
#3069 = ORIENTED_EDGE ( 'NONE', *, *, #1769, .T. ) ;
#3070 = ORIENTED_EDGE ( 'NONE', *, *, #2374, .F. ) ;
#3071 = AXIS2_PLACEMENT_3D ( 'NONE', #1633, #594, #3930 ) ;
#3072 = VECTOR ( 'NONE', #2002, 1000.000000000000227 ) ;
#3073 = CARTESIAN_POINT ( 'NONE',  ( -39.39999999999999858, 28.49999999999998224, 118.5000000000000000 ) ) ;
#3074 = CARTESIAN_POINT ( 'NONE',  ( 15.90000000000000391, 2.828427124746192511, 2.780334706416217627E-16 ) ) ;
#3075 = ORIENTED_EDGE ( 'NONE', *, *, #976, .T. ) ;
#3076 = CARTESIAN_POINT ( 'NONE',  ( 49.38946563636474707, 12.62337436253748457, 75.27758813146249395 ) ) ;
#3077 = DIRECTION ( 'NONE',  ( -0.000000000000000000, -1.000000000000000000, 4.956352788505160310E-16 ) ) ;
#3078 = DIRECTION ( 'NONE',  ( -0.6081204024113447959, 0.6081204024113426865, -0.5102736053747347622 ) ) ;
#3079 = ORIENTED_EDGE ( 'NONE', *, *, #2236, .T. ) ;
#3080 = EDGE_LOOP ( 'NONE', ( #2120, #1088, #2735, #5263 ) ) ;
#3081 = CARTESIAN_POINT ( 'NONE',  ( -39.14999999999998437, 26.99999999999998224, 3.499999999999998668 ) ) ;
#3082 = ORIENTED_EDGE ( 'NONE', *, *, #1909, .T. ) ;
#3083 = LINE ( 'NONE', #231, #5925 ) ;
#3084 = PLANE ( 'NONE',  #1246 ) ;
#3085 = DIRECTION ( 'NONE',  ( 0.000000000000000000, -1.000000000000000000, -2.282530889443168501E-16 ) ) ;
#3086 = DIRECTION ( 'NONE',  ( 0.000000000000000000, 0.000000000000000000, -1.000000000000000000 ) ) ;
#3087 = CIRCLE ( 'NONE', #7380, 9.999999999999994671 ) ;
#3088 = CARTESIAN_POINT ( 'NONE',  ( 47.89999999999999858, 28.49999999999998224, 64.48722716699411706 ) ) ;
#3089 = LINE ( 'NONE', #5854, #3212 ) ;
#3090 = CARTESIAN_POINT ( 'NONE',  ( 23.90000000000000568, 2.828427124746187182, 108.5000000000000000 ) ) ;
#3091 = LINE ( 'NONE', #7090, #5201 ) ;
#3092 = FACE_OUTER_BOUND ( 'NONE', #409, .T. ) ;
#3093 = EDGE_CURVE ( 'NONE', #1922, #680, #5543, .T. ) ;
#3094 = ORIENTED_EDGE ( 'NONE', *, *, #2598, .T. ) ;
#3095 = ORIENTED_EDGE ( 'NONE', *, *, #3026, .F. ) ;
#3096 = DIRECTION ( 'NONE',  ( 0.000000000000000000, -0.7071067811865487940, -0.7071067811865463515 ) ) ;
#3097 = DIRECTION ( 'NONE',  ( -1.000000000000000000, 0.000000000000000000, 1.355252715606877091E-16 ) ) ;
#3098 = LINE ( 'NONE', #2991, #3590 ) ;
#3099 = CIRCLE ( 'NONE', #6327, 2.000000000000001776 ) ;
#3100 = ORIENTED_EDGE ( 'NONE', *, *, #389, .T. ) ;
#3101 = CARTESIAN_POINT ( 'NONE',  ( 39.62650420953295338, 29.94794534432810096, 80.23825210476698544 ) ) ;
#3102 = CARTESIAN_POINT ( 'NONE',  ( 28.40000000000000213, 27.99999999999998224, 78.49999999999998579 ) ) ;
#3103 = AXIS2_PLACEMENT_3D ( 'NONE', #5157, #6354, #4070 ) ;
#3104 = VERTEX_POINT ( 'NONE', #5464 ) ;
#3105 = EDGE_CURVE ( 'NONE', #6133, #6928, #6000, .T. ) ;
#3106 = ORIENTED_EDGE ( 'NONE', *, *, #7321, .T. ) ;
#3107 = ADVANCED_FACE ( 'NONE', ( #5395 ), #864, .F. ) ;
#3108 = LINE ( 'NONE', #4052, #1343 ) ;
#3109 = DIRECTION ( 'NONE',  ( -0.000000000000000000, 1.000000000000000000, -0.000000000000000000 ) ) ;
#3110 = VERTEX_POINT ( 'NONE', #339 ) ;
#3111 = DIRECTION ( 'NONE',  ( -0.000000000000000000, 1.000000000000000000, -0.000000000000000000 ) ) ;
#3112 = AXIS2_PLACEMENT_3D ( 'NONE', #997, #3255, #5007 ) ;
#3113 = VECTOR ( 'NONE', #4580, 1000.000000000000000 ) ;
#3114 = DIRECTION ( 'NONE',  ( 0.000000000000000000, -0.000000000000000000, -1.000000000000000000 ) ) ;
#3115 = DIRECTION ( 'NONE',  ( 0.000000000000000000, 0.000000000000000000, 1.000000000000000000 ) ) ;
#3116 = AXIS2_PLACEMENT_3D ( 'NONE', #5457, #7194, #5497 ) ;
#3117 = ORIENTED_EDGE ( 'NONE', *, *, #2607, .F. ) ;
#3118 = EDGE_CURVE ( 'NONE', #2744, #3509, #2388, .T. ) ;
#3119 = VECTOR ( 'NONE', #3577, 1000.000000000000000 ) ;
#3120 = EDGE_LOOP ( 'NONE', ( #5082, #2474, #5863, #1593 ) ) ;
#3121 = CIRCLE ( 'NONE', #6706, 1.500000000000001332 ) ;
#3122 =( GEOMETRIC_REPRESENTATION_CONTEXT ( 3 ) GLOBAL_UNCERTAINTY_ASSIGNED_CONTEXT ( ( #2047 ) ) GLOBAL_UNIT_ASSIGNED_CONTEXT ( ( #3366, #4594, #3435 ) ) REPRESENTATION_CONTEXT ( 'NONE', 'WORKASPACE' ) );
#3123 = LINE ( 'NONE', #2553, #4432 ) ;
#3124 = ORIENTED_EDGE ( 'NONE', *, *, #6290, .T. ) ;
#3125 = FACE_OUTER_BOUND ( 'NONE', #1298, .T. ) ;
#3126 = DIRECTION ( 'NONE',  ( 1.000000000000000000, 0.000000000000000000, 0.000000000000000000 ) ) ;
#3127 = CARTESIAN_POINT ( 'NONE',  ( -38.14999999999999858, 22.99999999999998579, 10.50000000000000533 ) ) ;
#3128 = CARTESIAN_POINT ( 'NONE',  ( 49.39999999999999858, 9.999999999999992895, 118.5009999999999906 ) ) ;
#3129 = B_SPLINE_CURVE_WITH_KNOTS ( 'NONE', 3,
 ( #960, #1035, #2612, #7286 ),
 .UNSPECIFIED., .F., .F.,
 ( 4, 4 ),
 ( -1.095445231066076861E-05, 0.001773026467502962370 ),
 .UNSPECIFIED. ) ;
#3130 = CARTESIAN_POINT ( 'NONE',  ( 15.40000000000000213, 17.00000000000000000, 88.49999999999998579 ) ) ;
#3131 = CARTESIAN_POINT ( 'NONE',  ( -15.40000000000000213, 17.00000000000000000, 70.38578598473668535 ) ) ;
#3132 = CARTESIAN_POINT ( 'NONE',  ( 44.39999999999999147, 14.80879626116984760, 72.22442423382335619 ) ) ;
#3133 = DIRECTION ( 'NONE',  ( 0.000000000000000000, -1.000000000000000000, 4.956352788505160310E-16 ) ) ;
#3134 = DIRECTION ( 'NONE',  ( -3.727058863615381873E-33, 0.000000000000000000, -1.000000000000000000 ) ) ;
#3135 = ORIENTED_EDGE ( 'NONE', *, *, #4671, .T. ) ;
#3136 = EDGE_LOOP ( 'NONE', ( #4936, #3899, #965, #4141 ) ) ;
#3137 = DIRECTION ( 'NONE',  ( 0.7071067811865530128, -0.4999999999999952260, 0.4999999999999969469 ) ) ;
#3138 = EDGE_CURVE ( 'NONE', #3509, #7212, #4989, .T. ) ;
#3139 = DIRECTION ( 'NONE',  ( 1.000000000000000000, -0.000000000000000000, 0.000000000000000000 ) ) ;
#3140 = DIRECTION ( 'NONE',  ( -0.000000000000000000, -0.000000000000000000, 1.000000000000000000 ) ) ;
#3141 = ORIENTED_EDGE ( 'NONE', *, *, #6219, .T. ) ;
#3142 = CARTESIAN_POINT ( 'NONE',  ( 49.39999999999999858, -4.082155997157840121E-17, 2.000000000000000000 ) ) ;
#3143 = CARTESIAN_POINT ( 'NONE',  ( 15.90000000000000391, 1.542851905373110677, 83.35587324999067960 ) ) ;
#3144 = ORIENTED_EDGE ( 'NONE', *, *, #3302, .T. ) ;
#3145 = ORIENTED_EDGE ( 'NONE', *, *, #7271, .T. ) ;
#3146 = DIRECTION ( 'NONE',  ( 0.000000000000000000, 0.000000000000000000, 1.000000000000000000 ) ) ;
#3147 = CARTESIAN_POINT ( 'NONE',  ( -43.39999999999999858, 17.00000000000000000, 78.49999999999998579 ) ) ;
#3148 = ORIENTED_EDGE ( 'NONE', *, *, #5507, .T. ) ;
#3149 = LINE ( 'NONE', #971, #1548 ) ;
#3150 = DIRECTION ( 'NONE',  ( -0.6785983445458414476, -0.6785983445458509955, 0.2810846377148241149 ) ) ;
#3151 = EDGE_CURVE ( 'NONE', #144, #5879, #7156, .T. ) ;
#3152 = DIRECTION ( 'NONE',  ( 0.5773502691896258421, -0.5773502691896238437, -0.5773502691896277295 ) ) ;
#3153 = EDGE_CURVE ( 'NONE', #4817, #3269, #5958, .T. ) ;
#3154 = ORIENTED_EDGE ( 'NONE', *, *, #2647, .F. ) ;
#3155 = ORIENTED_EDGE ( 'NONE', *, *, #4023, .T. ) ;
#3156 = DIRECTION ( 'NONE',  ( 0.000000000000000000, 0.6427876096865344779, -0.7660444431189820103 ) ) ;
#3157 = ORIENTED_EDGE ( 'NONE', *, *, #5570, .T. ) ;
#3158 = DIRECTION ( 'NONE',  ( 0.000000000000000000, -1.000000000000000000, 0.000000000000000000 ) ) ;
#3159 = CARTESIAN_POINT ( 'NONE',  ( -47.89999999999999858, 28.49999999999997868, 64.48722716699411706 ) ) ;
#3160 = EDGE_CURVE ( 'NONE', #1935, #5094, #6672, .T. ) ;
#3161 = CARTESIAN_POINT ( 'NONE',  ( -43.39999999999999858, 29.06066017177980498, 62.92656699521429431 ) ) ;
#3162 = CARTESIAN_POINT ( 'NONE',  ( 42.59999999999998721, 29.19999999999999929, 5.959947755850446638E-16 ) ) ;
#3163 = DIRECTION ( 'NONE',  ( -1.000000000000000000, 0.000000000000000000, 0.000000000000000000 ) ) ;
#3164 = FACE_OUTER_BOUND ( 'NONE', #813, .T. ) ;
#3165 = DIRECTION ( 'NONE',  ( 0.000000000000000000, -1.000000000000000000, -9.829967624376075018E-17 ) ) ;
#3166 = DIRECTION ( 'NONE',  ( 0.000000000000000000, 0.000000000000000000, -1.000000000000000000 ) ) ;
#3167 = CYLINDRICAL_SURFACE ( 'NONE', #7112, 0.7999999999999986011 ) ;
#3168 = CARTESIAN_POINT ( 'NONE',  ( 32.00000000000000000, 29.19999999999999929, 0.8000000000000008216 ) ) ;
#3169 = VERTEX_POINT ( 'NONE', #2136 ) ;
#3170 = FACE_OUTER_BOUND ( 'NONE', #5542, .T. ) ;
#3171 = AXIS2_PLACEMENT_3D ( 'NONE', #5358, #6490, #724 ) ;
#3172 = FACE_OUTER_BOUND ( 'NONE', #3707, .T. ) ;
#3173 = CARTESIAN_POINT ( 'NONE',  ( 37.39999999999997726, 2.828427124746180077, 116.4999999999999858 ) ) ;
#3174 = UNCERTAINTY_MEASURE_WITH_UNIT (LENGTH_MEASURE( 1.000000000000000082E-05 ), #4582, 'distance_accuracy_value', 'NONE');
#3175 = EDGE_LOOP ( 'NONE', ( #1007, #1273, #2098, #32, #3830, #2498, #4117, #6444, #6226 ) ) ;
#3176 = CARTESIAN_POINT ( 'NONE',  ( 39.75256135753473075, 29.97379281257655848, 80.10256135753529350 ) ) ;
#3177 = LINE ( 'NONE', #6202, #4075 ) ;
#3178 = EDGE_CURVE ( 'NONE', #4609, #6605, #3123, .T. ) ;
#3179 = EDGE_LOOP ( 'NONE', ( #2845, #2739, #6501, #283 ) ) ;
#3180 = ORIENTED_EDGE ( 'NONE', *, *, #5168, .F. ) ;
#3181 = DIRECTION ( 'NONE',  ( 0.000000000000000000, 0.000000000000000000, -1.000000000000000000 ) ) ;
#3182 = CARTESIAN_POINT ( 'NONE',  ( 47.89999999999999858, 5.189339828220176365, 5.189339828220175477 ) ) ;
#3183 = ORIENTED_EDGE ( 'NONE', *, *, #3333, .F. ) ;
#3184 = CARTESIAN_POINT ( 'NONE',  ( 13.90000000000000213, 0.000000000000000000, 100.0746282148217858 ) ) ;
#3185 = CARTESIAN_POINT ( 'NONE',  ( 48.39999999999998437, 22.99999999999998579, 65.35118819767305354 ) ) ;
#3186 = CARTESIAN_POINT ( 'NONE',  ( -32.00000000000000000, 29.19999999999999929, 1.700000000000007061 ) ) ;
#3187 = EDGE_CURVE ( 'NONE', #2434, #3046, #2589, .T. ) ;
#3188 = ORIENTED_EDGE ( 'NONE', *, *, #5665, .F. ) ;
#3189 = AXIS2_PLACEMENT_3D ( 'NONE', #6642, #6716, #938 ) ;
#3190 = EDGE_LOOP ( 'NONE', ( #1383, #4812, #2315, #5347 ) ) ;
#3191 = EDGE_CURVE ( 'NONE', #4610, #134, #6222, .T. ) ;
#3192 = ORIENTED_EDGE ( 'NONE', *, *, #3647, .T. ) ;
#3193 = CARTESIAN_POINT ( 'NONE',  ( 45.40000000000000568, 29.99999999999998579, 78.49999999999998579 ) ) ;
#3194 = EDGE_LOOP ( 'NONE', ( #3450, #2890, #4389, #4318 ) ) ;
#3195 = VECTOR ( 'NONE', #6886, 1000.000000000000000 ) ;
#3196 = CARTESIAN_POINT ( 'NONE',  ( -48.39999999999998437, 12.18563951505962528, 74.42551409200461876 ) ) ;
#3197 = LINE ( 'NONE', #2634, #5558 ) ;
#3198 = VECTOR ( 'NONE', #641, 1000.000000000000000 ) ;
#3199 = FACE_OUTER_BOUND ( 'NONE', #444, .T. ) ;
#3200 = CARTESIAN_POINT ( 'NONE',  ( 32.00000000000000000, 4.800000000000000711, 2.500000000000000000 ) ) ;
#3201 = CARTESIAN_POINT ( 'NONE',  ( 49.39999999999999858, 27.99999999999998224, 80.49999999999998579 ) ) ;
#3202 = ADVANCED_FACE ( 'NONE', ( #1461 ), #1572, .T. ) ;
#3203 = CARTESIAN_POINT ( 'NONE',  ( -49.39999999999999858, -1.368118845532693358E-14, 116.4999999999999716 ) ) ;
#3204 = DIRECTION ( 'NONE',  ( -0.000000000000000000, -4.956352788505160310E-16, -1.000000000000000000 ) ) ;
#3205 = LINE ( 'NONE', #875, #6939 ) ;
#3206 = DIRECTION ( 'NONE',  ( 0.000000000000000000, 0.000000000000000000, -1.000000000000000000 ) ) ;
#3207 = CARTESIAN_POINT ( 'NONE',  ( 45.13815351611955862, 29.99999999999998579, 64.48722716686330614 ) ) ;
#3208 = CIRCLE ( 'NONE', #3924, 1.500000000000001332 ) ;
#3209 = EDGE_CURVE ( 'NONE', #6035, #2932, #6562, .T. ) ;
#3210 =( BOUNDED_CURVE ( )  B_SPLINE_CURVE ( 3, ( #479, #3888, #6804, #2237 ),
 .UNSPECIFIED., .F., .F. ) 
 B_SPLINE_CURVE_WITH_KNOTS ( ( 4, 4 ),
 ( 3.141592653589793116, 4.712388980384689674 ),
 .UNSPECIFIED. ) 
 CURVE ( )  GEOMETRIC_REPRESENTATION_ITEM ( )  RATIONAL_B_SPLINE_CURVE ( ( 1.000000000000000000, 0.8047378541243649375, 0.8047378541243649375, 1.000000000000000000 ) ) 
 REPRESENTATION_ITEM ( '' )  );
#3211 = EDGE_LOOP ( 'NONE', ( #3633, #752, #3069, #506 ) ) ;
#3212 = VECTOR ( 'NONE', #4665, 1000.000000000000000 ) ;
#3213 = CARTESIAN_POINT ( 'NONE',  ( -38.14999999999999858, 25.99999999999998224, 3.732500000000000817 ) ) ;
#3214 = DIRECTION ( 'NONE',  ( -1.826024711554535639E-16, 1.000000000000000000, 0.000000000000000000 ) ) ;
#3215 = CARTESIAN_POINT ( 'NONE',  ( -15.52330660551367991, 17.00000000000000000, 73.82392596667565954 ) ) ;
#3216 = ORIENTED_EDGE ( 'NONE', *, *, #7122, .T. ) ;
#3217 = CARTESIAN_POINT ( 'NONE',  ( 45.40000000000000568, 27.99999999999998224, 118.5000000000000000 ) ) ;
#3218 = ORIENTED_EDGE ( 'NONE', *, *, #6915, .T. ) ;
#3219 = ORIENTED_EDGE ( 'NONE', *, *, #1554, .T. ) ;
#3220 = CIRCLE ( 'NONE', #1774, 1.999999999999999556 ) ;
#3221 = CARTESIAN_POINT ( 'NONE',  ( 31.39999999999999858, 24.89999999999998082, 3.500000000000001332 ) ) ;
#3222 = CARTESIAN_POINT ( 'NONE',  ( -8.062257748298550908, 5.999999999999989342, 99.07462821482178583 ) ) ;
#3223 = ORIENTED_EDGE ( 'NONE', *, *, #1768, .F. ) ;
#3224 = DIRECTION ( 'NONE',  ( 1.000000000000000000, -0.000000000000000000, -0.000000000000000000 ) ) ;
#3225 = CARTESIAN_POINT ( 'NONE',  ( 29.40000000000000213, 17.00000000000000000, 79.49999999999998579 ) ) ;
#3226 = CARTESIAN_POINT ( 'NONE',  ( -30.39999999999999503, 4.000000000000000000, 1.700000000000007061 ) ) ;
#3227 = VECTOR ( 'NONE', #686, 1000.000000000000000 ) ;
#3228 = EDGE_LOOP ( 'NONE', ( #5441, #3869, #7342, #6788, #457 ) ) ;
#3229 = VERTEX_POINT ( 'NONE', #7199 ) ;
#3230 = CIRCLE ( 'NONE', #6337, 1.000000000000000888 ) ;
#3231 = ORIENTED_EDGE ( 'NONE', *, *, #7193, .T. ) ;
#3232 = ADVANCED_FACE ( 'NONE', ( #2065 ), #1230, .T. ) ;
#3233 = CARTESIAN_POINT ( 'NONE',  ( 43.39999999999998437, 30.00000000000000000, 0.8000000000000007105 ) ) ;
#3234 = ORIENTED_EDGE ( 'NONE', *, *, #1516, .F. ) ;
#3235 = CARTESIAN_POINT ( 'NONE',  ( -29.40000000000000213, 21.99999999999998224, 78.49999999999998579 ) ) ;
#3236 = DIRECTION ( 'NONE',  ( 0.000000000000000000, -1.000000000000000000, 0.000000000000000000 ) ) ;
#3237 = AXIS2_PLACEMENT_3D ( 'NONE', #8, #2820, #6187 ) ;
#3238 = DIRECTION ( 'NONE',  ( 0.7071067811865487940, -0.7071067811865463515, 0.000000000000000000 ) ) ;
#3239 = DIRECTION ( 'NONE',  ( -0.000000000000000000, -0.7071067811865483499, -0.7071067811865467956 ) ) ;
#3240 = AXIS2_PLACEMENT_3D ( 'NONE', #772, #2536, #2491 ) ;
#3241 = VECTOR ( 'NONE', #7032, 1000.000000000000000 ) ;
#3242 = CARTESIAN_POINT ( 'NONE',  ( -49.39999999999999858, 15.50000000000000178, 73.60254636550102703 ) ) ;
#3243 = CIRCLE ( 'NONE', #10, 0.8000000000000003775 ) ;
#3244 = CARTESIAN_POINT ( 'NONE',  ( 32.00000000000000000, 13.99999999999989875, 2.500000000000002220 ) ) ;
#3245 = DIRECTION ( 'NONE',  ( -0.5773502691896283956, 0.5773502691896245098, -0.5773502691896245098 ) ) ;
#3246 = LINE ( 'NONE', #5000, #5982 ) ;
#3247 = AXIS2_PLACEMENT_3D ( 'NONE', #2781, #4006, #1 ) ;
#3248 = CARTESIAN_POINT ( 'NONE',  ( 40.14999999999999858, 29.99999999999998579, 84.55267969074972711 ) ) ;
#3249 = AXIS2_PLACEMENT_3D ( 'NONE', #2680, #346, #4437 ) ;
#3250 = ADVANCED_FACE ( 'NONE', ( #2745 ), #3384, .F. ) ;
#3251 = EDGE_CURVE ( 'NONE', #3280, #2005, #2510, .T. ) ;
#3252 = ORIENTED_EDGE ( 'NONE', *, *, #2076, .T. ) ;
#3253 = DIRECTION ( 'NONE',  ( -1.000000000000000000, 0.000000000000000000, 0.000000000000000000 ) ) ;
#3254 = DIRECTION ( 'NONE',  ( 0.000000000000000000, 0.7660444431189792347, -0.6427876096865379196 ) ) ;
#3255 = DIRECTION ( 'NONE',  ( -0.7071067811865451302, 0.7071067811865500152, 6.950836766040563788E-17 ) ) ;
#3256 = VERTEX_POINT ( 'NONE', #2855 ) ;
#3257 = DIRECTION ( 'NONE',  ( 0.000000000000000000, -1.000000000000000000, 0.000000000000000000 ) ) ;
#3258 = EDGE_CURVE ( 'NONE', #2687, #4690, #7356, .T. ) ;
#3259 =( BOUNDED_CURVE ( )  B_SPLINE_CURVE ( 3, ( #4022, #5593, #4587, #6870 ),
 .UNSPECIFIED., .F., .F. ) 
 B_SPLINE_CURVE_WITH_KNOTS ( ( 4, 4 ),
 ( 1.570796326794896558, 3.141592653589793116 ),
 .UNSPECIFIED. ) 
 CURVE ( )  GEOMETRIC_REPRESENTATION_ITEM ( )  RATIONAL_B_SPLINE_CURVE ( ( 1.000000000000000000, 0.8047378541243649375, 0.8047378541243649375, 1.000000000000000000 ) ) 
 REPRESENTATION_ITEM ( '' )  );
#3260 = VERTEX_POINT ( 'NONE', #7306 ) ;
#3261 = VERTEX_POINT ( 'NONE', #4614 ) ;
#3262 = CARTESIAN_POINT ( 'NONE',  ( -48.26783180232096271, 11.68448914516474524, 74.84602918254776682 ) ) ;
#3263 = CARTESIAN_POINT ( 'NONE',  ( 23.90000000000000568, 1.414213562373080935, 117.9142135623730780 ) ) ;
#3264 = ORIENTED_EDGE ( 'NONE', *, *, #7082, .F. ) ;
#3265 = LINE ( 'NONE', #331, #3 ) ;
#3266 = DIRECTION ( 'NONE',  ( 6.938893903907228378E-15, 0.000000000000000000, -1.000000000000000000 ) ) ;
#3267 = CARTESIAN_POINT ( 'NONE',  ( -13.90000000000000213, 42.96779957901746627, 51.20702951416225090 ) ) ;
#3268 = EDGE_LOOP ( 'NONE', ( #3009, #2259, #7000, #3622 ) ) ;
#3269 = VERTEX_POINT ( 'NONE', #4464 ) ;
#3270 = ORIENTED_EDGE ( 'NONE', *, *, #262, .F. ) ;
#3271 = DIRECTION ( 'NONE',  ( 0.000000000000000000, 1.000000000000000000, 0.000000000000000000 ) ) ;
#3272 = ORIENTED_EDGE ( 'NONE', *, *, #6729, .T. ) ;
#3273 = DIRECTION ( 'NONE',  ( -0.000000000000000000, -0.000000000000000000, -1.000000000000000000 ) ) ;
#3274 = FACE_OUTER_BOUND ( 'NONE', #6366, .T. ) ;
#3275 = DIRECTION ( 'NONE',  ( 0.000000000000000000, 0.000000000000000000, 1.000000000000000000 ) ) ;
#3276 = DIRECTION ( 'NONE',  ( 6.542051911182380545E-15, -0.7071067811865464625, -0.7071067811865486830 ) ) ;
#3277 = VECTOR ( 'NONE', #2501, 1000.000000000000000 ) ;
#3278 = CARTESIAN_POINT ( 'NONE',  ( -28.40296816629087928, 22.07699040570500770, 88.49999999999998579 ) ) ;
#3279 = ADVANCED_FACE ( 'NONE', ( #7371 ), #1606, .T. ) ;
#3280 = VERTEX_POINT ( 'NONE', #3417 ) ;
#3281 = DIRECTION ( 'NONE',  ( 1.826024711554535885E-16, -1.000000000000000000, -2.041077998578920060E-17 ) ) ;
#3282 = DIRECTION ( 'NONE',  ( -1.000000000000000000, 0.000000000000000000, 0.000000000000000000 ) ) ;
#3283 = DIRECTION ( 'NONE',  ( 0.000000000000000000, 0.000000000000000000, -1.000000000000000000 ) ) ;
#3284 = DIRECTION ( 'NONE',  ( 0.000000000000000000, -0.7071067811865474617, 0.7071067811865475727 ) ) ;
#3285 = CARTESIAN_POINT ( 'NONE',  ( 44.90000000000000568, 29.06066017177980498, 62.92656699521430141 ) ) ;
#3286 = PRESENTATION_STYLE_ASSIGNMENT (( #6877 ) ) ;
#3287 = CARTESIAN_POINT ( 'NONE',  ( 43.39999999999999858, 27.99999999999998224, 63.86590682343448577 ) ) ;
#3288 = ADVANCED_FACE ( 'NONE', ( #1719 ), #183, .F. ) ;
#3289 = CARTESIAN_POINT ( 'NONE',  ( -30.39999999999999503, 4.000000000000000000, 0.7999999999999951594 ) ) ;
#3290 = CARTESIAN_POINT ( 'NONE',  ( -44.90000000000000568, 4.499999999999995559, 39.86590682343454972 ) ) ;
#3291 = ORIENTED_EDGE ( 'NONE', *, *, #3345, .T. ) ;
#3292 = ADVANCED_FACE ( 'NONE', ( #6931 ), #3558, .F. ) ;
#3293 = PLANE ( 'NONE',  #3702 ) ;
#3294 = ORIENTED_EDGE ( 'NONE', *, *, #2418, .T. ) ;
#3295 = CIRCLE ( 'NONE', #7233, 0.7999999999999999334 ) ;
#3296 = ORIENTED_EDGE ( 'NONE', *, *, #4748, .T. ) ;
#3297 = EDGE_CURVE ( 'NONE', #2900, #2626, #5837, .T. ) ;
#3298 = CARTESIAN_POINT ( 'NONE',  ( -48.39355398350434001, 12.05474179840698135, 74.53535031776979736 ) ) ;
#3299 = CARTESIAN_POINT ( 'NONE',  ( -28.40000000000000213, 27.99999999999998224, 84.55267969074972711 ) ) ;
#3300 = VERTEX_POINT ( 'NONE', #5909 ) ;
#3301 = CARTESIAN_POINT ( 'NONE',  ( 28.40000000000000213, 27.99999999999998224, 84.55267969074972711 ) ) ;
#3302 = EDGE_CURVE ( 'NONE', #7331, #7362, #4018, .T. ) ;
#3303 = AXIS2_PLACEMENT_3D ( 'NONE', #468, #6124, #4445 ) ;
#3304 =( BOUNDED_CURVE ( )  B_SPLINE_CURVE ( 3, ( #3130, #1133, #7379, #4998 ),
 .UNSPECIFIED., .F., .F. ) 
 B_SPLINE_CURVE_WITH_KNOTS ( ( 4, 4 ),
 ( 0.000000000000000000, 1.570796326794896558 ),
 .UNSPECIFIED. ) 
 CURVE ( )  GEOMETRIC_REPRESENTATION_ITEM ( )  RATIONAL_B_SPLINE_CURVE ( ( 1.000000000000000000, 0.8047378541243649375, 0.8047378541243649375, 1.000000000000000000 ) ) 
 REPRESENTATION_ITEM ( '' )  );
#3305 = CARTESIAN_POINT ( 'NONE',  ( -30.39999999999999503, 4.800000000000000711, 2.500000000000000000 ) ) ;
#3306 = ORIENTED_EDGE ( 'NONE', *, *, #6355, .T. ) ;
#3307 = EDGE_LOOP ( 'NONE', ( #7297, #1182, #2877, #556 ) ) ;
#3308 = VECTOR ( 'NONE', #507, 1000.000000000000114 ) ;
#3309 = ORIENTED_EDGE ( 'NONE', *, *, #5077, .T. ) ;
#3310 = EDGE_CURVE ( 'NONE', #3104, #2382, #6434, .T. ) ;
#3311 = CARTESIAN_POINT ( 'NONE',  ( -38.87160734839237364, 29.58157591876748427, 79.22160734839208374 ) ) ;
#3312 = ORIENTED_EDGE ( 'NONE', *, *, #40, .T. ) ;
#3313 = DIRECTION ( 'NONE',  ( 0.000000000000000000, 0.000000000000000000, -1.000000000000000000 ) ) ;
#3314 = DIRECTION ( 'NONE',  ( 0.6081204024113461282, 0.6081204024113420203, -0.5102736053747340961 ) ) ;
#3315 = LINE ( 'NONE', #5512, #4901 ) ;
#3316 = FACE_OUTER_BOUND ( 'NONE', #1040, .T. ) ;
#3317 = VECTOR ( 'NONE', #7223, 1000.000000000000000 ) ;
#3318 = CARTESIAN_POINT ( 'NONE',  ( -13.90000000000000213, 15.50000000000000178, 0.000000000000000000 ) ) ;
#3319 = ORIENTED_EDGE ( 'NONE', *, *, #2656, .T. ) ;
#3320 = LINE ( 'NONE', #465, #396 ) ;
#3321 = CARTESIAN_POINT ( 'NONE',  ( -38.14999999999999858, 29.17157287525379417, 82.55267969074971290 ) ) ;
#3322 = VECTOR ( 'NONE', #1555, 1000.000000000000000 ) ;
#3323 = VECTOR ( 'NONE', #7106, 1000.000000000000000 ) ;
#3324 = DIRECTION ( 'NONE',  ( 1.000000000000000000, 0.000000000000000000, 0.000000000000000000 ) ) ;
#3325 = CARTESIAN_POINT ( 'NONE',  ( -43.39999999999999858, 5.999999999999995559, 6.500000000000000000 ) ) ;
#3326 = LINE ( 'NONE', #469, #4061 ) ;
#3327 = CARTESIAN_POINT ( 'NONE',  ( -47.39999999999999858, 12.82842712474618097, 1.261030233079228081E-15 ) ) ;
#3328 = FILL_AREA_STYLE ('',( #5004 ) ) ;
#3329 = FACE_OUTER_BOUND ( 'NONE', #5, .T. ) ;
#3330 = FACE_OUTER_BOUND ( 'NONE', #4680, .T. ) ;
#3331 = CARTESIAN_POINT ( 'NONE',  ( -13.90000000000000391, 15.50000000000003197, 74.25525001016715976 ) ) ;
#3332 = ORIENTED_EDGE ( 'NONE', *, *, #6398, .F. ) ;
#3333 = EDGE_CURVE ( 'NONE', #2917, #6936, #3588, .T. ) ;
#3334 = DIRECTION ( 'NONE',  ( -1.000000000000000000, 0.000000000000000000, 0.000000000000000000 ) ) ;
#3335 = AXIS2_PLACEMENT_3D ( 'NONE', #391, #5476, #4441 ) ;
#3336 = ORIENTED_EDGE ( 'NONE', *, *, #2149, .F. ) ;
#3337 = EDGE_CURVE ( 'NONE', #1048, #6894, #2131, .T. ) ;
#3338 = VERTEX_POINT ( 'NONE', #109 ) ;
#3339 = DIRECTION ( 'NONE',  ( 0.000000000000000000, 0.000000000000000000, 1.000000000000000000 ) ) ;
#3340 = DIRECTION ( 'NONE',  ( 0.000000000000000000, -1.000000000000000000, -0.000000000000000000 ) ) ;
#3341 = ORIENTED_EDGE ( 'NONE', *, *, #6854, .T. ) ;
#3342 = FACE_OUTER_BOUND ( 'NONE', #787, .T. ) ;
#3343 = EDGE_CURVE ( 'NONE', #756, #2621, #3004, .T. ) ;
#3344 = EDGE_LOOP ( 'NONE', ( #5232, #2503, #1596, #7376, #6156 ) ) ;
#3345 = EDGE_CURVE ( 'NONE', #756, #6223, #2431, .T. ) ;
#3346 = ORIENTED_EDGE ( 'NONE', *, *, #4698, .F. ) ;
#3347 = ORIENTED_EDGE ( 'NONE', *, *, #1527, .T. ) ;
#3348 = CARTESIAN_POINT ( 'NONE',  ( -38.14999999999999858, 28.13090116331778745, 79.50000000001634248 ) ) ;
#3349 = DIRECTION ( 'NONE',  ( 0.000000000000000000, 1.000000000000000000, 2.465544075527127488E-16 ) ) ;
#3350 = CARTESIAN_POINT ( 'NONE',  ( 13.90000000000000213, 27.99999999999998224, 90.49999999999998579 ) ) ;
#3351 = DIRECTION ( 'NONE',  ( -1.000000000000000000, -0.000000000000000000, -0.000000000000000000 ) ) ;
#3352 = EDGE_CURVE ( 'NONE', #7212, #3853, #2025, .T. ) ;
#3353 = LINE ( 'NONE', #7273, #3847 ) ;
#3354 = EDGE_LOOP ( 'NONE', ( #6066, #3100, #4835, #744 ) ) ;
#3355 = ORIENTED_EDGE ( 'NONE', *, *, #6580, .T. ) ;
#3356 = VECTOR ( 'NONE', #3023, 1000.000000000000000 ) ;
#3357 = DIRECTION ( 'NONE',  ( 0.000000000000000000, 0.000000000000000000, 1.000000000000000000 ) ) ;
#3358 = VECTOR ( 'NONE', #3864, 1000.000000000000000 ) ;
#3359 = DIRECTION ( 'NONE',  ( -0.7071067811865487940, 0.7071067811865463515, 0.000000000000000000 ) ) ;
#3360 = CARTESIAN_POINT ( 'NONE',  ( -49.39999999999999858, 29.19999999999999929, 5.959947755850446638E-16 ) ) ;
#3361 = VECTOR ( 'NONE', #2772, 1000.000000000000000 ) ;
#3362 = CARTESIAN_POINT ( 'NONE',  ( 44.96310679681419487, 29.31246964021694268, 63.17837646365143200 ) ) ;
#3363 = VECTOR ( 'NONE', #6152, 1000.000000000000000 ) ;
#3364 = CYLINDRICAL_SURFACE ( 'NONE', #4191, 2.000000000000000000 ) ;
#3365 = VECTOR ( 'NONE', #2150, 1000.000000000000000 ) ;
#3366 =( LENGTH_UNIT ( ) NAMED_UNIT ( * ) SI_UNIT ( .MILLI., .METRE. ) );
#3367 = VECTOR ( 'NONE', #1624, 1000.000000000000114 ) ;
#3368 = DIRECTION ( 'NONE',  ( 1.000000000000000000, 0.000000000000000000, 0.000000000000000000 ) ) ;
#3369 = DIRECTION ( 'NONE',  ( 0.000000000000000000, 0.7071067811865483499, 0.7071067811865467956 ) ) ;
#3370 = CARTESIAN_POINT ( 'NONE',  ( -15.77035873658440934, 17.00000000000000000, 73.62342201006141806 ) ) ;
#3371 = VERTEX_POINT ( 'NONE', #3824 ) ;
#3372 = CARTESIAN_POINT ( 'NONE',  ( 42.59999999999998721, 29.19999999999999929, 0.8000000000000007105 ) ) ;
#3373 = EDGE_LOOP ( 'NONE', ( #5992, #7174, #2987, #6138 ) ) ;
#3374 = EDGE_CURVE ( 'NONE', #3169, #5207, #1932, .T. ) ;
#3375 = ORIENTED_EDGE ( 'NONE', *, *, #1862, .T. ) ;
#3376 = CARTESIAN_POINT ( 'NONE',  ( 44.22842712474619020, 29.99999999999998579, 64.48722716699411706 ) ) ;
#3377 = CARTESIAN_POINT ( 'NONE',  ( -31.19999999999999574, 4.800000000000000711, 2.500000000000002220 ) ) ;
#3378 = VERTEX_POINT ( 'NONE', #7148 ) ;
#3379 = CARTESIAN_POINT ( 'NONE',  ( 46.14342145323522715, 8.743421453245463937, 116.0248800989556344 ) ) ;
#3380 = ORIENTED_EDGE ( 'NONE', *, *, #5654, .T. ) ;
#3381 = ORIENTED_EDGE ( 'NONE', *, *, #4093, .F. ) ;
#3382 = ORIENTED_EDGE ( 'NONE', *, *, #3475, .F. ) ;
#3383 = EDGE_CURVE ( 'NONE', #4460, #363, #6666, .T. ) ;
#3384 = PLANE ( 'NONE',  #480 ) ;
#3385 = FACE_OUTER_BOUND ( 'NONE', #4455, .T. ) ;
#3386 = DIRECTION ( 'NONE',  ( -1.000000000000000000, -0.000000000000000000, -0.000000000000000000 ) ) ;
#3387 = ADVANCED_FACE ( 'NONE', ( #4228 ), #6632, .F. ) ;
#3388 = FACE_OUTER_BOUND ( 'NONE', #1441, .T. ) ;
#3389 = DIRECTION ( 'NONE',  ( 0.000000000000000000, -9.829967624376075018E-17, 1.000000000000000000 ) ) ;
#3390 = EDGE_LOOP ( 'NONE', ( #1448, #2354, #3060, #2249 ) ) ;
#3391 = ORIENTED_EDGE ( 'NONE', *, *, #5747, .T. ) ;
#3392 = LINE ( 'NONE', #2260, #6498 ) ;
#3393 = DIRECTION ( 'NONE',  ( 0.000000000000000000, 0.000000000000000000, 1.000000000000000000 ) ) ;
#3394 = ADVANCED_FACE ( 'NONE', ( #3790 ), #5993, .F. ) ;
#3395 = DIRECTION ( 'NONE',  ( 0.000000000000000000, 0.000000000000000000, -1.000000000000000000 ) ) ;
#3396 = CARTESIAN_POINT ( 'NONE',  ( 47.89999999999999858, 29.99999999999998579, 63.86590682343448577 ) ) ;
#3397 = DIRECTION ( 'NONE',  ( -1.000000000000000000, 0.000000000000000000, 0.000000000000000000 ) ) ;
#3398 = CARTESIAN_POINT ( 'NONE',  ( -40.81421356237309084, 3.414213562373101585, 116.4999999999999858 ) ) ;
#3399 = SURFACE_STYLE_FILL_AREA ( #3328 ) ;
#3400 = CARTESIAN_POINT ( 'NONE',  ( -30.40000000000000213, 29.99999999999998579, 84.55267969074972711 ) ) ;
#3401 = CARTESIAN_POINT ( 'NONE',  ( 38.14999999999999858, 25.99999999999998579, 10.50000000000000355 ) ) ;
#3402 = CARTESIAN_POINT ( 'NONE',  ( -15.86727472095137514, 17.00000000000000000, 73.60254636558707375 ) ) ;
#3403 = ORIENTED_EDGE ( 'NONE', *, *, #286, .F. ) ;
#3404 = FACE_OUTER_BOUND ( 'NONE', #6583, .T. ) ;
#3405 = ORIENTED_EDGE ( 'NONE', *, *, #4833, .T. ) ;
#3406 = EDGE_LOOP ( 'NONE', ( #4678, #4266, #3555, #1012, #2333, #2394, #2793 ) ) ;
#3407 = CARTESIAN_POINT ( 'NONE',  ( 38.81421356237306242, 1.414213562373084931, 116.4999999999999858 ) ) ;
#3408 = CARTESIAN_POINT ( 'NONE',  ( -43.39999999999999858, 15.17860619515672838, 73.21952414394151276 ) ) ;
#3409 = ORIENTED_EDGE ( 'NONE', *, *, #4627, .T. ) ;
#3410 = EDGE_CURVE ( 'NONE', #7331, #4482, #3149, .T. ) ;
#3411 = CARTESIAN_POINT ( 'NONE',  ( 48.81421356237309084, 11.41421356237307450, 108.5000000000000000 ) ) ;
#3412 = AXIS2_PLACEMENT_3D ( 'NONE', #2440, #684, #3126 ) ;
#3413 = ORIENTED_EDGE ( 'NONE', *, *, #4193, .T. ) ;
#3414 = ORIENTED_EDGE ( 'NONE', *, *, #5930, .T. ) ;
#3415 = ORIENTED_EDGE ( 'NONE', *, *, #6810, .F. ) ;
#3416 = VECTOR ( 'NONE', #800, 1000.000000000000000 ) ;
#3417 = CARTESIAN_POINT ( 'NONE',  ( 44.90000000000000568, 29.06066017177979788, 62.92656699521430141 ) ) ;
#3418 = DIRECTION ( 'NONE',  ( 0.000000000000000000, -1.000000000000000000, -2.465544075527127488E-16 ) ) ;
#3419 = CARTESIAN_POINT ( 'NONE',  ( 31.39999999999999858, 22.99999999999998579, 10.50000000000000533 ) ) ;
#3420 = EDGE_CURVE ( 'NONE', #2382, #1445, #3265, .T. ) ;
#3421 = CARTESIAN_POINT ( 'NONE',  ( -23.90000000000000568, 28.49999999999998224, 117.0000000000000000 ) ) ;
#3422 = CARTESIAN_POINT ( 'NONE',  ( 13.90000000000000213, 15.49999999999999645, 74.25525001016717397 ) ) ;
#3423 = ORIENTED_EDGE ( 'NONE', *, *, #3647, .F. ) ;
#3424 = EDGE_CURVE ( 'NONE', #803, #2010, #7045, .T. ) ;
#3425 = VERTEX_POINT ( 'NONE', #2701 ) ;
#3426 = SPHERICAL_SURFACE ( 'NONE', #3991, 0.8000000000000000444 ) ;
#3427 = CARTESIAN_POINT ( 'NONE',  ( 14.10233405827516329, 15.07272186727083074, 73.45679336935072001 ) ) ;
#3428 = CARTESIAN_POINT ( 'NONE',  ( 49.38710796702343941, 12.56663169151499559, 75.30139476085771832 ) ) ;
#3429 = DIRECTION ( 'NONE',  ( 0.000000000000000000, -4.956352788505160310E-16, -1.000000000000000000 ) ) ;
#3430 = DIRECTION ( 'NONE',  ( 0.000000000000000000, 0.000000000000000000, 1.000000000000000000 ) ) ;
#3431 = ADVANCED_FACE ( 'NONE', ( #2092 ), #2622, .F. ) ;
#3432 = AXIS2_PLACEMENT_3D ( 'NONE', #7095, #2990, #5788 ) ;
#3434 = EDGE_CURVE ( 'NONE', #897, #2134, #3754, .T. ) ;
#3433 = CIRCLE ( 'NONE', #1506, 9.414213562373097588 ) ;
#3435 =( NAMED_UNIT ( * ) SI_UNIT ( $, .STERADIAN. ) SOLID_ANGLE_UNIT ( ) );
#3436 = CARTESIAN_POINT ( 'NONE',  ( 38.14999999999999858, 26.46791111376202110, 83.26710447137665483 ) ) ;
#3437 = CARTESIAN_POINT ( 'NONE',  ( 28.40000000000000213, 17.00000000000000000, 88.49999999999998579 ) ) ;
#3438 = DIRECTION ( 'NONE',  ( 0.000000000000000000, 0.000000000000000000, -1.000000000000000000 ) ) ;
#3439 = ORIENTED_EDGE ( 'NONE', *, *, #6436, .F. ) ;
#3440 = LINE ( 'NONE', #1245, #114 ) ;
#3441 = CARTESIAN_POINT ( 'NONE',  ( -49.39999999999999858, 4.499999999999995559, 5.878679656440357171 ) ) ;
#3442 = EDGE_CURVE ( 'NONE', #357, #7362, #6514, .T. ) ;
#3443 = ORIENTED_EDGE ( 'NONE', *, *, #269, .F. ) ;
#3444 = ORIENTED_EDGE ( 'NONE', *, *, #6580, .F. ) ;
#3445 = DIRECTION ( 'NONE',  ( 0.7071067811865457964, -0.7071067811865492381, 0.000000000000000000 ) ) ;
#3446 = ORIENTED_EDGE ( 'NONE', *, *, #4311, .T. ) ;
#3447 = DIRECTION ( 'NONE',  ( 0.000000000000000000, 0.000000000000000000, 1.000000000000000000 ) ) ;
#3448 = AXIS2_PLACEMENT_3D ( 'NONE', #17, #6196, #2261 ) ;
#3449 = ORIENTED_EDGE ( 'NONE', *, *, #6568, .F. ) ;
#3450 = ORIENTED_EDGE ( 'NONE', *, *, #2096, .T. ) ;
#3451 = VERTEX_POINT ( 'NONE', #4827 ) ;
#3452 = CARTESIAN_POINT ( 'NONE',  ( -38.33919584504815248, 28.90841389844877440, 78.68919584504790521 ) ) ;
#3453 = CARTESIAN_POINT ( 'NONE',  ( -44.04906666467846321, 15.50000000000000178, 72.10254636550102703 ) ) ;
#3454 = DIRECTION ( 'NONE',  ( 0.000000000000000000, -2.041077998578920060E-17, 1.000000000000000000 ) ) ;
#3455 = DIRECTION ( 'NONE',  ( 1.000000000000000000, -0.000000000000000000, -0.000000000000000000 ) ) ;
#3456 = EDGE_LOOP ( 'NONE', ( #4525, #3753, #340, #3319, #1955, #3871, #378 ) ) ;
#3457 = ORIENTED_EDGE ( 'NONE', *, *, #103, .T. ) ;
#3458 = EDGE_CURVE ( 'NONE', #3046, #5492, #2758, .T. ) ;
#3459 = LINE ( 'NONE', #5739, #3543 ) ;
#3460 = CARTESIAN_POINT ( 'NONE',  ( 31.99999999999999289, 4.800000000000000711, 0.7999999999999947153 ) ) ;
#3461 = CIRCLE ( 'NONE', #2381, 1.500000000000001332 ) ;
#3462 = CARTESIAN_POINT ( 'NONE',  ( 43.39999999999999858, 4.499999999999995559, 40.48722716699418100 ) ) ;
#3463 = DIRECTION ( 'NONE',  ( 0.000000000000000000, 0.000000000000000000, -1.000000000000000000 ) ) ;
#3464 = CARTESIAN_POINT ( 'NONE',  ( -15.90000000000001812, -1.069038425924786372E-14, 86.07462821482178583 ) ) ;
#3465 = CARTESIAN_POINT ( 'NONE',  ( -13.90000000000000213, 17.00000000000000000, 88.49999999999998579 ) ) ;
#3466 = CIRCLE ( 'NONE', #5843, 0.8000000000000000444 ) ;
#3467 = CARTESIAN_POINT ( 'NONE',  ( -49.13972676554589469, 12.62020853718262003, 111.1174788463384147 ) ) ;
#3468 = CYLINDRICAL_SURFACE ( 'NONE', #5154, 0.7999999999999999334 ) ;
#3469 = FACE_OUTER_BOUND ( 'NONE', #722, .T. ) ;
#3470 = CIRCLE ( 'NONE', #5146, 2.000000000000000000 ) ;
#3471 = VECTOR ( 'NONE', #6481, 1000.000000000000114 ) ;
#3472 = EDGE_CURVE ( 'NONE', #6764, #1935, #6452, .T. ) ;
#3473 = CARTESIAN_POINT ( 'NONE',  ( -49.40000881912935426, 12.69752669922418953, 75.24647778451182489 ) ) ;
#3474 = DIRECTION ( 'NONE',  ( 0.000000000000000000, -1.000000000000000000, 0.000000000000000000 ) ) ;
#3475 = EDGE_CURVE ( 'NONE', #633, #4800, #1425, .T. ) ;
#3476 = VECTOR ( 'NONE', #7266, 1000.000000000000000 ) ;
#3477 = AXIS2_PLACEMENT_3D ( 'NONE', #4769, #1393, #4172 ) ;
#3478 = ORIENTED_EDGE ( 'NONE', *, *, #452, .T. ) ;
#3479 = EDGE_LOOP ( 'NONE', ( #2383, #6325, #4652, #3382 ) ) ;
#3480 = FACE_OUTER_BOUND ( 'NONE', #3175, .T. ) ;
#3481 = DIRECTION ( 'NONE',  ( -6.842277657836020854E-49, -2.041077998578920060E-17, 1.000000000000000000 ) ) ;
#3482 = VERTEX_POINT ( 'NONE', #2547 ) ;
#3483 = EDGE_CURVE ( 'NONE', #2817, #443, #7105, .T. ) ;
#3484 = VECTOR ( 'NONE', #2859, 1000.000000000000000 ) ;
#3485 = EDGE_CURVE ( 'NONE', #1153, #2134, #4773, .T. ) ;
#3486 = FACE_OUTER_BOUND ( 'NONE', #6561, .T. ) ;
#3487 = VERTEX_POINT ( 'NONE', #2580 ) ;
#3488 = ORIENTED_EDGE ( 'NONE', *, *, #165, .T. ) ;
#3489 = ORIENTED_EDGE ( 'NONE', *, *, #3058, .F. ) ;
#3490 = DIRECTION ( 'NONE',  ( -0.7071067811865451302, -0.7071067811865500152, 0.000000000000000000 ) ) ;
#3491 = DIRECTION ( 'NONE',  ( 0.000000000000000000, -1.000000000000000000, 0.000000000000000000 ) ) ;
#3492 = CARTESIAN_POINT ( 'NONE',  ( -32.00000000000000000, 28.89999999999998082, 2.500000000000000000 ) ) ;
#3493 = EDGE_LOOP ( 'NONE', ( #6560, #3675, #2659, #3594, #2664, #2844, #1418, #6803, #497 ) ) ;
#3494 =( BOUNDED_CURVE ( )  B_SPLINE_CURVE ( 3, ( #5698, #5734, #2257, #1794 ),
 .UNSPECIFIED., .F., .F. ) 
 B_SPLINE_CURVE_WITH_KNOTS ( ( 4, 4 ),
 ( 3.141592653589792672, 3.713952838562957659 ),
 .UNSPECIFIED. ) 
 CURVE ( )  GEOMETRIC_REPRESENTATION_ITEM ( )  RATIONAL_B_SPLINE_CURVE ( ( 1.000000000000000000, 0.9728861284783265617, 0.9728861284783265617, 1.000000000000000000 ) ) 
 REPRESENTATION_ITEM ( '' )  );
#3495 = ORIENTED_EDGE ( 'NONE', *, *, #5303, .F. ) ;
#3496 = CARTESIAN_POINT ( 'NONE',  ( 43.39999999999999858, 27.99999999999998224, 63.98722716699411706 ) ) ;
#3497 = CARTESIAN_POINT ( 'NONE',  ( 38.14999999999999858, 26.99999999999998579, 10.50000000000000355 ) ) ;
#3498 = CARTESIAN_POINT ( 'NONE',  ( 48.40000440956465866, 12.12018930229863045, 74.48043334139285321 ) ) ;
#3499 = LINE ( 'NONE', #651, #7164 ) ;
#3500 = EDGE_CURVE ( 'NONE', #5332, #6764, #3999, .T. ) ;
#3501 = LINE ( 'NONE', #6946, #1788 ) ;
#3502 = DIRECTION ( 'NONE',  ( 0.000000000000000000, -1.000000000000000000, 0.000000000000000000 ) ) ;
#3503 = DIRECTION ( 'NONE',  ( 0.000000000000000000, 0.000000000000000000, 1.000000000000000000 ) ) ;
#3504 = CARTESIAN_POINT ( 'NONE',  ( 49.39999999999999858, -1.044187211523073769E-14, 42.35118819767313170 ) ) ;
#3505 = CARTESIAN_POINT ( 'NONE',  ( -28.40000000000000213, 17.00000000000000000, 78.49999999999998579 ) ) ;
#3506 = DIRECTION ( 'NONE',  ( 0.000000000000000000, 0.000000000000000000, -1.000000000000000000 ) ) ;
#3507 = EDGE_LOOP ( 'NONE', ( #4127, #639, #879, #4152, #1462, #5114, #1217 ) ) ;
#3508 = EDGE_CURVE ( 'NONE', #2810, #701, #6917, .T. ) ;
#3509 = VERTEX_POINT ( 'NONE', #28 ) ;
#3510 = EDGE_CURVE ( 'NONE', #6541, #7331, #6357, .T. ) ;
#3511 = CARTESIAN_POINT ( 'NONE',  ( 13.90000000000000213, 0.000000000000000000, 0.000000000000000000 ) ) ;
#3512 = CARTESIAN_POINT ( 'NONE',  ( 28.40000000000000213, 22.99999999999998224, 87.40000000000000568 ) ) ;
#3513 = ORIENTED_EDGE ( 'NONE', *, *, #4701, .T. ) ;
#3514 = LINE ( 'NONE', #3102, #5745 ) ;
#3515 = ORIENTED_EDGE ( 'NONE', *, *, #1000, .F. ) ;
#3516 = ADVANCED_FACE ( 'NONE', ( #5188 ), #6845, .F. ) ;
#3517 = ORIENTED_EDGE ( 'NONE', *, *, #2289, .F. ) ;
#3518 = ADVANCED_FACE ( 'NONE', ( #4105 ), #2272, .F. ) ;
#3519 = ADVANCED_FACE ( 'NONE', ( #95 ), #1739, .T. ) ;
#3520 = VERTEX_POINT ( 'NONE', #1705 ) ;
#3521 = CARTESIAN_POINT ( 'NONE',  ( 49.34851293396665284, 12.37693303041437076, 75.38097831042277619 ) ) ;
#3522 = CARTESIAN_POINT ( 'NONE',  ( -28.40000000000000213, 0.000000000000000000, 0.000000000000000000 ) ) ;
#3523 = CARTESIAN_POINT ( 'NONE',  ( 43.40000000000000568, 9.999999999999992895, 118.5009999999999906 ) ) ;
#3524 = ORIENTED_EDGE ( 'NONE', *, *, #5482, .T. ) ;
#3525 = ADVANCED_FACE ( 'NONE', ( #4034 ), #6384, .F. ) ;
#3526 = ORIENTED_EDGE ( 'NONE', *, *, #5601, .T. ) ;
#3528 = EDGE_CURVE ( 'NONE', #1776, #4800, #3440, .T. ) ;
#3527 = VECTOR ( 'NONE', #1239, 1000.000000000000000 ) ;
#3529 = DIRECTION ( 'NONE',  ( -1.000000000000000000, 0.000000000000000000, 0.000000000000000000 ) ) ;
#3530 = CARTESIAN_POINT ( 'NONE',  ( 15.86727472095137514, 17.00000000000000000, 73.60254636558707375 ) ) ;
#3531 = LINE ( 'NONE', #1238, #3542 ) ;
#3532 = CARTESIAN_POINT ( 'NONE',  ( -31.39999999999999858, -0.001000000000070389028, 4.500000000000017764 ) ) ;
#3533 = CARTESIAN_POINT ( 'NONE',  ( 49.39999999999999858, 1.000000000000000444, 2.000000000000000000 ) ) ;
#3534 = PLANE ( 'NONE',  #3008 ) ;
#3535 =( BOUNDED_CURVE ( )  B_SPLINE_CURVE ( 3, ( #2008, #4514, #885, #4819 ),
 .UNSPECIFIED., .F., .F. ) 
 B_SPLINE_CURVE_WITH_KNOTS ( ( 4, 4 ),
 ( 5.052225889838820372, 5.585053606381856994 ),
 .UNSPECIFIED. ) 
 CURVE ( )  GEOMETRIC_REPRESENTATION_ITEM ( )  RATIONAL_B_SPLINE_CURVE ( ( 1.000000000000000000, 0.9764808225413723619, 0.9764808225413723619, 1.000000000000000000 ) ) 
 REPRESENTATION_ITEM ( '' )  );
#3536 = DIRECTION ( 'NONE',  ( 0.000000000000000000, -1.000000000000000000, 0.000000000000000000 ) ) ;
#3537 = DIRECTION ( 'NONE',  ( 0.000000000000000000, -1.000000000000000000, -2.041077998578920060E-17 ) ) ;
#3538 = CARTESIAN_POINT ( 'NONE',  ( -49.39999999999999858, 29.99999999999998579, 117.0000000000000000 ) ) ;
#3539 = CIRCLE ( 'NONE', #4852, 1.500000000000001332 ) ;
#3540 = CYLINDRICAL_SURFACE ( 'NONE', #2993, 0.8000000000000000444 ) ;
#3541 = PLANE ( 'NONE',  #4765 ) ;
#3542 = VECTOR ( 'NONE', #1866, 1000.000000000000000 ) ;
#3543 = VECTOR ( 'NONE', #4264, 1000.000000000000000 ) ;
#3544 = EDGE_LOOP ( 'NONE', ( #856, #7040, #809, #5841 ) ) ;
#3545 = ORIENTED_EDGE ( 'NONE', *, *, #2794, .F. ) ;
#3546 = LINE ( 'NONE', #3661, #6301 ) ;
#3547 = ADVANCED_FACE ( 'NONE', ( #1009 ), #3540, .T. ) ;
#3548 = DIRECTION ( 'NONE',  ( 0.000000000000000000, 0.000000000000000000, -1.000000000000000000 ) ) ;
#3549 = CARTESIAN_POINT ( 'NONE',  ( -49.39999999999999858, 9.999999999999994671, 2.041077998578919136E-16 ) ) ;
#3550 = ORIENTED_EDGE ( 'NONE', *, *, #1502, .T. ) ;
#3551 = AXIS2_PLACEMENT_3D ( 'NONE', #522, #1151, #5088 ) ;
#3552 = AXIS2_PLACEMENT_3D ( 'NONE', #3225, #6063, #5994 ) ;
#3553 = DIRECTION ( 'NONE',  ( 0.000000000000000000, -0.6427876096865388078, -0.7660444431189784575 ) ) ;
#3554 = CARTESIAN_POINT ( 'NONE',  ( -31.84524958663219252, 28.89999999999996660, 2.500000000000007105 ) ) ;
#3555 = ORIENTED_EDGE ( 'NONE', *, *, #3297, .F. ) ;
#3556 = VERTEX_POINT ( 'NONE', #6317 ) ;
#3557 = ORIENTED_EDGE ( 'NONE', *, *, #3887, .T. ) ;
#3558 = PLANE ( 'NONE',  #7173 ) ;
#3559 = CARTESIAN_POINT ( 'NONE',  ( -30.39999999999999503, 4.800000000000000711, 1.084202172485504434E-16 ) ) ;
#3560 = ADVANCED_FACE ( 'NONE', ( #2947 ), #2787, .F. ) ;
#3561 = VECTOR ( 'NONE', #217, 1000.000000000000114 ) ;
#3562 = CARTESIAN_POINT ( 'NONE',  ( -32.00000000000000000, 29.19999999999999929, 118.5009999999999906 ) ) ;
#3563 = ADVANCED_FACE ( 'NONE', ( #6142 ), #4847, .F. ) ;
#3564 = ORIENTED_EDGE ( 'NONE', *, *, #5833, .F. ) ;
#3565 = ORIENTED_EDGE ( 'NONE', *, *, #572, .T. ) ;
#3566 = VECTOR ( 'NONE', #4886, 1000.000000000000000 ) ;
#3567 = CARTESIAN_POINT ( 'NONE',  ( 14.10160279343108947, 17.00000000000000000, 71.22548195566794504 ) ) ;
#3568 = EDGE_LOOP ( 'NONE', ( #5957, #6092, #2064, #266, #4878 ) ) ;
#3569 = CARTESIAN_POINT ( 'NONE',  ( 49.39999999999999858, 8.921066744495604439, 1.756202539206402902 ) ) ;
#3570 = DIRECTION ( 'NONE',  ( 0.000000000000000000, 0.000000000000000000, 1.000000000000000000 ) ) ;
#3571 = ADVANCED_FACE ( 'NONE', ( #7129 ), #5493, .T. ) ;
#3572 = CARTESIAN_POINT ( 'NONE',  ( -43.39999999999999858, 28.26184652417908794, 64.05268879803905691 ) ) ;
#3573 = DIRECTION ( 'NONE',  ( 1.000000000000000000, -0.000000000000000000, -0.000000000000000000 ) ) ;
#3574 = AXIS2_PLACEMENT_3D ( 'NONE', #4106, #6846, #2347 ) ;
#3575 = CARTESIAN_POINT ( 'NONE',  ( -49.39999999999999858, 12.82842712474980651, 109.8092329455174081 ) ) ;
#3576 = CARTESIAN_POINT ( 'NONE',  ( -49.39999999999999858, 42.32501196933095144, 50.44098507104328633 ) ) ;
#3577 = DIRECTION ( 'NONE',  ( -1.826024711554535885E-16, 1.000000000000000000, 2.041077998578920060E-17 ) ) ;
#3578 = FACE_OUTER_BOUND ( 'NONE', #4544, .T. ) ;
#3579 = LINE ( 'NONE', #877, #1778 ) ;
#3580 = VECTOR ( 'NONE', #6796, 1000.000000000000114 ) ;
#3581 = VERTEX_POINT ( 'NONE', #2564 ) ;
#3582 = VERTEX_POINT ( 'NONE', #5405 ) ;
#3583 = LINE ( 'NONE', #738, #5932 ) ;
#3584 = VECTOR ( 'NONE', #1465, 1000.000000000000000 ) ;
#3585 = DIRECTION ( 'NONE',  ( 1.000000000000000000, 0.000000000000000000, 0.000000000000000000 ) ) ;
#3586 = DIRECTION ( 'NONE',  ( 0.000000000000000000, 0.000000000000000000, -1.000000000000000000 ) ) ;
#3587 = EDGE_LOOP ( 'NONE', ( #4232, #3749, #5532, #5394, #451, #4533, #6921, #41 ) ) ;
#3588 = CIRCLE ( 'NONE', #4904, 1.999999999999999778 ) ;
#3589 = CARTESIAN_POINT ( 'NONE',  ( -8.062257748298550908, 0.4999999999999883982, 100.0746282148217858 ) ) ;
#3590 = VECTOR ( 'NONE', #740, 999.9999999999998863 ) ;
#3591 = DIRECTION ( 'NONE',  ( 1.000000000000000000, 0.000000000000000000, 0.000000000000000000 ) ) ;
#3592 = CIRCLE ( 'NONE', #5500, 1.599999999999999867 ) ;
#3593 = EDGE_CURVE ( 'NONE', #585, #3712, #6535, .T. ) ;
#3594 = ORIENTED_EDGE ( 'NONE', *, *, #4737, .F. ) ;
#3595 = CIRCLE ( 'NONE', #2281, 2.000000000000000000 ) ;
#3596 = ORIENTED_EDGE ( 'NONE', *, *, #1475, .T. ) ;
#3597 = VECTOR ( 'NONE', #5270, 1000.000000000000000 ) ;
#3598 = EDGE_LOOP ( 'NONE', ( #7, #2959, #4249, #2461 ) ) ;
#3599 = CARTESIAN_POINT ( 'NONE',  ( 49.12996163315551712, 11.82268539334807222, 75.61350716737383948 ) ) ;
#3600 = AXIS2_PLACEMENT_3D ( 'NONE', #7323, #3368, #2804 ) ;
#3601 = CARTESIAN_POINT ( 'NONE',  ( -43.40000000000000568, 9.999999999999994671, 2.500000000000002220 ) ) ;
#3602 = DIRECTION ( 'NONE',  ( -1.000000000000000000, 0.000000000000000000, 0.000000000000000000 ) ) ;
#3603 = VERTEX_POINT ( 'NONE', #1993 ) ;
#3604 = ORIENTED_EDGE ( 'NONE', *, *, #3917, .F. ) ;
#3605 = EDGE_CURVE ( 'NONE', #2366, #395, #6316, .T. ) ;
#3606 = ADVANCED_FACE ( 'NONE', ( #131 ), #4135, .T. ) ;
#3607 = CARTESIAN_POINT ( 'NONE',  ( -48.81421356237309084, 11.41421356237307450, 108.5000000000000000 ) ) ;
#3608 = ORIENTED_EDGE ( 'NONE', *, *, #2193, .T. ) ;
#3609 = PLANE ( 'NONE',  #2111 ) ;
#3610 = DIRECTION ( 'NONE',  ( 0.000000000000000000, 1.000000000000000000, -0.000000000000000000 ) ) ;
#3611 = CARTESIAN_POINT ( 'NONE',  ( 31.39999999999999858, 29.53729350067549930, 2.229150262212904465 ) ) ;
#3612 = DIRECTION ( 'NONE',  ( 1.000000000000000000, -0.000000000000000000, -0.000000000000000000 ) ) ;
#3613 = EDGE_CURVE ( 'NONE', #2884, #5651, #4810, .T. ) ;
#3614 = LINE ( 'NONE', #5325, #3043 ) ;
#3615 = DIRECTION ( 'NONE',  ( 0.000000000000000000, 0.000000000000000000, -1.000000000000000000 ) ) ;
#3616 = AXIS2_PLACEMENT_3D ( 'NONE', #2716, #1021, #6120 ) ;
#3617 = DIRECTION ( 'NONE',  ( 1.000000000000000000, 0.000000000000000000, 0.000000000000000000 ) ) ;
#3618 = ADVANCED_FACE ( 'NONE', ( #3578 ), #275, .F. ) ;
#3619 = DIRECTION ( 'NONE',  ( -1.000000000000000000, 0.000000000000000000, 0.000000000000000000 ) ) ;
#3620 = CARTESIAN_POINT ( 'NONE',  ( -31.19999999999999929, 22.99999999999997868, 1.700000000000007061 ) ) ;
#3621 = ORIENTED_EDGE ( 'NONE', *, *, #1817, .F. ) ;
#3622 = ORIENTED_EDGE ( 'NONE', *, *, #3424, .F. ) ;
#3623 = DIRECTION ( 'NONE',  ( -0.000000000000000000, -0.000000000000000000, -1.000000000000000000 ) ) ;
#3624 = CARTESIAN_POINT ( 'NONE',  ( 42.59999999999998721, 29.19999999999999929, 0.8000000000000008216 ) ) ;
#3625 = CARTESIAN_POINT ( 'NONE',  ( 14.48578643762691520, 1.414213562373082489, 96.07462821482180004 ) ) ;
#3626 = ORIENTED_EDGE ( 'NONE', *, *, #5280, .F. ) ;
#3627 = CARTESIAN_POINT ( 'NONE',  ( 15.90000000000000391, 15.50000000000000178, 73.60254636550102703 ) ) ;
#3628 = CARTESIAN_POINT ( 'NONE',  ( -28.40000000000000213, 17.00000000000000000, 79.49999999999998579 ) ) ;
#3629 = VECTOR ( 'NONE', #3948, 1000.000000000000000 ) ;
#3630 = ORIENTED_EDGE ( 'NONE', *, *, #7165, .T. ) ;
#3631 = ORIENTED_EDGE ( 'NONE', *, *, #2236, .F. ) ;
#3632 = DIRECTION ( 'NONE',  ( 0.000000000000000000, -0.7071067811865477948, -0.7071067811865472397 ) ) ;
#3633 = ORIENTED_EDGE ( 'NONE', *, *, #7024, .F. ) ;
#3634 = EDGE_CURVE ( 'NONE', #370, #3669, #200, .T. ) ;
#3635 = CARTESIAN_POINT ( 'NONE',  ( 49.38852505601128939, 12.61444522088319609, 75.28133417167843788 ) ) ;
#3636 = CARTESIAN_POINT ( 'NONE',  ( 44.90000000000000568, 28.93933982822016304, 64.92656699521430141 ) ) ;
#3637 = LINE ( 'NONE', #1232, #5858 ) ;
#3638 = EDGE_CURVE ( 'NONE', #2010, #1887, #1022, .T. ) ;
#3639 = ORIENTED_EDGE ( 'NONE', *, *, #4272, .F. ) ;
#3640 = ORIENTED_EDGE ( 'NONE', *, *, #4439, .T. ) ;
#3641 = ADVANCED_FACE ( 'NONE', ( #5893 ), #4613, .T. ) ;
#3642 = CARTESIAN_POINT ( 'NONE',  ( 15.90000000000000391, 14.53581858547021177, 72.45347970082254108 ) ) ;
#3643 = VERTEX_POINT ( 'NONE', #3736 ) ;
#3644 = FACE_OUTER_BOUND ( 'NONE', #5176, .T. ) ;
#3645 = PLANE ( 'NONE',  #7350 ) ;
#3646 = CARTESIAN_POINT ( 'NONE',  ( 43.39999999999999858, 20.99999999999997513, 9.500000000000005329 ) ) ;
#3647 = EDGE_CURVE ( 'NONE', #5882, #3300, #2969, .T. ) ;
#3648 = DIRECTION ( 'NONE',  ( 1.734723475976806700E-15, 1.000000000000000000, 0.000000000000000000 ) ) ;
#3649 = CIRCLE ( 'NONE', #1958, 0.5000000000000004441 ) ;
#3650 = CARTESIAN_POINT ( 'NONE',  ( -49.39999999999999858, 28.49999999999998224, 108.5000000000000000 ) ) ;
#3651 = DIRECTION ( 'NONE',  ( 1.000000000000000000, 0.000000000000000000, 0.000000000000000000 ) ) ;
#3652 = CARTESIAN_POINT ( 'NONE',  ( -32.00000000000000000, 30.00000000000000355, 6.123233995736761352E-16 ) ) ;
#3653 = LINE ( 'NONE', #5928, #3416 ) ;
#3654 = AXIS2_PLACEMENT_3D ( 'NONE', #1170, #4512, #5743 ) ;
#3655 = CARTESIAN_POINT ( 'NONE',  ( 28.40000000000000213, 22.07699040570500060, 88.49999999999998579 ) ) ;
#3656 = EDGE_CURVE ( 'NONE', #5945, #2511, #2448, .T. ) ;
#3657 = EDGE_CURVE ( 'NONE', #2220, #6546, #4212, .T. ) ;
#3658 = ORIENTED_EDGE ( 'NONE', *, *, #1351, .F. ) ;
#3659 = ORIENTED_EDGE ( 'NONE', *, *, #5315, .F. ) ;
#3660 = CIRCLE ( 'NONE', #7121, 1.000000000000000888 ) ;
#3661 = CARTESIAN_POINT ( 'NONE',  ( 49.39999999999999858, -20.46848731765002682, 20.46848731765009433 ) ) ;
#3662 = CARTESIAN_POINT ( 'NONE',  ( -38.14999999999999858, 26.99999999999998579, 10.50000000000000355 ) ) ;
#3663 = CYLINDRICAL_SURFACE ( 'NONE', #2881, 2.000000000000001776 ) ;
#3664 = ORIENTED_EDGE ( 'NONE', *, *, #96, .F. ) ;
#3665 = CARTESIAN_POINT ( 'NONE',  ( 39.95366302995062568, 29.99990745014002158, 80.30366302995061289 ) ) ;
#3666 = EDGE_CURVE ( 'NONE', #756, #6703, #3653, .T. ) ;
#3667 = VECTOR ( 'NONE', #3813, 1000.000000000000000 ) ;
#3668 = CARTESIAN_POINT ( 'NONE',  ( -13.90000000000000213, 2.828427124746181853, 108.5000000000000000 ) ) ;
#3669 = VERTEX_POINT ( 'NONE', #5968 ) ;
#3670 = ORIENTED_EDGE ( 'NONE', *, *, #3485, .T. ) ;
#3671 = VECTOR ( 'NONE', #5336, 1000.000000000000000 ) ;
#3672 = AXIS2_PLACEMENT_3D ( 'NONE', #1302, #4229, #5875 ) ;
#3673 = DIRECTION ( 'NONE',  ( 0.000000000000000000, -1.000000000000000000, -2.041077998578920060E-17 ) ) ;
#3674 = CARTESIAN_POINT ( 'NONE',  ( 23.90000000000000568, 1.999999999999988676, 118.5000000000000000 ) ) ;
#3675 = ORIENTED_EDGE ( 'NONE', *, *, #3842, .F. ) ;
#3676 = DIRECTION ( 'NONE',  ( -0.000000000000000000, -0.000000000000000000, -1.000000000000000000 ) ) ;
#3677 = PLANE ( 'NONE',  #1039 ) ;
#3678 = CARTESIAN_POINT ( 'NONE',  ( 13.90000000000000213, 1.999999999999988676, 108.5000000000000000 ) ) ;
#3679 = ORIENTED_EDGE ( 'NONE', *, *, #1989, .F. ) ;
#3680 = EDGE_LOOP ( 'NONE', ( #891, #827, #4738, #3079 ) ) ;
#3681 = ORIENTED_EDGE ( 'NONE', *, *, #685, .T. ) ;
#3682 = CARTESIAN_POINT ( 'NONE',  ( 15.83455094139946873, 17.00000000000000000, 73.60675375596473202 ) ) ;
#3683 = ORIENTED_EDGE ( 'NONE', *, *, #3938, .F. ) ;
#3684 = PLANE ( 'NONE',  #6775 ) ;
#3685 = DIRECTION ( 'NONE',  ( 1.000000000000000000, -0.000000000000000000, -0.000000000000000000 ) ) ;
#3686 = CARTESIAN_POINT ( 'NONE',  ( -43.99983655897212032, 29.59074205612278163, 63.45664887955712885 ) ) ;
#3687 = B_SPLINE_CURVE_WITH_KNOTS ( 'NONE', 3,
 ( #5575, #5460, #334, #4350 ),
 .UNSPECIFIED., .F., .F.,
 ( 4, 4 ),
 ( 0.000000000000000000, 1.000000000000000000 ),
 .UNSPECIFIED. ) ;
#3688 = DIRECTION ( 'NONE',  ( -1.000000000000000000, 0.000000000000000000, 0.000000000000000000 ) ) ;
#3689 = AXIS2_PLACEMENT_3D ( 'NONE', #1912, #160, #2527 ) ;
#3690 = EDGE_CURVE ( 'NONE', #6631, #6488, #3091, .T. ) ;
#3691 = LINE ( 'NONE', #348, #6768 ) ;
#3692 = LINE ( 'NONE', #2719, #1524 ) ;
#3693 = CARTESIAN_POINT ( 'NONE',  ( -42.59999999999998721, 9.999999999999994671, 2.041077998578919136E-16 ) ) ;
#3694 = DIRECTION ( 'NONE',  ( 1.000000000000000000, 0.000000000000000000, 0.000000000000000000 ) ) ;
#3695 = LINE ( 'NONE', #5969, #6693 ) ;
#3696 = VERTEX_POINT ( 'NONE', #839 ) ;
#3697 = ORIENTED_EDGE ( 'NONE', *, *, #5761, .T. ) ;
#3698 = LINE ( 'NONE', #2988, #560 ) ;
#3699 = ADVANCED_FACE ( 'NONE', ( #2760 ), #2603, .T. ) ;
#3700 = DIRECTION ( 'NONE',  ( 0.000000000000000000, 0.000000000000000000, 1.000000000000000000 ) ) ;
#3701 = CARTESIAN_POINT ( 'NONE',  ( -38.14999999999999858, 22.99999999999998224, 87.40000000000000568 ) ) ;
#3702 = AXIS2_PLACEMENT_3D ( 'NONE', #5565, #3257, #7289 ) ;
#3703 = EDGE_LOOP ( 'NONE', ( #2579, #4997, #3444, #2359 ) ) ;
#3704 = ADVANCED_FACE ( 'NONE', ( #1508 ), #7170, .T. ) ;
#3705 = CARTESIAN_POINT ( 'NONE',  ( 39.15000000001634817, 28.13090116331780166, 78.49999999999998579 ) ) ;
#3706 = CARTESIAN_POINT ( 'NONE',  ( -39.39999999999999858, 28.49999999999998224, 108.5000000000000000 ) ) ;
#3707 = EDGE_LOOP ( 'NONE', ( #6665, #1785, #2669, #253, #3526, #6782 ) ) ;
#3708 = ORIENTED_EDGE ( 'NONE', *, *, #5757, .F. ) ;
#3709 = EDGE_CURVE ( 'NONE', #1408, #187, #5556, .T. ) ;
#3710 = VECTOR ( 'NONE', #2399, 1000.000000000000000 ) ;
#3711 = CARTESIAN_POINT ( 'NONE',  ( -49.39999999999999858, 12.82842712474617386, 75.19155853512361887 ) ) ;
#3712 = VERTEX_POINT ( 'NONE', #4330 ) ;
#3713 = DIRECTION ( 'NONE',  ( 1.000000000000000000, 0.000000000000000000, 0.000000000000000000 ) ) ;
#3714 = ADVANCED_FACE ( 'NONE', ( #6615 ), #2151, .T. ) ;
#3715 = VECTOR ( 'NONE', #3586, 1000.000000000000000 ) ;
#3716 = AXIS2_PLACEMENT_3D ( 'NONE', #7006, #1868, #759 ) ;
#3717 = LINE ( 'NONE', #1525, #4865 ) ;
#3718 = DIRECTION ( 'NONE',  ( -0.000000000000000000, 9.829967624376073786E-17, -1.000000000000000000 ) ) ;
#3719 = AXIS2_PLACEMENT_3D ( 'NONE', #7382, #5180, #7317 ) ;
#3720 = ORIENTED_EDGE ( 'NONE', *, *, #3187, .F. ) ;
#3721 = AXIS2_PLACEMENT_3D ( 'NONE', #2482, #4729, #5967 ) ;
#3722 = ORIENTED_EDGE ( 'NONE', *, *, #3852, .T. ) ;
#3723 = AXIS2_PLACEMENT_3D ( 'NONE', #6855, #6889, #5687 ) ;
#3724 = ORIENTED_EDGE ( 'NONE', *, *, #4725, .F. ) ;
#3725 = DIRECTION ( 'NONE',  ( 0.000000000000000000, 0.000000000000000000, -1.000000000000000000 ) ) ;
#3726 = ORIENTED_EDGE ( 'NONE', *, *, #1879, .F. ) ;
#3727 = DIRECTION ( 'NONE',  ( -0.4472135954999582608, -5.171946152598484018E-16, -0.8944271909999156334 ) ) ;
#3728 = CARTESIAN_POINT ( 'NONE',  ( -38.69705882352940307, 26.54705882352939739, 3.499999999999999112 ) ) ;
#3729 = PLANE ( 'NONE',  #834 ) ;
#3730 = AXIS2_PLACEMENT_3D ( 'NONE', #3983, #1163, #1128 ) ;
#3731 = DIRECTION ( 'NONE',  ( 0.000000000000000000, 0.000000000000000000, 1.000000000000000000 ) ) ;
#3732 = DIRECTION ( 'NONE',  ( -0.000000000000000000, 9.829967624376073786E-17, -1.000000000000000000 ) ) ;
#3733 = DIRECTION ( 'NONE',  ( 0.000000000000000000, 0.000000000000000000, -1.000000000000000000 ) ) ;
#3734 = CYLINDRICAL_SURFACE ( 'NONE', #2609, 1.000000000000000888 ) ;
#3735 = DIRECTION ( 'NONE',  ( 0.000000000000000000, 1.000000000000000000, -1.982541115402065307E-15 ) ) ;
#3736 = CARTESIAN_POINT ( 'NONE',  ( 43.39999999999999858, 26.99999999999998224, 3.499999999999998668 ) ) ;
#3737 = ADVANCED_FACE ( 'NONE', ( #2189 ), #3167, .T. ) ;
#3738 = LINE ( 'NONE', #6574, #3941 ) ;
#3739 = ORIENTED_EDGE ( 'NONE', *, *, #3690, .F. ) ;
#3740 =( BOUNDED_CURVE ( )  B_SPLINE_CURVE ( 3, ( #6160, #3809, #876, #3248 ),
 .UNSPECIFIED., .F., .F. ) 
 B_SPLINE_CURVE_WITH_KNOTS ( ( 4, 4 ),
 ( 3.141592653589793116, 4.712388980384689674 ),
 .UNSPECIFIED. ) 
 CURVE ( )  GEOMETRIC_REPRESENTATION_ITEM ( )  RATIONAL_B_SPLINE_CURVE ( ( 1.000000000000000000, 0.8047378541243649375, 0.8047378541243649375, 1.000000000000000000 ) ) 
 REPRESENTATION_ITEM ( '' )  );
#3741 = VERTEX_POINT ( 'NONE', #1027 ) ;
#3742 = DIRECTION ( 'NONE',  ( 0.000000000000000000, 0.7660444431189792347, -0.6427876096865379196 ) ) ;
#3743 = LINE ( 'NONE', #281, #6898 ) ;
#3744 = CARTESIAN_POINT ( 'NONE',  ( -15.45058351456876622, 17.00000000000000000, 73.96600361906727983 ) ) ;
#3745 = ORIENTED_EDGE ( 'NONE', *, *, #5718, .F. ) ;
#3746 = FACE_OUTER_BOUND ( 'NONE', #769, .T. ) ;
#3747 = DIRECTION ( 'NONE',  ( 1.826024711554535885E-16, 1.000000000000000000, 2.041077998578920060E-17 ) ) ;
#3748 = EDGE_CURVE ( 'NONE', #2132, #4410, #6727, .T. ) ;
#3749 = ORIENTED_EDGE ( 'NONE', *, *, #6056, .T. ) ;
#3750 = ORIENTED_EDGE ( 'NONE', *, *, #7377, .T. ) ;
#3751 = DIRECTION ( 'NONE',  ( -1.000000000000000000, -0.000000000000000000, -0.000000000000000000 ) ) ;
#3752 = CARTESIAN_POINT ( 'NONE',  ( 49.39999999999999858, 24.47877842265915405, 65.41575305795913664 ) ) ;
#3753 = ORIENTED_EDGE ( 'NONE', *, *, #7034, .F. ) ;
#3754 = LINE ( 'NONE', #7070, #5852 ) ;
#3755 = CARTESIAN_POINT ( 'NONE',  ( -28.40000000000000213, 27.99999999999998224, 84.55267969074972711 ) ) ;
#3756 = CARTESIAN_POINT ( 'NONE',  ( 28.40000000000000213, 27.99999999999998224, 88.49999999999998579 ) ) ;
#3757 = ADVANCED_FACE ( 'NONE', ( #393 ), #4928, .F. ) ;
#3758 = ORIENTED_EDGE ( 'NONE', *, *, #398, .T. ) ;
#3759 = EDGE_CURVE ( 'NONE', #2171, #6578, #351, .T. ) ;
#3760 = ORIENTED_EDGE ( 'NONE', *, *, #2329, .T. ) ;
#3761 = ORIENTED_EDGE ( 'NONE', *, *, #6817, .F. ) ;
#3762 = CARTESIAN_POINT ( 'NONE',  ( -42.59999999999998721, 9.999999999999994671, 0.8000000000000002665 ) ) ;
#3763 = ORIENTED_EDGE ( 'NONE', *, *, #4832, .F. ) ;
#3764 = CARTESIAN_POINT ( 'NONE',  ( 13.90000000000000213, 17.00000000000000000, 88.49999999999998579 ) ) ;
#3765 = CARTESIAN_POINT ( 'NONE',  ( -14.87228918834180114, 2.570562717031307454, 82.49352148697137466 ) ) ;
#3766 = CARTESIAN_POINT ( 'NONE',  ( -49.39999999999999858, 5.999999999999995559, 39.86590682343454972 ) ) ;
#3767 = EDGE_CURVE ( 'NONE', #4458, #5535, #3848, .T. ) ;
#3768 = CARTESIAN_POINT ( 'NONE',  ( 43.39999999999999858, 4.499999999999995559, 6.499999999999999112 ) ) ;
#3769 = DIRECTION ( 'NONE',  ( 0.000000000000000000, 0.000000000000000000, -1.000000000000000000 ) ) ;
#3770 = FACE_OUTER_BOUND ( 'NONE', #2587, .T. ) ;
#3771 = FACE_OUTER_BOUND ( 'NONE', #1856, .T. ) ;
#3772 = LINE ( 'NONE', #913, #3365 ) ;
#3773 = LINE ( 'NONE', #2648, #1490 ) ;
#3774 = CARTESIAN_POINT ( 'NONE',  ( 43.39999999999999858, 29.06066017177980498, 62.92656699521429431 ) ) ;
#3775 = ORIENTED_EDGE ( 'NONE', *, *, #766, .F. ) ;
#3776 = DIRECTION ( 'NONE',  ( 0.000000000000000000, 0.7660444431189821213, 0.6427876096865345890 ) ) ;
#3777 = CIRCLE ( 'NONE', #3891, 2.000000000000001776 ) ;
#3778 = DIRECTION ( 'NONE',  ( 1.000000000000000000, 0.000000000000000000, 0.000000000000000000 ) ) ;
#3779 = CARTESIAN_POINT ( 'NONE',  ( -15.56958661329978000, 17.00000000000000000, 73.76351170716148431 ) ) ;
#3780 = EDGE_LOOP ( 'NONE', ( #5582, #6848, #3347, #6554, #5604 ) ) ;
#3781 = CARTESIAN_POINT ( 'NONE',  ( 38.77456362709085624, 29.50077375515759925, 79.12456362709032476 ) ) ;
#3782 = FACE_OUTER_BOUND ( 'NONE', #7231, .T. ) ;
#3783 =( BOUNDED_CURVE ( )  B_SPLINE_CURVE ( 3, ( #2814, #5166, #1601, #2248 ),
 .UNSPECIFIED., .F., .F. ) 
 B_SPLINE_CURVE_WITH_KNOTS ( ( 4, 4 ),
 ( 0.000000000000000000, 1.570796326794896558 ),
 .UNSPECIFIED. ) 
 CURVE ( )  GEOMETRIC_REPRESENTATION_ITEM ( )  RATIONAL_B_SPLINE_CURVE ( ( 1.000000000000000000, 0.8047378541243649375, 0.8047378541243649375, 1.000000000000000000 ) ) 
 REPRESENTATION_ITEM ( '' )  );
#3784 = ORIENTED_EDGE ( 'NONE', *, *, #2280, .T. ) ;
#3785 = EDGE_CURVE ( 'NONE', #2365, #1796, #3773, .T. ) ;
#3786 = ORIENTED_EDGE ( 'NONE', *, *, #2292, .T. ) ;
#3787 = DIRECTION ( 'NONE',  ( 1.000000000000000000, 0.000000000000000000, 0.000000000000000000 ) ) ;
#3788 = CARTESIAN_POINT ( 'NONE',  ( -45.40000000000000568, 28.49999999999997868, 64.48722716699411706 ) ) ;
#3789 = ORIENTED_EDGE ( 'NONE', *, *, #4627, .F. ) ;
#3790 = FACE_OUTER_BOUND ( 'NONE', #5461, .T. ) ;
#3791 = LINE ( 'NONE', #1456, #4632 ) ;
#3792 = CARTESIAN_POINT ( 'NONE',  ( 38.14999999999999858, 24.89999999999998082, 3.499999999999999556 ) ) ;
#3793 = EDGE_LOOP ( 'NONE', ( #782, #6601, #4745, #7265 ) ) ;
#3794 = VECTOR ( 'NONE', #3742, 1000.000000000000114 ) ;
#3795 = EDGE_LOOP ( 'NONE', ( #6403, #2854, #1533, #923 ) ) ;
#3796 = ORIENTED_EDGE ( 'NONE', *, *, #6817, .T. ) ;
#3797 = ADVANCED_FACE ( 'NONE', ( #6046 ), #4364, .T. ) ;
#3798 = CARTESIAN_POINT ( 'NONE',  ( -43.39999999999998437, 30.00000000000000000, 0.8000000000000007105 ) ) ;
#3799 = EDGE_LOOP ( 'NONE', ( #6067, #1966, #6699, #6924 ) ) ;
#3800 = DIRECTION ( 'NONE',  ( 0.7071067811865463515, 0.7071067811865487940, 6.950836766040552694E-17 ) ) ;
#3801 = EDGE_CURVE ( 'NONE', #897, #848, #3740, .T. ) ;
#3802 = LINE ( 'NONE', #2142, #3584 ) ;
#3803 = DIRECTION ( 'NONE',  ( 0.000000000000000000, 0.000000000000000000, 1.000000000000000000 ) ) ;
#3804 = DIRECTION ( 'NONE',  ( -1.000000000000000000, 0.000000000000000000, 0.000000000000000000 ) ) ;
#3805 = DIRECTION ( 'NONE',  ( 0.000000000000000000, 0.000000000000000000, 1.000000000000000000 ) ) ;
#3806 = CARTESIAN_POINT ( 'NONE',  ( 28.40000000000000213, 17.00000000000000000, 78.49999999999998579 ) ) ;
#3807 = EDGE_CURVE ( 'NONE', #4320, #7135, #178, .T. ) ;
#3808 = DIRECTION ( 'NONE',  ( 1.000000000000000000, 0.000000000000000000, 0.000000000000000000 ) ) ;
#3809 = CARTESIAN_POINT ( 'NONE',  ( 38.14999999999999858, 29.17157287525379417, 82.55267969074971290 ) ) ;
#3810 = DIRECTION ( 'NONE',  ( 1.000000000000000000, 0.000000000000000000, 0.000000000000000000 ) ) ;
#3811 = CIRCLE ( 'NONE', #7267, 1.000000000000000888 ) ;
#3812 = ORIENTED_EDGE ( 'NONE', *, *, #1395, .T. ) ;
#3813 = DIRECTION ( 'NONE',  ( 0.000000000000000000, -1.000000000000000000, 4.956352788505160310E-16 ) ) ;
#3814 = PLANE ( 'NONE',  #6180 ) ;
#3815 = CARTESIAN_POINT ( 'NONE',  ( -13.56689419548709274, 16.99999999999992895, 73.25633340857729081 ) ) ;
#3816 = ORIENTED_EDGE ( 'NONE', *, *, #5391, .F. ) ;
#3817 = DIRECTION ( 'NONE',  ( -1.000000000000000000, 0.000000000000000000, 0.000000000000000000 ) ) ;
#3818 = VERTEX_POINT ( 'NONE', #5520 ) ;
#3819 = VERTEX_POINT ( 'NONE', #4962 ) ;
#3820 = VECTOR ( 'NONE', #3727, 1000.000000000000114 ) ;
#3821 = CARTESIAN_POINT ( 'NONE',  ( 15.90000000000000391, 2.828427124746180965, 84.88796213622862297 ) ) ;
#3822 = FACE_OUTER_BOUND ( 'NONE', #1114, .T. ) ;
#3823 = ORIENTED_EDGE ( 'NONE', *, *, #2374, .T. ) ;
#3824 = CARTESIAN_POINT ( 'NONE',  ( -13.90000000000000213, 5.999999999999987566, 96.07462821482178583 ) ) ;
#3825 = CARTESIAN_POINT ( 'NONE',  ( -40.14999999999999858, 29.99999999999998579, 84.55267969074972711 ) ) ;
#3826 = EDGE_CURVE ( 'NONE', #7401, #6223, #7244, .T. ) ;
#3827 = CARTESIAN_POINT ( 'NONE',  ( 17.44285190537313213, -1.055039092276781046E-14, 84.65047971475041777 ) ) ;
#3828 = AXIS2_PLACEMENT_3D ( 'NONE', #6411, #233, #194 ) ;
#3829 = ORIENTED_EDGE ( 'NONE', *, *, #3178, .F. ) ;
#3830 = ORIENTED_EDGE ( 'NONE', *, *, #2885, .F. ) ;
#3831 = AXIS2_PLACEMENT_3D ( 'NONE', #3299, #1081, #2738 ) ;
#3832 = VECTOR ( 'NONE', #1376, 1000.000000000000000 ) ;
#3833 = ORIENTED_EDGE ( 'NONE', *, *, #1679, .T. ) ;
#3834 = LINE ( 'NONE', #4876, #7294 ) ;
#3835 = ORIENTED_EDGE ( 'NONE', *, *, #3067, .T. ) ;
#3836 = CARTESIAN_POINT ( 'NONE',  ( -15.40000000000000391, 17.00000000000000000, 74.25525001016717397 ) ) ;
#3837 = DIRECTION ( 'NONE',  ( 0.000000000000000000, 1.000000000000000000, -4.956352788505160310E-16 ) ) ;
#3838 = AXIS2_PLACEMENT_3D ( 'NONE', #1487, #6102, #292 ) ;
#3839 = CARTESIAN_POINT ( 'NONE',  ( 32.00000000000000000, 29.19999999999999929, 118.5009999999999906 ) ) ;
#3840 = FACE_OUTER_BOUND ( 'NONE', #5069, .T. ) ;
#3841 = LINE ( 'NONE', #2597, #2525 ) ;
#3842 = EDGE_CURVE ( 'NONE', #3425, #5121, #7280, .T. ) ;
#3843 = EDGE_CURVE ( 'NONE', #6698, #1150, #5777, .T. ) ;
#3844 = FACE_OUTER_BOUND ( 'NONE', #5720, .T. ) ;
#3845 = CARTESIAN_POINT ( 'NONE',  ( 23.90000000000000568, -1.289479104537684876E-14, 108.5000000000000000 ) ) ;
#3846 = DIRECTION ( 'NONE',  ( -0.000000000000000000, -2.478176394252584099E-16, -1.000000000000000000 ) ) ;
#3847 = VECTOR ( 'NONE', #1578, 1000.000000000000000 ) ;
#3848 = LINE ( 'NONE', #3325, #6285 ) ;
#3849 = AXIS2_PLACEMENT_3D ( 'NONE', #24, #5111, #6800 ) ;
#3850 = CARTESIAN_POINT ( 'NONE',  ( 43.80066639747908397, 29.22909352222525570, 64.29450054755044164 ) ) ;
#3851 = ADVANCED_FACE ( 'NONE', ( #5073 ), #4550, .T. ) ;
#3852 = EDGE_CURVE ( 'NONE', #6713, #6631, #4012, .T. ) ;
#3853 = VERTEX_POINT ( 'NONE', #1654 ) ;
#3854 = DIRECTION ( 'NONE',  ( 0.000000000000000000, 0.000000000000000000, 1.000000000000000000 ) ) ;
#3855 = CARTESIAN_POINT ( 'NONE',  ( 48.81421356237309084, 11.41421356237307805, 75.78489157442020030 ) ) ;
#3856 = CARTESIAN_POINT ( 'NONE',  ( -14.10233405827516329, 15.07272186727083074, 73.45679336935072001 ) ) ;
#3857 = ORIENTED_EDGE ( 'NONE', *, *, #6155, .T. ) ;
#3858 = CARTESIAN_POINT ( 'NONE',  ( 28.40000000000000213, 22.99999999999998224, 79.49999999999998579 ) ) ;
#3859 = ORIENTED_EDGE ( 'NONE', *, *, #1996, .F. ) ;
#3860 = ORIENTED_EDGE ( 'NONE', *, *, #260, .T. ) ;
#3861 = CARTESIAN_POINT ( 'NONE',  ( 49.39999999999999858, 1.000000000000000888, 2.041077998578924066E-17 ) ) ;
#3862 = LINE ( 'NONE', #2662, #2605 ) ;
#3863 = ORIENTED_EDGE ( 'NONE', *, *, #646, .F. ) ;
#3864 = DIRECTION ( 'NONE',  ( 0.000000000000000000, -1.000000000000000000, 0.000000000000000000 ) ) ;
#3865 = CARTESIAN_POINT ( 'NONE',  ( -30.39999999999999503, 4.799999999999998046, 118.5009999999999906 ) ) ;
#3866 = ORIENTED_EDGE ( 'NONE', *, *, #4756, .F. ) ;
#3867 = ORIENTED_EDGE ( 'NONE', *, *, #6774, .T. ) ;
#3868 = EDGE_CURVE ( 'NONE', #6638, #6550, #7347, .T. ) ;
#3869 = ORIENTED_EDGE ( 'NONE', *, *, #5231, .T. ) ;
#3870 = DIRECTION ( 'NONE',  ( -0.000000000000000000, 1.000000000000000000, 0.000000000000000000 ) ) ;
#3871 = ORIENTED_EDGE ( 'NONE', *, *, #869, .F. ) ;
#3872 = LINE ( 'NONE', #5585, #3820 ) ;
#3873 = CARTESIAN_POINT ( 'NONE',  ( -43.39999999999999858, 26.54705882352938318, 3.499999999999999112 ) ) ;
#3874 = DIRECTION ( 'NONE',  ( -0.7071067811865457964, -0.7071067811865492381, 0.000000000000000000 ) ) ;
#3875 = DIRECTION ( 'NONE',  ( -0.5773502691896257311, 0.5773502691896238437, 0.5773502691896276184 ) ) ;
#3876 = CARTESIAN_POINT ( 'NONE',  ( -49.39999999999999858, 0.000000000000000000, 108.5000000000000000 ) ) ;
#3877 = ORIENTED_EDGE ( 'NONE', *, *, #5416, .T. ) ;
#3878 = ADVANCED_FACE ( 'NONE', ( #4625 ), #6784, .T. ) ;
#3879 = CARTESIAN_POINT ( 'NONE',  ( 13.90000000000000213, 2.828427124746182741, 100.0746282148217858 ) ) ;
#3880 = CARTESIAN_POINT ( 'NONE',  ( 38.14999999999999858, 25.99999999999998224, 3.732500000000000817 ) ) ;
#3881 = CARTESIAN_POINT ( 'NONE',  ( 45.40000000000000568, 29.99999999999998224, 63.86590682343448577 ) ) ;
#3882 = EDGE_CURVE ( 'NONE', #4952, #5492, #4060, .T. ) ;
#3883 = PLANE ( 'NONE',  #1378 ) ;
#3884 = LINE ( 'NONE', #6841, #6465 ) ;
#3885 = FACE_OUTER_BOUND ( 'NONE', #3568, .T. ) ;
#3886 = ORIENTED_EDGE ( 'NONE', *, *, #3936, .F. ) ;
#3887 = EDGE_CURVE ( 'NONE', #4182, #4711, #2372, .T. ) ;
#3888 = CARTESIAN_POINT ( 'NONE',  ( 39.14999999999999858, 29.17157287525379417, 78.49999999999998579 ) ) ;
#3889 = ADVANCED_FACE ( 'NONE', ( #2226 ), #4840, .T. ) ;
#3890 = VERTEX_POINT ( 'NONE', #6941 ) ;
#3891 = AXIS2_PLACEMENT_3D ( 'NONE', #6607, #6037, #6717 ) ;
#3892 = ORIENTED_EDGE ( 'NONE', *, *, #3006, .T. ) ;
#3893 = DIRECTION ( 'NONE',  ( -1.000000000000000000, 0.000000000000000000, 0.000000000000000000 ) ) ;
#3894 = LINE ( 'NONE', #3377, #7290 ) ;
#3895 = ORIENTED_EDGE ( 'NONE', *, *, #5401, .F. ) ;
#3896 = ADVANCED_FACE ( 'NONE', ( #2905 ), #5181, .T. ) ;
#3897 = CARTESIAN_POINT ( 'NONE',  ( 39.39999999999999858, 4.828427124746197840, 118.5000000000000000 ) ) ;
#3898 = ORIENTED_EDGE ( 'NONE', *, *, #5784, .F. ) ;
#3899 = ORIENTED_EDGE ( 'NONE', *, *, #7336, .F. ) ;
#3900 = AXIS2_PLACEMENT_3D ( 'NONE', #6494, #909, #6007 ) ;
#3901 = ORIENTED_EDGE ( 'NONE', *, *, #662, .F. ) ;
#3902 = CARTESIAN_POINT ( 'NONE',  ( -38.35233407185199184, 28.88630239515455855, 79.60116703592620979 ) ) ;
#3903 = CARTESIAN_POINT ( 'NONE',  ( 38.14999999999999858, 29.99999999999998579, 79.49999999999998579 ) ) ;
#3904 = DIRECTION ( 'NONE',  ( -0.000000000000000000, -1.000000000000000000, 0.000000000000000000 ) ) ;
#3905 = DIRECTION ( 'NONE',  ( -0.7071067811865463515, 0.7071067811865487940, 6.950836766040552694E-17 ) ) ;
#3906 = AXIS2_PLACEMENT_3D ( 'NONE', #757, #1385, #5320 ) ;
#3907 = LINE ( 'NONE', #3768, #2892 ) ;
#3908 = AXIS2_PLACEMENT_3D ( 'NONE', #2243, #2352, #1185 ) ;
#3909 = EDGE_LOOP ( 'NONE', ( #3183, #1518, #1982 ) ) ;
#3910 = ORIENTED_EDGE ( 'NONE', *, *, #4447, .T. ) ;
#3911 = DIRECTION ( 'NONE',  ( 0.000000000000000000, 2.465544075527127488E-16, -1.000000000000000000 ) ) ;
#3912 = LINE ( 'NONE', #2902, #924 ) ;
#3913 = AXIS2_PLACEMENT_3D ( 'NONE', #4155, #6515, #4793 ) ;
#3914 = CARTESIAN_POINT ( 'NONE',  ( 15.40000000000000391, 17.00000000000000000, 74.25525001016717397 ) ) ;
#3915 = CARTESIAN_POINT ( 'NONE',  ( 49.39999999999999858, 5.999999999999995559, 39.86590682343454972 ) ) ;
#3916 = DIRECTION ( 'NONE',  ( 0.000000000000000000, 0.000000000000000000, -1.000000000000000000 ) ) ;
#3917 = EDGE_CURVE ( 'NONE', #5200, #2493, #2337, .T. ) ;
#3918 = CARTESIAN_POINT ( 'NONE',  ( 15.40000000000000391, 29.99999999999998579, 90.49999999999998579 ) ) ;
#3919 = CYLINDRICAL_SURFACE ( 'NONE', #4079, 2.000000000000000000 ) ;
#3920 = CARTESIAN_POINT ( 'NONE',  ( 48.10710678118653760, 11.47853273387309159, 75.01884713130118598 ) ) ;
#3921 = CARTESIAN_POINT ( 'NONE',  ( -28.40000000000000213, 27.99999999999998224, 88.49999999999998579 ) ) ;
#3922 = DIRECTION ( 'NONE',  ( -1.000000000000000000, -0.000000000000000000, -0.000000000000000000 ) ) ;
#3923 = ORIENTED_EDGE ( 'NONE', *, *, #3472, .F. ) ;
#3924 = AXIS2_PLACEMENT_3D ( 'NONE', #5385, #7068, #256 ) ;
#3925 = DIRECTION ( 'NONE',  ( 0.000000000000000000, 0.9203309184584744784, -0.3911406403448519642 ) ) ;
#3926 = VECTOR ( 'NONE', #3245, 1000.000000000000114 ) ;
#3927 = ORIENTED_EDGE ( 'NONE', *, *, #3310, .T. ) ;
#3928 = EDGE_CURVE ( 'NONE', #134, #3853, #6198, .T. ) ;
#3929 = ORIENTED_EDGE ( 'NONE', *, *, #1554, .F. ) ;
#3930 = DIRECTION ( 'NONE',  ( 0.000000000000000000, 0.000000000000000000, -1.000000000000000000 ) ) ;
#3931 = DIRECTION ( 'NONE',  ( -1.000000000000000000, -0.000000000000000000, -0.000000000000000000 ) ) ;
#3932 = ORIENTED_EDGE ( 'NONE', *, *, #6086, .F. ) ;
#3933 = CARTESIAN_POINT ( 'NONE',  ( 49.39999999999999858, 12.82842712474617208, 108.5000000000000000 ) ) ;
#3934 = AXIS2_PLACEMENT_3D ( 'NONE', #440, #2731, #5009 ) ;
#3935 = ORIENTED_EDGE ( 'NONE', *, *, #4311, .F. ) ;
#3936 = EDGE_CURVE ( 'NONE', #2576, #2520, #1103, .T. ) ;
#3937 = ORIENTED_EDGE ( 'NONE', *, *, #6379, .F. ) ;
#3938 = EDGE_CURVE ( 'NONE', #5979, #814, #5848, .T. ) ;
#3939 = ORIENTED_EDGE ( 'NONE', *, *, #4734, .T. ) ;
#3940 = CARTESIAN_POINT ( 'NONE',  ( -38.92090653948142887, 29.59933366422760059, 79.88545326974069383 ) ) ;
#3941 = VECTOR ( 'NONE', #276, 1000.000000000000000 ) ;
#3942 = DIRECTION ( 'NONE',  ( 0.000000000000000000, -1.000000000000000000, -0.000000000000000000 ) ) ;
#3943 = CARTESIAN_POINT ( 'NONE',  ( -48.81421356237309084, 11.41421356237307805, 75.78489157442020030 ) ) ;
#3944 = CARTESIAN_POINT ( 'NONE',  ( 38.14999999999999858, 26.99999999999998224, 3.499999999999998668 ) ) ;
#3945 = ORIENTED_EDGE ( 'NONE', *, *, #2509, .T. ) ;
#3946 = ORIENTED_EDGE ( 'NONE', *, *, #4118, .T. ) ;
#3947 = AXIS2_PLACEMENT_3D ( 'NONE', #1138, #5147, #5744 ) ;
#3948 = DIRECTION ( 'NONE',  ( 1.826024711554535885E-16, -1.000000000000000000, -0.000000000000000000 ) ) ;
#3949 = DIRECTION ( 'NONE',  ( 0.000000000000000000, 0.000000000000000000, -1.000000000000000000 ) ) ;
#3950 = CARTESIAN_POINT ( 'NONE',  ( 15.40000000005900382, 17.00000000000000000, 74.16979592319363235 ) ) ;
#3951 = DIRECTION ( 'NONE',  ( -1.000000000000000000, 0.000000000000000000, 0.000000000000000000 ) ) ;
#3952 = VECTOR ( 'NONE', #488, 1000.000000000000114 ) ;
#3953 = LINE ( 'NONE', #5705, #347 ) ;
#3954 = CARTESIAN_POINT ( 'NONE',  ( -48.81421356237309084, 11.41421356237307450, 108.5000000000000000 ) ) ;
#3955 = AXIS2_PLACEMENT_3D ( 'NONE', #4329, #3808, #3283 ) ;
#3956 = CYLINDRICAL_SURFACE ( 'NONE', #2040, 1.499999999999999556 ) ;
#3957 = DIRECTION ( 'NONE',  ( 1.000000000000000000, 0.000000000000000000, 0.000000000000000000 ) ) ;
#3958 = VECTOR ( 'NONE', #3591, 1000.000000000000000 ) ;
#3959 = EDGE_CURVE ( 'NONE', #803, #6813, #6516, .T. ) ;
#3960 = DIRECTION ( 'NONE',  ( 0.000000000000000000, 0.000000000000000000, 1.000000000000000000 ) ) ;
#3961 = CARTESIAN_POINT ( 'NONE',  ( -49.39999999999999858, 29.99999999999998579, 64.48722716699411706 ) ) ;
#3962 = EDGE_LOOP ( 'NONE', ( #2351, #3341, #888, #5139, #7155 ) ) ;
#3963 = CARTESIAN_POINT ( 'NONE',  ( -15.90000000000001812, -1.172253085980735212E-14, 96.57462821482180004 ) ) ;
#3964 = VECTOR ( 'NONE', #3875, 1000.000000000000114 ) ;
#3965 = VERTEX_POINT ( 'NONE', #5321 ) ;
#3966 = ORIENTED_EDGE ( 'NONE', *, *, #3067, .F. ) ;
#3967 = ADVANCED_FACE ( 'NONE', ( #268 ), #3084, .T. ) ;
#3968 = DIRECTION ( 'NONE',  ( 1.000000000000000000, 0.000000000000000000, -0.000000000000000000 ) ) ;
#3969 = DIRECTION ( 'NONE',  ( 0.000000000000000000, 1.000000000000000000, 0.000000000000000000 ) ) ;
#3970 = ORIENTED_EDGE ( 'NONE', *, *, #3842, .T. ) ;
#3971 = EDGE_CURVE ( 'NONE', #7143, #3338, #7118, .T. ) ;
#3972 = CARTESIAN_POINT ( 'NONE',  ( 47.21154830027269611, 9.811548300272685097, 113.4163737610801377 ) ) ;
#3973 = ORIENTED_EDGE ( 'NONE', *, *, #1002, .T. ) ;
#3974 = ORIENTED_EDGE ( 'NONE', *, *, #1502, .F. ) ;
#3975 =( BOUNDED_CURVE ( )  B_SPLINE_CURVE ( 3, ( #7228, #449, #2741, #4871 ),
 .UNSPECIFIED., .F., .F. ) 
 B_SPLINE_CURVE_WITH_KNOTS ( ( 4, 4 ),
 ( 2.617993877991504181, 3.665191429188094929 ),
 .UNSPECIFIED. ) 
 CURVE ( )  GEOMETRIC_REPRESENTATION_ITEM ( )  RATIONAL_B_SPLINE_CURVE ( ( 1.000000000000000000, 0.9106836025229602116, 0.9106836025229602116, 1.000000000000000000 ) ) 
 REPRESENTATION_ITEM ( '' )  );
#3976 = ORIENTED_EDGE ( 'NONE', *, *, #5056, .F. ) ;
#3977 = CARTESIAN_POINT ( 'NONE',  ( -39.53545326974071372, 29.59933366422760059, 79.27090653948141608 ) ) ;
#3978 = CARTESIAN_POINT ( 'NONE',  ( 33.27500000000004832, 21.12499999999996447, 10.50000000000000533 ) ) ;
#3979 = DIRECTION ( 'NONE',  ( 0.000000000000000000, -1.000000000000000000, 0.000000000000000000 ) ) ;
#3980 = EDGE_CURVE ( 'NONE', #7116, #4682, #4237, .T. ) ;
#3981 = DIRECTION ( 'NONE',  ( 1.000000000000000000, -0.000000000000000000, -0.000000000000000000 ) ) ;
#3982 = EDGE_CURVE ( 'NONE', #6781, #1051, #1347, .T. ) ;
#3983 = CARTESIAN_POINT ( 'NONE',  ( 0.000000000000000000, 0.000000000000000000, 0.000000000000000000 ) ) ;
#3984 = ORIENTED_EDGE ( 'NONE', *, *, #6598, .F. ) ;
#3985 = ORIENTED_EDGE ( 'NONE', *, *, #6963, .F. ) ;
#3986 = CARTESIAN_POINT ( 'NONE',  ( -30.40000000000000213, 29.99999999999998579, 90.49999999999998579 ) ) ;
#3987 = DIRECTION ( 'NONE',  ( 0.000000000000000000, -0.000000000000000000, -1.000000000000000000 ) ) ;
#3988 = CARTESIAN_POINT ( 'NONE',  ( -47.98578643762690632, 13.41421356237307982, 118.5000000000000000 ) ) ;
#3989 = DIRECTION ( 'NONE',  ( 0.000000000000000000, 1.000000000000000000, -3.252606517456513302E-16 ) ) ;
#3990 = ADVANCED_FACE ( 'NONE', ( #2522 ), #5808, .T. ) ;
#3991 = AXIS2_PLACEMENT_3D ( 'NONE', #6831, #1693, #5701 ) ;
#3992 = CARTESIAN_POINT ( 'NONE',  ( 48.39999999999999858, -4.931088151054253990E-16, 1.999999999999999556 ) ) ;
#3993 = DIRECTION ( 'NONE',  ( -0.7071067811865492381, 0.000000000000000000, -0.7071067811865457964 ) ) ;
#3994 = ORIENTED_EDGE ( 'NONE', *, *, #5821, .T. ) ;
#3995 = CARTESIAN_POINT ( 'NONE',  ( -28.40000000000000213, 27.99999999999998224, 82.55267969074972711 ) ) ;
#3996 = LINE ( 'NONE', #1144, #6110 ) ;
#3997 = CARTESIAN_POINT ( 'NONE',  ( -47.39999999999999858, 9.999999999999994671, 2.041077998578919136E-16 ) ) ;
#3998 = VERTEX_POINT ( 'NONE', #2556 ) ;
#3999 = LINE ( 'NONE', #2129, #3358 ) ;
#4000 = DIRECTION ( 'NONE',  ( 0.000000000000000000, -0.000000000000000000, 1.000000000000000000 ) ) ;
#4001 = VERTEX_POINT ( 'NONE', #2476 ) ;
#4002 = ORIENTED_EDGE ( 'NONE', *, *, #6684, .F. ) ;
#4003 = CARTESIAN_POINT ( 'NONE',  ( 45.40000000000000568, 29.99999999999998579, 64.48722716699411706 ) ) ;
#4004 = LINE ( 'NONE', #664, #4551 ) ;
#4005 = ORIENTED_EDGE ( 'NONE', *, *, #6396, .T. ) ;
#4006 = DIRECTION ( 'NONE',  ( 0.000000000000000000, 0.000000000000000000, 1.000000000000000000 ) ) ;
#4007 = AXIS2_PLACEMENT_3D ( 'NONE', #343, #4992, #4322 ) ;
#4008 = ADVANCED_FACE ( 'NONE', ( #4802 ), #3645, .T. ) ;
#4009 = ORIENTED_EDGE ( 'NONE', *, *, #6362, .T. ) ;
#4010 = ORIENTED_EDGE ( 'NONE', *, *, #4114, .F. ) ;
#4011 = ORIENTED_EDGE ( 'NONE', *, *, #6677, .F. ) ;
#4012 = CIRCLE ( 'NONE', #5914, 1.000000000000000888 ) ;
#4013 = CARTESIAN_POINT ( 'NONE',  ( -39.14276206100668531, 29.74757278571701491, 79.99638103050280336 ) ) ;
#4014 = DIRECTION ( 'NONE',  ( 0.000000000000000000, -1.000000000000000000, 0.000000000000000000 ) ) ;
#4015 = LINE ( 'NONE', #7339, #170 ) ;
#4016 = DIRECTION ( 'NONE',  ( 0.000000000000000000, 1.000000000000000000, 2.041077998578920060E-17 ) ) ;
#4017 = ORIENTED_EDGE ( 'NONE', *, *, #4963, .F. ) ;
#4018 =( BOUNDED_CURVE ( )  B_SPLINE_CURVE ( 3, ( #2927, #1857, #4194, #2361 ),
 .UNSPECIFIED., .F., .F. ) 
 B_SPLINE_CURVE_WITH_KNOTS ( ( 4, 4 ),
 ( 1.570796326794896558, 3.141592653589793116 ),
 .UNSPECIFIED. ) 
 CURVE ( )  GEOMETRIC_REPRESENTATION_ITEM ( )  RATIONAL_B_SPLINE_CURVE ( ( 1.000000000000000000, 0.8047378541243649375, 0.8047378541243649375, 1.000000000000000000 ) ) 
 REPRESENTATION_ITEM ( '' )  );
#4019 = ORIENTED_EDGE ( 'NONE', *, *, #986, .F. ) ;
#4020 = EDGE_CURVE ( 'NONE', #5092, #6541, #4837, .T. ) ;
#4021 = CARTESIAN_POINT ( 'NONE',  ( -47.89999999999999858, 5.189339828220176365, 5.189339828220175477 ) ) ;
#4022 = CARTESIAN_POINT ( 'NONE',  ( 39.39999999999999858, 4.828427124746200505, 118.5000000000000000 ) ) ;
#4023 = EDGE_CURVE ( 'NONE', #5343, #5580, #4098, .T. ) ;
#4024 = CARTESIAN_POINT ( 'NONE',  ( -47.89999999999999858, 9.999999999999994671, 2.500000000000000000 ) ) ;
#4025 = CARTESIAN_POINT ( 'NONE',  ( -49.39999999999999858, 12.82842712474617031, 108.5000000000000000 ) ) ;
#4026 = DIRECTION ( 'NONE',  ( -1.734723475976806700E-15, 1.000000000000000000, 0.000000000000000000 ) ) ;
#4027 = CARTESIAN_POINT ( 'NONE',  ( 37.39999999999994884, -1.757438457373110282E-14, 115.9823619097949319 ) ) ;
#4028 = ADVANCED_FACE ( 'NONE', ( #829 ), #6409, .T. ) ;
#4029 = VECTOR ( 'NONE', #6088, 1000.000000000000114 ) ;
#4030 = DIRECTION ( 'NONE',  ( 1.000000000000000000, 0.000000000000000000, 0.000000000000000000 ) ) ;
#4031 = CARTESIAN_POINT ( 'NONE',  ( 48.20014038066540252, 11.57155379832658326, 74.94079319042653253 ) ) ;
#4032 = CARTESIAN_POINT ( 'NONE',  ( -14.68002047582909597, 14.73337198566278161, 72.82264866178141460 ) ) ;
#4033 = EDGE_CURVE ( 'NONE', #7147, #2891, #6526, .T. ) ;
#4034 = FACE_OUTER_BOUND ( 'NONE', #7061, .T. ) ;
#4035 = DIRECTION ( 'NONE',  ( 0.8944271909999157444, -2.216548351113637205E-16, -0.4472135954999582608 ) ) ;
#4036 = EDGE_LOOP ( 'NONE', ( #5309, #2776, #5735, #2543, #1234 ) ) ;
#4037 = ORIENTED_EDGE ( 'NONE', *, *, #1395, .F. ) ;
#4038 = DIRECTION ( 'NONE',  ( 0.5598087876773497618, 0.8278331560322546023, 0.03614397616329242946 ) ) ;
#4039 = DIRECTION ( 'NONE',  ( 0.000000000000000000, 0.000000000000000000, -1.000000000000000000 ) ) ;
#4040 = ORIENTED_EDGE ( 'NONE', *, *, #5280, .T. ) ;
#4041 = CARTESIAN_POINT ( 'NONE',  ( 48.13786388467983812, 11.81871823249030484, 113.5361898009633990 ) ) ;
#4042 = ORIENTED_EDGE ( 'NONE', *, *, #1980, .T. ) ;
#4043 = ORIENTED_EDGE ( 'NONE', *, *, #547, .T. ) ;
#4044 = ORIENTED_EDGE ( 'NONE', *, *, #312, .F. ) ;
#4045 = EDGE_CURVE ( 'NONE', #3371, #2460, #5679, .T. ) ;
#4046 = CARTESIAN_POINT ( 'NONE',  ( 49.39999999999999858, 12.82842712474617386, 75.19155853512361887 ) ) ;
#4047 = CARTESIAN_POINT ( 'NONE',  ( -48.99021484454121378, 11.60844693241710068, 75.70340099983707205 ) ) ;
#4048 = LINE ( 'NONE', #6934, #2270 ) ;
#4049 = CARTESIAN_POINT ( 'NONE',  ( 31.19999999999999929, 22.99999999999997868, 118.5009999999999906 ) ) ;
#4050 = VERTEX_POINT ( 'NONE', #122 ) ;
#4051 = VERTEX_POINT ( 'NONE', #5884 ) ;
#4052 = CARTESIAN_POINT ( 'NONE',  ( 43.39999999999999858, 28.89999999999998082, 2.500000000000000000 ) ) ;
#4053 = CARTESIAN_POINT ( 'NONE',  ( 15.90000000000000036, 2.828427124746188071, 108.5000000000000000 ) ) ;
#4054 = CIRCLE ( 'NONE', #105, 1.500000000000001332 ) ;
#4055 = CARTESIAN_POINT ( 'NONE',  ( 13.76847180345066413, 17.00000000000000355, 74.00946306079185888 ) ) ;
#4056 = CARTESIAN_POINT ( 'NONE',  ( 48.26783180232096271, 11.68448914516474524, 74.84602918254776682 ) ) ;
#4057 = CARTESIAN_POINT ( 'NONE',  ( 43.39999999999999858, 20.99999999999997513, 9.500000000000005329 ) ) ;
#4058 = EDGE_CURVE ( 'NONE', #2851, #5959, #6446, .T. ) ;
#4059 = DIRECTION ( 'NONE',  ( 0.7071067811865463515, 0.5000000000000001110, -0.5000000000000017764 ) ) ;
#4060 =( BOUNDED_CURVE ( )  B_SPLINE_CURVE ( 3, ( #86, #650, #1732, #4025 ),
 .UNSPECIFIED., .F., .F. ) 
 B_SPLINE_CURVE_WITH_KNOTS ( ( 4, 4 ),
 ( 1.570796326794896558, 3.141592653589793116 ),
 .UNSPECIFIED. ) 
 CURVE ( )  GEOMETRIC_REPRESENTATION_ITEM ( )  RATIONAL_B_SPLINE_CURVE ( ( 1.000000000000000000, 0.8047378541243649375, 0.8047378541243649375, 1.000000000000000000 ) ) 
 REPRESENTATION_ITEM ( '' )  );
#4061 = VECTOR ( 'NONE', #5042, 1000.000000000000000 ) ;
#4062 = EDGE_CURVE ( 'NONE', #633, #6257, #5793, .T. ) ;
#4063 = VECTOR ( 'NONE', #1455, 1000.000000000000000 ) ;
#4064 = CARTESIAN_POINT ( 'NONE',  ( -48.81421356237672171, 11.41421356237670892, 109.5473863564112236 ) ) ;
#4065 = CARTESIAN_POINT ( 'NONE',  ( 37.39999999999997726, 2.828427124746180077, 118.5000000000000000 ) ) ;
#4066 = CARTESIAN_POINT ( 'NONE',  ( -13.72221731358314045, 17.00000000000000355, 71.87150052708159365 ) ) ;
#4067 = VECTOR ( 'NONE', #6254, 1000.000000000000000 ) ;
#4068 = CIRCLE ( 'NONE', #3716, 1.499999999999999556 ) ;
#4069 = CARTESIAN_POINT ( 'NONE',  ( -39.56421356237309084, 29.99999999999998224, 79.32842712474615610 ) ) ;
#4070 = DIRECTION ( 'NONE',  ( 0.000000000000000000, -0.7071067811865512365, -0.7071067811865439090 ) ) ;
#4071 = EDGE_CURVE ( 'NONE', #6928, #4182, #476, .T. ) ;
#4072 = VECTOR ( 'NONE', #265, 1000.000000000000000 ) ;
#4073 = EDGE_CURVE ( 'NONE', #5535, #7312, #1188, .T. ) ;
#4074 = AXIS2_PLACEMENT_3D ( 'NONE', #838, #4768, #3617 ) ;
#4075 = VECTOR ( 'NONE', #5983, 1000.000000000000000 ) ;
#4076 = ORIENTED_EDGE ( 'NONE', *, *, #1475, .F. ) ;
#4077 = ORIENTED_EDGE ( 'NONE', *, *, #6473, .F. ) ;
#4078 = CARTESIAN_POINT ( 'NONE',  ( -48.10710678118653760, 11.47853273387309159, 75.01884713130118598 ) ) ;
#4079 = AXIS2_PLACEMENT_3D ( 'NONE', #2835, #1142, #5708 ) ;
#4080 = CARTESIAN_POINT ( 'NONE',  ( 47.39999999999999858, 1.000000000000000444, 2.000000000000000000 ) ) ;
#4081 = ORIENTED_EDGE ( 'NONE', *, *, #5795, .T. ) ;
#4082 =( GEOMETRIC_REPRESENTATION_CONTEXT ( 3 ) GLOBAL_UNCERTAINTY_ASSIGNED_CONTEXT ( ( #3174 ) ) GLOBAL_UNIT_ASSIGNED_CONTEXT ( ( #4582, #5238, #1233 ) ) REPRESENTATION_CONTEXT ( 'NONE', 'WORKASPACE' ) );
#4083 = LINE ( 'NONE', #5830, #6104 ) ;
#4084 = ADVANCED_FACE ( 'NONE', ( #3274 ), #6565, .F. ) ;
#4085 = ORIENTED_EDGE ( 'NONE', *, *, #3374, .T. ) ;
#4086 = VERTEX_POINT ( 'NONE', #3728 ) ;
#4087 = ORIENTED_EDGE ( 'NONE', *, *, #1595, .T. ) ;
#4088 = CARTESIAN_POINT ( 'NONE',  ( 49.24107214163849022, 12.04706440578508797, 75.51937883511210714 ) ) ;
#4089 = DIRECTION ( 'NONE',  ( -1.000000000000000000, 0.000000000000000000, 0.000000000000000000 ) ) ;
#4090 = LINE ( 'NONE', #6897, #5371 ) ;
#4091 = EDGE_CURVE ( 'NONE', #102, #144, #294, .T. ) ;
#4092 = ORIENTED_EDGE ( 'NONE', *, *, #1438, .T. ) ;
#4093 = EDGE_CURVE ( 'NONE', #4800, #6257, #1605, .T. ) ;
#4094 = ORIENTED_EDGE ( 'NONE', *, *, #3638, .F. ) ;
#4095 = CARTESIAN_POINT ( 'NONE',  ( -23.90000000000000568, 28.49999999999998224, 108.5000000000000000 ) ) ;
#4096 = CARTESIAN_POINT ( 'NONE',  ( 14.49682348022817457, 17.00000000000000000, 70.84368344315551269 ) ) ;
#4097 = FACE_OUTER_BOUND ( 'NONE', #5804, .T. ) ;
#4098 = LINE ( 'NONE', #5920, #6759 ) ;
#4099 = CARTESIAN_POINT ( 'NONE',  ( -45.40000000000000568, 29.56066017177980498, 63.42656699521430141 ) ) ;
#4100 = DIRECTION ( 'NONE',  ( -1.000000000000000000, 0.000000000000000000, 0.000000000000000000 ) ) ;
#4101 = EDGE_CURVE ( 'NONE', #4410, #4797, #5468, .T. ) ;
#4102 = CARTESIAN_POINT ( 'NONE',  ( -32.00000000000000000, 29.19999999999999929, 5.959947755850446638E-16 ) ) ;
#4103 = FACE_OUTER_BOUND ( 'NONE', #5948, .T. ) ;
#4104 = DIRECTION ( 'NONE',  ( -1.000000000000000000, -0.000000000000000000, -0.000000000000000000 ) ) ;
#4105 = FACE_OUTER_BOUND ( 'NONE', #6212, .T. ) ;
#4106 = CARTESIAN_POINT ( 'NONE',  ( 49.39999999999999858, 9.999999999999994671, 2.500000000000000000 ) ) ;
#4107 = ORIENTED_EDGE ( 'NONE', *, *, #7398, .F. ) ;
#4108 = ORIENTED_EDGE ( 'NONE', *, *, #4806, .F. ) ;
#4109 = DIRECTION ( 'NONE',  ( -6.842277657836020854E-49, 2.041077998578920060E-17, -1.000000000000000000 ) ) ;
#4110 = EDGE_CURVE ( 'NONE', #3300, #1675, #6151, .T. ) ;
#4111 = PLANE ( 'NONE',  #1747 ) ;
#4112 = LINE ( 'NONE', #3408, #5857 ) ;
#4113 = ORIENTED_EDGE ( 'NONE', *, *, #4522, .T. ) ;
#4114 = EDGE_CURVE ( 'NONE', #3819, #5979, #1994, .T. ) ;
#4115 = CARTESIAN_POINT ( 'NONE',  ( 47.89999999999999858, 5.999999999999995559, 6.500000000000000000 ) ) ;
#4116 = ORIENTED_EDGE ( 'NONE', *, *, #3510, .T. ) ;
#4117 = ORIENTED_EDGE ( 'NONE', *, *, #4114, .T. ) ;
#4118 = EDGE_CURVE ( 'NONE', #6829, #98, #903, .T. ) ;
#4119 = EDGE_LOOP ( 'NONE', ( #61, #3216, #287, #4414 ) ) ;
#4120 = DIRECTION ( 'NONE',  ( -0.000000000000000000, 0.000000000000000000, -1.000000000000000000 ) ) ;
#4121 = DIRECTION ( 'NONE',  ( 0.000000000000000000, 0.000000000000000000, -1.000000000000000000 ) ) ;
#4122 = LINE ( 'NONE', #2548, #1547 ) ;
#4123 = ORIENTED_EDGE ( 'NONE', *, *, #554, .T. ) ;
#4124 = VERTEX_POINT ( 'NONE', #3873 ) ;
#4125 = VECTOR ( 'NONE', #6241, 1000.000000000000000 ) ;
#4126 = CARTESIAN_POINT ( 'NONE',  ( 15.73889215254697937, 17.00000000000000000, 73.63588249306259570 ) ) ;
#4127 = ORIENTED_EDGE ( 'NONE', *, *, #7026, .F. ) ;
#4128 = CARTESIAN_POINT ( 'NONE',  ( -49.39999999999999858, 29.19999999999999929, 1.700000000000000178 ) ) ;
#4129 = DIRECTION ( 'NONE',  ( 1.000000000000000000, 0.000000000000000000, 0.000000000000000000 ) ) ;
#4130 = CARTESIAN_POINT ( 'NONE',  ( -44.50541017019710210, 29.84325347936667328, 63.70916030280158537 ) ) ;
#4131 = FACE_OUTER_BOUND ( 'NONE', #1600, .T. ) ;
#4132 = CARTESIAN_POINT ( 'NONE',  ( -47.89999999999999858, 5.999999999999995559, 39.86590682343454972 ) ) ;
#4133 = DIRECTION ( 'NONE',  ( 1.000000000000000000, 0.000000000000000000, 0.000000000000000000 ) ) ;
#4134 = DIRECTION ( 'NONE',  ( 0.000000000000000000, 1.000000000000000000, -4.956352788505160310E-16 ) ) ;
#4135 = PLANE ( 'NONE',  #3477 ) ;
#4136 = EDGE_CURVE ( 'NONE', #3696, #1486, #1464, .T. ) ;
#4137 = CARTESIAN_POINT ( 'NONE',  ( -32.00000000000000000, 29.19999999999999929, 0.8000000000000007105 ) ) ;
#4138 = VECTOR ( 'NONE', #3273, 1000.000000000000000 ) ;
#4139 = ORIENTED_EDGE ( 'NONE', *, *, #5481, .T. ) ;
#4140 = B_SPLINE_CURVE_WITH_KNOTS ( 'NONE', 3,
 ( #4634, #1066, #1771, #5675, #4031, #3920 ),
 .UNSPECIFIED., .F., .F.,
 ( 4, 2, 4 ),
 ( 0.000000000000000000, 0.5000000000000000000, 1.000000000000000000 ),
 .UNSPECIFIED. ) ;
#4141 = ORIENTED_EDGE ( 'NONE', *, *, #3151, .F. ) ;
#4142 = PLANE ( 'NONE',  #1260 ) ;
#4143 = DIRECTION ( 'NONE',  ( 0.000000000000000000, -0.7071067811865467956, 0.7071067811865483499 ) ) ;
#4144 = PLANE ( 'NONE',  #3240 ) ;
#4145 = ORIENTED_EDGE ( 'NONE', *, *, #3209, .F. ) ;
#4146 = AXIS2_PLACEMENT_3D ( 'NONE', #75, #6933, #4089 ) ;
#4147 = DIRECTION ( 'NONE',  ( 0.000000000000000000, -0.7071067811865475727, 0.7071067811865475727 ) ) ;
#4148 = FACE_OUTER_BOUND ( 'NONE', #2960, .T. ) ;
#4149 = EDGE_CURVE ( 'NONE', #2862, #2366, #5586, .T. ) ;
#4150 = ORIENTED_EDGE ( 'NONE', *, *, #2740, .T. ) ;
#4151 = ADVANCED_FACE ( 'NONE', ( #459 ), #4277, .T. ) ;
#4152 = ORIENTED_EDGE ( 'NONE', *, *, #4777, .F. ) ;
#4153 = ORIENTED_EDGE ( 'NONE', *, *, #859, .F. ) ;
#4154 = CARTESIAN_POINT ( 'NONE',  ( 49.37265322887156316, 12.49720187997141707, 75.33052174099742615 ) ) ;
#4155 = CARTESIAN_POINT ( 'NONE',  ( -15.90000000000000391, 2.828427124746192511, 2.780334706416217627E-16 ) ) ;
#4156 = CIRCLE ( 'NONE', #6918, 0.8000000000000000444 ) ;
#4157 = CARTESIAN_POINT ( 'NONE',  ( -31.56670593126604984, 29.19999999999999929, 2.372499999999992504 ) ) ;
#4158 = EDGE_CURVE ( 'NONE', #3256, #2773, #3777, .T. ) ;
#4159 = ORIENTED_EDGE ( 'NONE', *, *, #6447, .T. ) ;
#4160 = EDGE_CURVE ( 'NONE', #6578, #524, #3197, .T. ) ;
#4161 = ORIENTED_EDGE ( 'NONE', *, *, #1270, .F. ) ;
#4162 = VECTOR ( 'NONE', #1805, 1000.000000000000000 ) ;
#4163 = FACE_OUTER_BOUND ( 'NONE', #3373, .T. ) ;
#4164 = EDGE_LOOP ( 'NONE', ( #1639, #5728, #3513, #6421 ) ) ;
#4165 = DIRECTION ( 'NONE',  ( -0.000000000000000000, 0.000000000000000000, -1.000000000000000000 ) ) ;
#4166 = CARTESIAN_POINT ( 'NONE',  ( 49.39999999999999858, -1.368118845532693358E-14, 116.4999999999999716 ) ) ;
#4167 = CARTESIAN_POINT ( 'NONE',  ( -43.39999999999999858, 27.99999999999998224, 63.98722716699411706 ) ) ;
#4168 = CARTESIAN_POINT ( 'NONE',  ( -31.39999999999999858, 24.89999999999998082, 3.500000000000001332 ) ) ;
#4169 = AXIS2_PLACEMENT_3D ( 'NONE', #5510, #4014, #742 ) ;
#4170 = FACE_OUTER_BOUND ( 'NONE', #2934, .T. ) ;
#4171 = PLANE ( 'NONE',  #2158 ) ;
#4172 = DIRECTION ( 'NONE',  ( -0.000000000000000000, -4.956352788505160310E-16, -1.000000000000000000 ) ) ;
#4173 = DIRECTION ( 'NONE',  ( 0.000000000000000000, -1.000000000000000000, 0.000000000000000000 ) ) ;
#4174 = AXIS2_PLACEMENT_3D ( 'NONE', #7042, #1907, #4205 ) ;
#4175 = EDGE_LOOP ( 'NONE', ( #6032, #68, #5090, #5933 ) ) ;
#4176 = EDGE_CURVE ( 'NONE', #2326, #5564, #7270, .T. ) ;
#4177 = ORIENTED_EDGE ( 'NONE', *, *, #6774, .F. ) ;
#4178 = DIRECTION ( 'NONE',  ( 0.000000000000000000, 0.7660444431189792347, -0.6427876096865379196 ) ) ;
#4179 = AXIS2_PLACEMENT_3D ( 'NONE', #4269, #261, #4829 ) ;
#4180 = CYLINDRICAL_SURFACE ( 'NONE', #5452, 2.000000000000001776 ) ;
#4181 = CARTESIAN_POINT ( 'NONE',  ( 43.39999999999999858, 5.999999999999995559, 6.500000000000000000 ) ) ;
#4182 = VERTEX_POINT ( 'NONE', #4357 ) ;
#4183 = AXIS2_PLACEMENT_3D ( 'NONE', #5537, #3224, #928 ) ;
#4184 = CARTESIAN_POINT ( 'NONE',  ( 38.16289217985900706, 28.26179617165912106, 79.50644608992951134 ) ) ;
#4185 = VECTOR ( 'NONE', #5373, 1000.000000000000000 ) ;
#4186 = DIRECTION ( 'NONE',  ( 0.000000000000000000, -0.6427876096865344779, 0.7660444431189820103 ) ) ;
#4187 = VERTEX_POINT ( 'NONE', #6116 ) ;
#4188 = ADVANCED_FACE ( 'NONE', ( #6643 ), #539, .T. ) ;
#4189 = ORIENTED_EDGE ( 'NONE', *, *, #4571, .T. ) ;
#4190 = CARTESIAN_POINT ( 'NONE',  ( -32.00000000000000000, 29.19999999999999929, 1.700000000000000178 ) ) ;
#4191 = AXIS2_PLACEMENT_3D ( 'NONE', #3327, #6588, #2766 ) ;
#4192 = ORIENTED_EDGE ( 'NONE', *, *, #278, .F. ) ;
#4193 = EDGE_CURVE ( 'NONE', #848, #680, #6074, .T. ) ;
#4194 = CARTESIAN_POINT ( 'NONE',  ( -38.14999999999999858, 29.17157287525379417, 79.49999999999998579 ) ) ;
#4195 = FACE_OUTER_BOUND ( 'NONE', #5796, .T. ) ;
#4196 = DIRECTION ( 'NONE',  ( 1.000000000000000000, -0.000000000000000000, -0.000000000000000000 ) ) ;
#4197 = AXIS2_PLACEMENT_3D ( 'NONE', #4726, #2559, #6567 ) ;
#4198 = ORIENTED_EDGE ( 'NONE', *, *, #5897, .T. ) ;
#4199 = ORIENTED_EDGE ( 'NONE', *, *, #5507, .F. ) ;
#4200 = EDGE_CURVE ( 'NONE', #6286, #1334, #2675, .T. ) ;
#4201 = CARTESIAN_POINT ( 'NONE',  ( 14.57834645319903366, 14.77359846012014977, 72.89782006234399603 ) ) ;
#4202 = ORIENTED_EDGE ( 'NONE', *, *, #5076, .T. ) ;
#4203 = DIRECTION ( 'NONE',  ( 0.000000000000000000, -1.000000000000000000, 0.000000000000000000 ) ) ;
#4204 = CARTESIAN_POINT ( 'NONE',  ( -49.39999999999999858, 4.499999999999995559, 0.000000000000000000 ) ) ;
#4205 = DIRECTION ( 'NONE',  ( 1.000000000000000000, 0.000000000000000000, 0.000000000000000000 ) ) ;
#4206 = CARTESIAN_POINT ( 'NONE',  ( 43.39999999999999858, 0.000000000000000000, 0.000000000000000000 ) ) ;
#4207 = LINE ( 'NONE', #272, #2946 ) ;
#4208 = DIRECTION ( 'NONE',  ( 1.000000000000000000, -0.000000000000000000, -0.000000000000000000 ) ) ;
#4209 = VECTOR ( 'NONE', #7311, 1000.000000000000000 ) ;
#4210 = EDGE_CURVE ( 'NONE', #1454, #135, #4015, .T. ) ;
#4211 = LINE ( 'NONE', #161, #2036 ) ;
#4212 = LINE ( 'NONE', #734, #6165 ) ;
#4213 = DIRECTION ( 'NONE',  ( 1.000000000000000000, 0.000000000000000000, -0.000000000000000000 ) ) ;
#4214 = EDGE_LOOP ( 'NONE', ( #5546, #277, #116, #4215 ) ) ;
#4215 = ORIENTED_EDGE ( 'NONE', *, *, #2085, .F. ) ;
#4216 = DIRECTION ( 'NONE',  ( -0.7071067811865469066, 0.4545194776720430929, 0.5416752204197031739 ) ) ;
#4217 = CARTESIAN_POINT ( 'NONE',  ( 49.39999999999999858, 15.50000000000000178, 73.60254636550102703 ) ) ;
#4218 = CARTESIAN_POINT ( 'NONE',  ( 43.39999999999999858, 0.9999999999999906741, 40.93697463530003233 ) ) ;
#4219 = ORIENTED_EDGE ( 'NONE', *, *, #2512, .T. ) ;
#4220 = CARTESIAN_POINT ( 'NONE',  ( 15.60710678118655004, 17.00000000000000000, 73.60254636550102703 ) ) ;
#4221 = DIRECTION ( 'NONE',  ( 0.000000000000000000, 0.000000000000000000, -1.000000000000000000 ) ) ;
#4222 = VECTOR ( 'NONE', #6339, 1000.000000000000000 ) ;
#4223 = ORIENTED_EDGE ( 'NONE', *, *, #411, .T. ) ;
#4224 = ORIENTED_EDGE ( 'NONE', *, *, #3638, .T. ) ;
#4225 = DIRECTION ( 'NONE',  ( 0.000000000000000000, -0.7071067811865474617, 0.7071067811865475727 ) ) ;
#4226 = CARTESIAN_POINT ( 'NONE',  ( 15.40000000000001457, 0.4999999999999880651, 100.0746282148217858 ) ) ;
#4227 = ORIENTED_EDGE ( 'NONE', *, *, #1219, .T. ) ;
#4228 = FACE_OUTER_BOUND ( 'NONE', #7153, .T. ) ;
#4229 = DIRECTION ( 'NONE',  ( 0.000000000000000000, -1.000000000000000000, 0.000000000000000000 ) ) ;
#4230 = ADVANCED_FACE ( 'NONE', ( #7373 ), #608, .T. ) ;
#4231 = CARTESIAN_POINT ( 'NONE',  ( -13.89999999999990266, 2.000000000000090150, 96.07462821482180004 ) ) ;
#4232 = ORIENTED_EDGE ( 'NONE', *, *, #5324, .T. ) ;
#4233 = ORIENTED_EDGE ( 'NONE', *, *, #5519, .F. ) ;
#4234 = CARTESIAN_POINT ( 'NONE',  ( 15.28875819031904371, 17.00000000000000355, 70.44851678234083181 ) ) ;
#4235 = ORIENTED_EDGE ( 'NONE', *, *, #1212, .T. ) ;
#4236 = FACE_OUTER_BOUND ( 'NONE', #2588, .T. ) ;
#4237 = LINE ( 'NONE', #3532, #3527 ) ;
#4238 = CARTESIAN_POINT ( 'NONE',  ( 42.98578643762689211, 21.99999999999998579, 10.50000000000000711 ) ) ;
#4239 = DIRECTION ( 'NONE',  ( -0.000000000000000000, -1.000000000000000000, -2.282530889443168501E-16 ) ) ;
#4240 = EDGE_CURVE ( 'NONE', #6669, #1496, #1126, .T. ) ;
#4241 = EDGE_CURVE ( 'NONE', #6474, #7333, #416, .T. ) ;
#4242 = CARTESIAN_POINT ( 'NONE',  ( -30.59411708155671761, -1.163414459189985643E-14, 6.000000000000000000 ) ) ;
#4243 = LINE ( 'NONE', #6531, #2367 ) ;
#4244 = LINE ( 'NONE', #2447, #4435 ) ;
#4245 = DIRECTION ( 'NONE',  ( 0.000000000000000000, -1.000000000000000000, 0.000000000000000000 ) ) ;
#4246 = VECTOR ( 'NONE', #6686, 1000.000000000000000 ) ;
#4247 = DIRECTION ( 'NONE',  ( 0.000000000000000000, 0.000000000000000000, -1.000000000000000000 ) ) ;
#4248 = EDGE_CURVE ( 'NONE', #3451, #134, #3295, .T. ) ;
#4249 = ORIENTED_EDGE ( 'NONE', *, *, #5601, .F. ) ;
#4250 = ADVANCED_FACE ( 'NONE', ( #6189 ), #501, .F. ) ;
#4251 =( BOUNDED_CURVE ( )  B_SPLINE_CURVE ( 3, ( #804, #6389, #846, #169 ),
 .UNSPECIFIED., .F., .F. ) 
 B_SPLINE_CURVE_WITH_KNOTS ( ( 4, 4 ),
 ( 3.141592653589793116, 4.712388980384689674 ),
 .UNSPECIFIED. ) 
 CURVE ( )  GEOMETRIC_REPRESENTATION_ITEM ( )  RATIONAL_B_SPLINE_CURVE ( ( 1.000000000000000000, 0.8047378541243649375, 0.8047378541243649375, 1.000000000000000000 ) ) 
 REPRESENTATION_ITEM ( '' )  );
#4252 = ORIENTED_EDGE ( 'NONE', *, *, #1459, .F. ) ;
#4253 = VECTOR ( 'NONE', #1911, 1000.000000000000000 ) ;
#4254 = CARTESIAN_POINT ( 'NONE',  ( -49.39999999999999858, 22.99999999999998579, 65.35118819767305354 ) ) ;
#4255 = LINE ( 'NONE', #2003, #2238 ) ;
#4256 = CARTESIAN_POINT ( 'NONE',  ( 30.39999999999999503, 4.800000000000000711, 2.500000000000000000 ) ) ;
#4257 = ORIENTED_EDGE ( 'NONE', *, *, #4485, .F. ) ;
#4258 = CARTESIAN_POINT ( 'NONE',  ( 38.17593918815130394, 28.38998141954130006, 78.52593918815131246 ) ) ;
#4259 = AXIS2_PLACEMENT_3D ( 'NONE', #828, #6445, #7080 ) ;
#4260 = VERTEX_POINT ( 'NONE', #4579 ) ;
#4261 = ORIENTED_EDGE ( 'NONE', *, *, #4505, .F. ) ;
#4262 = CIRCLE ( 'NONE', #5330, 0.8000000000000020428 ) ;
#4263 = AXIS2_PLACEMENT_3D ( 'NONE', #2362, #111, #2400 ) ;
#4264 = DIRECTION ( 'NONE',  ( 1.000000000000000000, 0.000000000000000000, -0.000000000000000000 ) ) ;
#4265 = CYLINDRICAL_SURFACE ( 'NONE', #574, 1.500000000000000222 ) ;
#4266 = ORIENTED_EDGE ( 'NONE', *, *, #5997, .T. ) ;
#4267 = CARTESIAN_POINT ( 'NONE',  ( -47.89999999999999858, 28.49999999999998224, 64.48722716699411706 ) ) ;
#4268 = PLANE ( 'NONE',  #7005 ) ;
#4269 = CARTESIAN_POINT ( 'NONE',  ( 49.39999999999999858, 29.99999999999998579, 63.86590682343448577 ) ) ;
#4270 = ORIENTED_EDGE ( 'NONE', *, *, #5897, .F. ) ;
#4271 = VERTEX_POINT ( 'NONE', #3453 ) ;
#4272 = EDGE_CURVE ( 'NONE', #2434, #1228, #6455, .T. ) ;
#4273 = VERTEX_POINT ( 'NONE', #5732 ) ;
#4274 = DIRECTION ( 'NONE',  ( 0.000000000000000000, -1.000000000000000000, 0.000000000000000000 ) ) ;
#4275 = ORIENTED_EDGE ( 'NONE', *, *, #4637, .F. ) ;
#4276 = CARTESIAN_POINT ( 'NONE',  ( 40.45719095841791813, 4.471404520791010917, 120.9714045207910402 ) ) ;
#4277 = CYLINDRICAL_SURFACE ( 'NONE', #4007, 1.500000000000001332 ) ;
#4278 = DIRECTION ( 'NONE',  ( 0.5773502691896205130, 0.5773502691896283956, 0.5773502691896283956 ) ) ;
#4279 = CARTESIAN_POINT ( 'NONE',  ( 13.90000000000000213, 15.49999999999999645, 74.25525001016717397 ) ) ;
#4280 = CARTESIAN_POINT ( 'NONE',  ( 15.90000000000000391, 2.828427124746181409, 84.88796213622862297 ) ) ;
#4281 = CARTESIAN_POINT ( 'NONE',  ( -32.00000000000000711, 29.19999999999999929, 1.700000000000000178 ) ) ;
#4282 = DIRECTION ( 'NONE',  ( 1.000000000000000000, 0.000000000000000000, -0.000000000000000000 ) ) ;
#4283 =( BOUNDED_CURVE ( )  B_SPLINE_CURVE ( 3, ( #4621, #6594, #1452, #5533 ),
 .UNSPECIFIED., .F., .F. ) 
 B_SPLINE_CURVE_WITH_KNOTS ( ( 4, 4 ),
 ( 5.052225889838820372, 5.585053606381856994 ),
 .UNSPECIFIED. ) 
 CURVE ( )  GEOMETRIC_REPRESENTATION_ITEM ( )  RATIONAL_B_SPLINE_CURVE ( ( 1.000000000000000000, 0.9764808225413723619, 0.9764808225413723619, 1.000000000000000000 ) ) 
 REPRESENTATION_ITEM ( '' )  );
#4284 = EDGE_CURVE ( 'NONE', #3696, #5606, #5694, .T. ) ;
#4285 = CARTESIAN_POINT ( 'NONE',  ( -43.39999999999997016, 21.58578643762688287, 10.08578643762690774 ) ) ;
#4286 = PLANE ( 'NONE',  #6331 ) ;
#4287 = VERTEX_POINT ( 'NONE', #4499 ) ;
#4288 = ORIENTED_EDGE ( 'NONE', *, *, #2266, .T. ) ;
#4289 = CARTESIAN_POINT ( 'NONE',  ( -44.90000000000000568, 5.999999999999995559, 39.86590682343454972 ) ) ;
#4290 = CYLINDRICAL_SURFACE ( 'NONE', #2355, 0.7999999999999986011 ) ;
#4291 = CARTESIAN_POINT ( 'NONE',  ( 49.39999999999999858, 2.828427124746180077, 116.4999999999999858 ) ) ;
#4292 = AXIS2_PLACEMENT_3D ( 'NONE', #4782, #6624, #1446 ) ;
#4293 = EDGE_LOOP ( 'NONE', ( #4139, #1777, #3816, #2541 ) ) ;
#4294 = EDGE_CURVE ( 'NONE', #7362, #4429, #2896, .T. ) ;
#4295 = CARTESIAN_POINT ( 'NONE',  ( -28.40000000000000213, 21.99999999999998224, 79.49999999999998579 ) ) ;
#4296 = ADVANCED_FACE ( 'NONE', ( #45 ), #6229, .T. ) ;
#4297 = CARTESIAN_POINT ( 'NONE',  ( 31.19999999999999929, 29.19999999999999929, 0.7999999999999952704 ) ) ;
#4298 =( BOUNDED_CURVE ( )  B_SPLINE_CURVE ( 3, ( #3954, #1447, #6243, #3398 ),
 .UNSPECIFIED., .F., .F. ) 
 B_SPLINE_CURVE_WITH_KNOTS ( ( 4, 4 ),
 ( 3.141592653589793116, 4.712388980384689674 ),
 .UNSPECIFIED. ) 
 CURVE ( )  GEOMETRIC_REPRESENTATION_ITEM ( )  RATIONAL_B_SPLINE_CURVE ( ( 1.000000000000000000, 0.8047378541243649375, 0.8047378541243649375, 1.000000000000000000 ) ) 
 REPRESENTATION_ITEM ( '' )  );
#4299 = VECTOR ( 'NONE', #1802, 1000.000000000000000 ) ;
#4300 = ORIENTED_EDGE ( 'NONE', *, *, #3310, .F. ) ;
#4301 = ORIENTED_EDGE ( 'NONE', *, *, #7222, .F. ) ;
#4302 = AXIS2_PLACEMENT_3D ( 'NONE', #6459, #5258, #3133 ) ;
#4303 = CARTESIAN_POINT ( 'NONE',  ( -49.39999999999999858, 9.999999999999994671, 2.500000000000000000 ) ) ;
#4304 = DIRECTION ( 'NONE',  ( -0.000000000000000000, -0.000000000000000000, 1.000000000000000000 ) ) ;
#4305 = ORIENTED_EDGE ( 'NONE', *, *, #7077, .T. ) ;
#4306 = EDGE_CURVE ( 'NONE', #5415, #413, #3649, .T. ) ;
#4307 = CARTESIAN_POINT ( 'NONE',  ( 38.14999999999999858, 27.99999999999998224, 79.49999999999998579 ) ) ;
#4308 = AXIS2_PLACEMENT_3D ( 'NONE', #5227, #2283, #3445 ) ;
#4309 = VECTOR ( 'NONE', #3351, 1000.000000000000000 ) ;
#4310 = CARTESIAN_POINT ( 'NONE',  ( -42.59999999999998721, 9.999999999999994671, 2.041077998578919136E-16 ) ) ;
#4311 = EDGE_CURVE ( 'NONE', #4458, #3509, #2179, .T. ) ;
#4312 = CYLINDRICAL_SURFACE ( 'NONE', #605, 0.8000000000000003775 ) ;
#4313 = VECTOR ( 'NONE', #7279, 1000.000000000000000 ) ;
#4314 = ORIENTED_EDGE ( 'NONE', *, *, #5294, .F. ) ;
#4315 = VECTOR ( 'NONE', #6247, 1000.000000000000000 ) ;
#4316 = ORIENTED_EDGE ( 'NONE', *, *, #4160, .F. ) ;
#4317 = VECTOR ( 'NONE', #2832, 1000.000000000000000 ) ;
#4318 = ORIENTED_EDGE ( 'NONE', *, *, #2405, .F. ) ;
#4319 = DIRECTION ( 'NONE',  ( 1.000000000000000000, 0.000000000000000000, 0.000000000000000000 ) ) ;
#4320 = VERTEX_POINT ( 'NONE', #5135 ) ;
#4321 = LINE ( 'NONE', #3764, #6569 ) ;
#4322 = DIRECTION ( 'NONE',  ( 0.000000000000000000, 0.000000000000000000, -1.000000000000000000 ) ) ;
#4323 = DIRECTION ( 'NONE',  ( 1.000000000000000000, 0.000000000000000000, 0.000000000000000000 ) ) ;
#4324 = ADVANCED_FACE ( 'NONE', ( #2328 ), #2935, .T. ) ;
#4325 = CARTESIAN_POINT ( 'NONE',  ( 31.39999999999999858, 22.99999999999998224, 3.500000000000000888 ) ) ;
#4326 = CARTESIAN_POINT ( 'NONE',  ( 43.39999999999999858, 2.999999999999988898, 2.500000000000003553 ) ) ;
#4327 = PLANE ( 'NONE',  #1028 ) ;
#4328 = CARTESIAN_POINT ( 'NONE',  ( -31.76679790229664491, 13.99999999999990052, 2.500000000000007550 ) ) ;
#4329 = CARTESIAN_POINT ( 'NONE',  ( 28.40000000000000213, 21.99999999999998224, 79.49999999999998579 ) ) ;
#4330 = CARTESIAN_POINT ( 'NONE',  ( -43.39999999999999858, 27.99999999999998224, 63.98722716699411706 ) ) ;
#4331 = CARTESIAN_POINT ( 'NONE',  ( 43.39999999999999858, 28.26184652417908794, 64.05268879803905691 ) ) ;
#4332 = EDGE_CURVE ( 'NONE', #2817, #6631, #4615, .T. ) ;
#4333 = ORIENTED_EDGE ( 'NONE', *, *, #4332, .F. ) ;
#4334 = DIRECTION ( 'NONE',  ( 0.000000000000000000, 0.000000000000000000, -1.000000000000000000 ) ) ;
#4335 = CARTESIAN_POINT ( 'NONE',  ( 38.56421356237309084, 22.58578643762688642, 78.49999999999998579 ) ) ;
#4336 = CARTESIAN_POINT ( 'NONE',  ( -15.41301367209554840, 17.00000000000000000, 74.08440617919282545 ) ) ;
#4337 = ORIENTED_EDGE ( 'NONE', *, *, #5673, .F. ) ;
#4338 = CARTESIAN_POINT ( 'NONE',  ( 39.18198334926400150, 28.51856511640535530, 78.56396669852806269 ) ) ;
#4339 = AXIS2_PLACEMENT_3D ( 'NONE', #5185, #3536, #2445 ) ;
#4340 = PLANE ( 'NONE',  #5506 ) ;
#4341 = ORIENTED_EDGE ( 'NONE', *, *, #4534, .F. ) ;
#4342 = EDGE_CURVE ( 'NONE', #3269, #6937, #7308, .T. ) ;
#4343 = ORIENTED_EDGE ( 'NONE', *, *, #3458, .F. ) ;
#4344 = ADVANCED_FACE ( 'NONE', ( #1375 ), #6435, .F. ) ;
#4345 = CARTESIAN_POINT ( 'NONE',  ( -48.39999999999998437, 12.18563951505962528, 74.42551409200461876 ) ) ;
#4346 = CARTESIAN_POINT ( 'NONE',  ( -49.39999999999999858, 0.000000000000000000, 0.000000000000000000 ) ) ;
#4347 = VERTEX_POINT ( 'NONE', #7031 ) ;
#4348 = DIRECTION ( 'NONE',  ( 1.000000000000000000, 0.000000000000000000, 0.000000000000000000 ) ) ;
#4349 = CARTESIAN_POINT ( 'NONE',  ( -49.39999999999999858, -20.46848731765002682, 20.46848731765009433 ) ) ;
#4350 = CARTESIAN_POINT ( 'NONE',  ( 48.81421356237309084, 11.41421356237307805, 75.78489157442020030 ) ) ;
#4351 = ORIENTED_EDGE ( 'NONE', *, *, #7359, .F. ) ;
#4352 = EDGE_CURVE ( 'NONE', #6973, #3451, #5799, .T. ) ;
#4353 = EDGE_LOOP ( 'NONE', ( #3141, #3859, #779, #1863 ) ) ;
#4354 = EDGE_LOOP ( 'NONE', ( #920, #6737, #2792, #878 ) ) ;
#4355 = EDGE_LOOP ( 'NONE', ( #1643, #1121, #7054, #637 ) ) ;
#4356 = LINE ( 'NONE', #2139, #4138 ) ;
#4357 = CARTESIAN_POINT ( 'NONE',  ( 43.39999999999999858, 27.99999999999998224, 78.49999999999998579 ) ) ;
#4358 = DIRECTION ( 'NONE',  ( 1.000000000000000000, 0.000000000000000000, -0.000000000000000000 ) ) ;
#4359 = LINE ( 'NONE', #1501, #1439 ) ;
#4360 = FACE_OUTER_BOUND ( 'NONE', #447, .T. ) ;
#4361 = CARTESIAN_POINT ( 'NONE',  ( 39.39999999999999858, 4.828427124746200505, 118.5000000000000000 ) ) ;
#4362 = CARTESIAN_POINT ( 'NONE',  ( 42.59999999999998721, -1.632862398863136048E-17, 0.8000000000000000444 ) ) ;
#4363 = DIRECTION ( 'NONE',  ( 0.000000000000000000, -2.478176394252584099E-16, -1.000000000000000000 ) ) ;
#4364 = SPHERICAL_SURFACE ( 'NONE', #1367, 1.000000000000000000 ) ;
#4365 = CARTESIAN_POINT ( 'NONE',  ( 43.39999999999999858, 27.99999999999998224, 63.98722716699411706 ) ) ;
#4366 = VECTOR ( 'NONE', #3610, 1000.000000000000000 ) ;
#4367 = ORIENTED_EDGE ( 'NONE', *, *, #4986, .F. ) ;
#4368 = LINE ( 'NONE', #6049, #2834 ) ;
#4369 = VECTOR ( 'NONE', #5001, 1000.000000000000000 ) ;
#4370 = ADVANCED_FACE ( 'NONE', ( #6480 ), #2964, .F. ) ;
#4371 = CARTESIAN_POINT ( 'NONE',  ( -49.39999999999999858, 42.32501196933093723, 50.44098507104328633 ) ) ;
#4372 = FACE_OUTER_BOUND ( 'NONE', #5008, .T. ) ;
#4373 = ORIENTED_EDGE ( 'NONE', *, *, #1415, .F. ) ;
#4374 = CARTESIAN_POINT ( 'NONE',  ( 31.19999999999999574, 4.800000000000000711, 2.500000000000002220 ) ) ;
#4375 = EDGE_LOOP ( 'NONE', ( #7180, #5271, #3724, #6483 ) ) ;
#4376 = VERTEX_POINT ( 'NONE', #5951 ) ;
#4377 = CARTESIAN_POINT ( 'NONE',  ( -29.40000000000000213, 21.99999999999998224, 79.49999999999998579 ) ) ;
#4378 = FACE_OUTER_BOUND ( 'NONE', #1082, .T. ) ;
#4379 = ORIENTED_EDGE ( 'NONE', *, *, #646, .T. ) ;
#4380 = CARTESIAN_POINT ( 'NONE',  ( -38.14999999999999858, 27.99999999999998224, 78.49999999999998579 ) ) ;
#4381 = CARTESIAN_POINT ( 'NONE',  ( -31.56670593126604984, 29.19999999999999929, 2.372499999999992504 ) ) ;
#4382 = ADVANCED_FACE ( 'NONE', ( #4195 ), #220, .T. ) ;
#4383 = CYLINDRICAL_SURFACE ( 'NONE', #4436, 1.999999999999997780 ) ;
#4384 = EDGE_CURVE ( 'NONE', #3643, #3378, #6369, .T. ) ;
#4385 = VERTEX_POINT ( 'NONE', #1231 ) ;
#4386 = VECTOR ( 'NONE', #1443, 1000.000000000000000 ) ;
#4387 = VECTOR ( 'NONE', #3854, 1000.000000000000000 ) ;
#4388 = ORIENTED_EDGE ( 'NONE', *, *, #2141, .F. ) ;
#4389 = ORIENTED_EDGE ( 'NONE', *, *, #5482, .F. ) ;
#4390 = DIRECTION ( 'NONE',  ( 0.000000000000000000, 1.000000000000000000, 2.041077998578920060E-17 ) ) ;
#4391 = ORIENTED_EDGE ( 'NONE', *, *, #2542, .F. ) ;
#4392 = DIRECTION ( 'NONE',  ( 0.000000000000000000, -1.000000000000000000, 0.000000000000000000 ) ) ;
#4393 = DIRECTION ( 'NONE',  ( 0.000000000000000000, 0.000000000000000000, -1.000000000000000000 ) ) ;
#4394 = ADVANCED_FACE ( 'NONE', ( #784 ), #3039, .T. ) ;
#4395 = FACE_OUTER_BOUND ( 'NONE', #5756, .T. ) ;
#4396 = ADVANCED_FACE ( 'NONE', ( #821 ), #3677, .F. ) ;
#4397 = LINE ( 'NONE', #6679, #3484 ) ;
#4398 = ADVANCED_FACE ( 'NONE', ( #5236 ), #1338, .T. ) ;
#4399 = PLANE ( 'NONE',  #7057 ) ;
#4400 = LINE ( 'NONE', #5070, #2345 ) ;
#4401 = CARTESIAN_POINT ( 'NONE',  ( 27.06666666666678367, -11.16666666666669627, 107.7412948814884857 ) ) ;
#4402 = FACE_OUTER_BOUND ( 'NONE', #2397, .T. ) ;
#4403 = CARTESIAN_POINT ( 'NONE',  ( 30.40000000000000213, 27.99999999999998224, 0.000000000000000000 ) ) ;
#4404 = CARTESIAN_POINT ( 'NONE',  ( -30.39999999999999503, 3.200000000000000178, 1.700000000000007061 ) ) ;
#4405 = AXIS2_PLACEMENT_3D ( 'NONE', #1729, #2187, #508 ) ;
#4406 = ORIENTED_EDGE ( 'NONE', *, *, #5716, .T. ) ;
#4407 = CARTESIAN_POINT ( 'NONE',  ( -31.39999999999999858, 24.89999999999998082, 4.200000000000001066 ) ) ;
#4408 = CARTESIAN_POINT ( 'NONE',  ( 13.90000000000000213, 2.828427124746183186, 96.07462821482180004 ) ) ;
#4409 = CARTESIAN_POINT ( 'NONE',  ( -13.90000000000003588, 17.00000000000000000, 74.25525001016715976 ) ) ;
#4410 = VERTEX_POINT ( 'NONE', #7072 ) ;
#4411 = FACE_OUTER_BOUND ( 'NONE', #3190, .T. ) ;
#4412 = EDGE_CURVE ( 'NONE', #2163, #4051, #1860, .T. ) ;
#4413 = VERTEX_POINT ( 'NONE', #5203 ) ;
#4414 = ORIENTED_EDGE ( 'NONE', *, *, #224, .T. ) ;
#4415 = AXIS2_PLACEMENT_3D ( 'NONE', #7372, #2856, #6861 ) ;
#4416 = DIRECTION ( 'NONE',  ( 0.000000000000000000, 0.000000000000000000, 1.000000000000000000 ) ) ;
#4417 = CARTESIAN_POINT ( 'NONE',  ( 49.39999999999999858, 29.56066017177980143, 63.42656699521430141 ) ) ;
#4418 = ORIENTED_EDGE ( 'NONE', *, *, #1798, .T. ) ;
#4419 = CARTESIAN_POINT ( 'NONE',  ( -39.14999999999999858, 29.17157287525379417, 78.49999999999998579 ) ) ;
#4420 = DIRECTION ( 'NONE',  ( -6.842277657836020854E-49, -2.041077998578920060E-17, 1.000000000000000000 ) ) ;
#4421 = CIRCLE ( 'NONE', #6575, 0.7999999999999999334 ) ;
#4422 = EDGE_CURVE ( 'NONE', #2917, #4454, #2594, .T. ) ;
#4423 = EDGE_LOOP ( 'NONE', ( #1342, #5131, #5569, #4918, #5451 ) ) ;
#4424 = EDGE_LOOP ( 'NONE', ( #5456, #4198, #5790, #5956, #2167, #5234 ) ) ;
#4425 = CIRCLE ( 'NONE', #716, 1.999999999999998224 ) ;
#4426 = CIRCLE ( 'NONE', #2764, 1.000000000000000888 ) ;
#4427 = ORIENTED_EDGE ( 'NONE', *, *, #195, .F. ) ;
#4428 = DIRECTION ( 'NONE',  ( 0.000000000000000000, 0.7071067811865487940, 0.7071067811865463515 ) ) ;
#4429 = VERTEX_POINT ( 'NONE', #712 ) ;
#4430 = CARTESIAN_POINT ( 'NONE',  ( -15.90000000000000391, 17.00000000000000000, 73.60254636550102703 ) ) ;
#4431 = CARTESIAN_POINT ( 'NONE',  ( 31.39999999999999858, 29.53729350067549930, 2.229150262212904465 ) ) ;
#4432 = VECTOR ( 'NONE', #4428, 999.9999999999998863 ) ;
#4433 = CARTESIAN_POINT ( 'NONE',  ( 28.40000000000000213, 17.00000000000000000, 78.49999999999998579 ) ) ;
#4434 = LINE ( 'NONE', #2181, #5386 ) ;
#4435 = VECTOR ( 'NONE', #2528, 1000.000000000000000 ) ;
#4436 = AXIS2_PLACEMENT_3D ( 'NONE', #7151, #3152, #2584 ) ;
#4437 = DIRECTION ( 'NONE',  ( 0.000000000000000000, -0.7071067811865442421, -0.7071067811865510144 ) ) ;
#4438 = VERTEX_POINT ( 'NONE', #148 ) ;
#4439 = EDGE_CURVE ( 'NONE', #3712, #464, #4648, .T. ) ;
#4440 = DIRECTION ( 'NONE',  ( -0.000000000000000000, 1.000000000000000000, 0.000000000000000000 ) ) ;
#4441 = DIRECTION ( 'NONE',  ( -0.7071067811865451302, -0.7071067811865499042, 0.000000000000000000 ) ) ;
#4442 = EDGE_CURVE ( 'NONE', #2271, #633, #749, .T. ) ;
#4443 = LINE ( 'NONE', #1543, #2393 ) ;
#4444 = AXIS2_PLACEMENT_3D ( 'NONE', #3128, #727, #304 ) ;
#4445 = DIRECTION ( 'NONE',  ( -1.000000000000000000, 0.000000000000000000, 0.000000000000000000 ) ) ;
#4446 = DIRECTION ( 'NONE',  ( 0.000000000000000000, 0.000000000000000000, 1.000000000000000000 ) ) ;
#4447 = EDGE_CURVE ( 'NONE', #4952, #6984, #1628, .T. ) ;
#4448 = CARTESIAN_POINT ( 'NONE',  ( 15.40000000000000213, 15.50000000000000178, 0.000000000000000000 ) ) ;
#4449 = LINE ( 'NONE', #6014, #3794 ) ;
#4450 = CARTESIAN_POINT ( 'NONE',  ( 31.39999999999998437, 0.000000000000000000, 0.000000000000000000 ) ) ;
#4451 = DIRECTION ( 'NONE',  ( 1.000000000000000000, 0.000000000000000000, 0.000000000000000000 ) ) ;
#4452 = EDGE_LOOP ( 'NONE', ( #706, #3443, #3763, #3515, #1562 ) ) ;
#4453 = CARTESIAN_POINT ( 'NONE',  ( -44.39999999999999147, 14.53581858547019934, 72.45347970082255529 ) ) ;
#4454 = VERTEX_POINT ( 'NONE', #4715 ) ;
#4455 = EDGE_LOOP ( 'NONE', ( #7369, #6958, #4521 ) ) ;
#4456 = PLANE ( 'NONE',  #71 ) ;
#4457 = DIRECTION ( 'NONE',  ( 0.000000000000000000, 0.000000000000000000, 1.000000000000000000 ) ) ;
#4458 = VERTEX_POINT ( 'NONE', #3601 ) ;
#4459 = CARTESIAN_POINT ( 'NONE',  ( 29.40000000000000213, 17.00000000000000000, 78.49999999999998579 ) ) ;
#4460 = VERTEX_POINT ( 'NONE', #1893 ) ;
#4461 = ORIENTED_EDGE ( 'NONE', *, *, #3026, .T. ) ;
#4462 = ORIENTED_EDGE ( 'NONE', *, *, #5241, .F. ) ;
#4463 = EDGE_CURVE ( 'NONE', #4438, #2554, #1387, .T. ) ;
#4464 = CARTESIAN_POINT ( 'NONE',  ( 49.39999999999999858, 0.9999999999999904521, 41.93697463530004654 ) ) ;
#4465 = CARTESIAN_POINT ( 'NONE',  ( 47.39999999999999858, 9.999999999999994671, 2.041077998578919136E-16 ) ) ;
#4466 = CARTESIAN_POINT ( 'NONE',  ( -32.00000000000000000, 29.19999999999999929, 0.8000000000000008216 ) ) ;
#4467 = PLANE ( 'NONE',  #7177 ) ;
#4468 = CARTESIAN_POINT ( 'NONE',  ( -43.39999999999998437, 29.19999999999999929, 0.8000000000000007105 ) ) ;
#4469 = DIRECTION ( 'NONE',  ( -0.000000000000000000, -0.000000000000000000, 1.000000000000000000 ) ) ;
#4470 = ORIENTED_EDGE ( 'NONE', *, *, #1769, .F. ) ;
#4471 = DIRECTION ( 'NONE',  ( 0.000000000000000000, 9.829967624376075018E-17, -1.000000000000000000 ) ) ;
#4472 = DIRECTION ( 'NONE',  ( 1.826024711554535885E-16, -1.000000000000000000, -0.000000000000000000 ) ) ;
#4473 = CARTESIAN_POINT ( 'NONE',  ( 15.46608420864057187, 17.00000000000000000, 73.92814712269476729 ) ) ;
#4474 = DIRECTION ( 'NONE',  ( 0.000000000000000000, -0.000000000000000000, -1.000000000000000000 ) ) ;
#4475 = CARTESIAN_POINT ( 'NONE',  ( 44.39276217990813933, 29.74757283496760962, 64.42412037573578232 ) ) ;
#4476 = EDGE_CURVE ( 'NONE', #5272, #5576, #6414, .T. ) ;
#4477 = DIRECTION ( 'NONE',  ( 0.000000000000000000, -0.6427876096865344779, 0.7660444431189820103 ) ) ;
#4478 = SURFACE_SIDE_STYLE ('',( #3399 ) ) ;
#4479 = DIRECTION ( 'NONE',  ( 0.000000000000000000, -1.000000000000000000, 0.000000000000000000 ) ) ;
#4480 = CARTESIAN_POINT ( 'NONE',  ( -49.39999999999999858, 1.000000000000000444, 2.000000000000000000 ) ) ;
#4481 = CARTESIAN_POINT ( 'NONE',  ( -14.57834645319903366, 14.77359846012014977, 72.89782006234399603 ) ) ;
#4482 = VERTEX_POINT ( 'NONE', #3825 ) ;
#4483 = CARTESIAN_POINT ( 'NONE',  ( 38.14999999999999858, 28.13090116331778745, 79.50000000001634248 ) ) ;
#4484 = EDGE_CURVE ( 'NONE', #4873, #5190, #4828, .T. ) ;
#4485 = EDGE_CURVE ( 'NONE', #6223, #3520, #3717, .T. ) ;
#4486 = ORIENTED_EDGE ( 'NONE', *, *, #452, .F. ) ;
#4487 = AXIS2_PLACEMENT_3D ( 'NONE', #2264, #6835, #53 ) ;
#4488 = ORIENTED_EDGE ( 'NONE', *, *, #6136, .T. ) ;
#4489 = LINE ( 'NONE', #7399, #3195 ) ;
#4490 = DIRECTION ( 'NONE',  ( 1.000000000000000000, 0.000000000000000000, -0.000000000000000000 ) ) ;
#4491 = ORIENTED_EDGE ( 'NONE', *, *, #278, .T. ) ;
#4492 = CARTESIAN_POINT ( 'NONE',  ( 49.39999999999999858, 12.82842712474980651, 109.8092329455174081 ) ) ;
#4493 = ORIENTED_EDGE ( 'NONE', *, *, #4833, .F. ) ;
#4494 = VERTEX_POINT ( 'NONE', #5458 ) ;
#4495 =( BOUNDED_CURVE ( )  B_SPLINE_CURVE ( 3, ( #6648, #427, #4999, #7278 ),
 .UNSPECIFIED., .F., .F. ) 
 B_SPLINE_CURVE_WITH_KNOTS ( ( 4, 4 ),
 ( 1.570796326794893227, 3.141592653589793116 ),
 .UNSPECIFIED. ) 
 CURVE ( )  GEOMETRIC_REPRESENTATION_ITEM ( )  RATIONAL_B_SPLINE_CURVE ( ( 1.000000000000000000, 0.8047378541243641603, 0.8047378541243641603, 1.000000000000000000 ) ) 
 REPRESENTATION_ITEM ( '' )  );
#4496 = ORIENTED_EDGE ( 'NONE', *, *, #6183, .T. ) ;
#4497 = CARTESIAN_POINT ( 'NONE',  ( -38.17593918815130394, 28.38998141954130006, 78.52593918815131246 ) ) ;
#4498 = CARTESIAN_POINT ( 'NONE',  ( 40.81421356237309084, 3.414213562373101585, 116.4999999999999858 ) ) ;
#4499 = CARTESIAN_POINT ( 'NONE',  ( 43.39999999999999858, 28.89999999999998082, 2.500000000000000000 ) ) ;
#4500 = DIRECTION ( 'NONE',  ( -0.7071067811865531239, 0.7071067811865420216, -3.504670666704825731E-16 ) ) ;
#4501 = AXIS2_PLACEMENT_3D ( 'NONE', #2534, #6422, #7058 ) ;
#4502 = DIRECTION ( 'NONE',  ( 0.000000000000000000, 0.000000000000000000, -1.000000000000000000 ) ) ;
#4503 = CIRCLE ( 'NONE', #6776, 1.000000000000000888 ) ;
#4504 = VERTEX_POINT ( 'NONE', #6667 ) ;
#4505 = EDGE_CURVE ( 'NONE', #7370, #2429, #2667, .T. ) ;
#4506 = EDGE_LOOP ( 'NONE', ( #4351, #1649, #1876, #2 ) ) ;
#4507 = LINE ( 'NONE', #987, #305 ) ;
#4508 = FACE_OUTER_BOUND ( 'NONE', #2613, .T. ) ;
#4509 = AXIS2_PLACEMENT_3D ( 'NONE', #2422, #249, #2535 ) ;
#4510 = AXIS2_PLACEMENT_3D ( 'NONE', #4752, #5276, #2432 ) ;
#4511 = CARTESIAN_POINT ( 'NONE',  ( 13.54672653850679076, 17.00000000000000000, 73.08149506561265696 ) ) ;
#4512 = DIRECTION ( 'NONE',  ( -0.000000000000000000, -1.000000000000000000, -2.041077998578920060E-17 ) ) ;
#4513 = CARTESIAN_POINT ( 'NONE',  ( 42.59999999999998721, 9.999999999999994671, 2.041077998578919136E-16 ) ) ;
#4514 = CARTESIAN_POINT ( 'NONE',  ( -43.65419510536555237, 16.02971757695994626, 72.17352875392288070 ) ) ;
#4515 = EDGE_CURVE ( 'NONE', #5944, #3003, #3791, .T. ) ;
#4516 = LINE ( 'NONE', #6203, #1678 ) ;
#4517 = DIRECTION ( 'NONE',  ( 0.000000000000000000, 0.000000000000000000, -1.000000000000000000 ) ) ;
#4518 = EDGE_CURVE ( 'NONE', #4385, #6669, #5218, .T. ) ;
#4519 = CARTESIAN_POINT ( 'NONE',  ( -44.39999999999999147, 14.80879626116984760, 72.22442423382335619 ) ) ;
#4520 = CARTESIAN_POINT ( 'NONE',  ( 42.39999999999998437, 21.99999999999998579, 10.50000000000000533 ) ) ;
#4521 = ORIENTED_EDGE ( 'NONE', *, *, #6767, .T. ) ;
#4522 = EDGE_CURVE ( 'NONE', #3853, #2744, #1973, .T. ) ;
#4523 = DIRECTION ( 'NONE',  ( 0.000000000000000000, 0.7071067811865487940, 0.7071067811865463515 ) ) ;
#4524 = VECTOR ( 'NONE', #5817, 1000.000000000000114 ) ;
#4525 = ORIENTED_EDGE ( 'NONE', *, *, #248, .T. ) ;
#4526 = ORIENTED_EDGE ( 'NONE', *, *, #869, .T. ) ;
#4527 = EDGE_CURVE ( 'NONE', #883, #1675, #6539, .T. ) ;
#4528 = CARTESIAN_POINT ( 'NONE',  ( 31.39999999999999858, 24.89999999999998082, 4.200000000000001066 ) ) ;
#4529 = ORIENTED_EDGE ( 'NONE', *, *, #4661, .F. ) ;
#4530 = CARTESIAN_POINT ( 'NONE',  ( 47.80450467011576876, 10.40450467011575064, 112.5289518407671636 ) ) ;
#4531 = AXIS2_PLACEMENT_3D ( 'NONE', #902, #7269, #5429 ) ;
#4532 = EDGE_LOOP ( 'NONE', ( #4774, #218, #2124, #263 ) ) ;
#4533 = ORIENTED_EDGE ( 'NONE', *, *, #1689, .T. ) ;
#4534 = EDGE_CURVE ( 'NONE', #6474, #6743, #387, .T. ) ;
#4535 = ORIENTED_EDGE ( 'NONE', *, *, #1000, .T. ) ;
#4536 = CARTESIAN_POINT ( 'NONE',  ( 29.40000000000000213, 22.99999999999998224, 87.40000000000000568 ) ) ;
#4537 = VECTOR ( 'NONE', #5183, 1000.000000000000000 ) ;
#4538 = CARTESIAN_POINT ( 'NONE',  ( -23.90000000000000568, 29.99999999999998579, 108.5000000000000000 ) ) ;
#4539 = DIRECTION ( 'NONE',  ( -1.000000000000000000, 0.000000000000000000, 0.000000000000000000 ) ) ;
#4540 = FACE_OUTER_BOUND ( 'NONE', #6216, .T. ) ;
#4541 = APPLICATION_PROTOCOL_DEFINITION ( 'draft international standard', 'automotive_design', 1998, #2224 ) ;
#4542 = ORIENTED_EDGE ( 'NONE', *, *, #5623, .T. ) ;
#4543 =( BOUNDED_CURVE ( )  B_SPLINE_CURVE ( 3, ( #2233, #2269, #4519, #2161 ),
 .UNSPECIFIED., .F., .F. ) 
 B_SPLINE_CURVE_WITH_KNOTS ( ( 4, 4 ),
 ( 5.585053606381856994, 6.283185307179583567 ),
 .UNSPECIFIED. ) 
 CURVE ( )  GEOMETRIC_REPRESENTATION_ITEM ( )  RATIONAL_B_SPLINE_CURVE ( ( 1.000000000000000000, 0.9597950805239392480, 0.9597950805239392480, 1.000000000000000000 ) ) 
 REPRESENTATION_ITEM ( '' )  );
#4544 = EDGE_LOOP ( 'NONE', ( #3596, #901, #4227, #6405, #2097, #7192, #3413, #3833, #2252, #1640, #2852, #4085 ) ) ;
#4545 = VECTOR ( 'NONE', #77, 1000.000000000000000 ) ;
#4546 = DIRECTION ( 'NONE',  ( 0.000000000000000000, 0.000000000000000000, -1.000000000000000000 ) ) ;
#4547 = CARTESIAN_POINT ( 'NONE',  ( -42.59999999999998721, 29.19999999999999929, 2.500000000000000000 ) ) ;
#4548 = AXIS2_PLACEMENT_3D ( 'NONE', #819, #3111, #5388 ) ;
#4549 = PLANE ( 'NONE',  #4555 ) ;
#4550 = CYLINDRICAL_SURFACE ( 'NONE', #3654, 0.8000000000000000444 ) ;
#4551 = VECTOR ( 'NONE', #558, 999.9999999999998863 ) ;
#4552 = CARTESIAN_POINT ( 'NONE',  ( -45.26912602265787910, 29.54764649554930855, 63.41355331898380854 ) ) ;
#4553 = AXIS2_PLACEMENT_3D ( 'NONE', #713, #3602, #3115 ) ;
#4554 = DIRECTION ( 'NONE',  ( 1.000000000000000000, 0.000000000000000000, 0.000000000000000000 ) ) ;
#4555 = AXIS2_PLACEMENT_3D ( 'NONE', #2188, #4624, #510 ) ;
#4556 = CARTESIAN_POINT ( 'NONE',  ( -49.39999999999999858, 29.19999999999999929, 0.8000000000000008216 ) ) ;
#4557 = VECTOR ( 'NONE', #6508, 1000.000000000000000 ) ;
#4558 = CARTESIAN_POINT ( 'NONE',  ( 44.90000000000000568, 27.99999999999998579, 61.86590682343449288 ) ) ;
#4559 = CARTESIAN_POINT ( 'NONE',  ( 15.40000000000000213, 27.99999999999998224, 90.49999999999998579 ) ) ;
#4560 = CIRCLE ( 'NONE', #368, 0.7999999999999999334 ) ;
#4561 = ORIENTED_EDGE ( 'NONE', *, *, #4661, .T. ) ;
#4562 = CARTESIAN_POINT ( 'NONE',  ( -31.39999999999998437, 0.000000000000000000, 0.000000000000000000 ) ) ;
#4563 = EDGE_CURVE ( 'NONE', #4273, #6001, #2582, .T. ) ;
#4564 = CARTESIAN_POINT ( 'NONE',  ( -38.14999999999999858, 29.99999999999998579, 78.49999999999998579 ) ) ;
#4565 = ORIENTED_EDGE ( 'NONE', *, *, #3508, .T. ) ;
#4566 = ORIENTED_EDGE ( 'NONE', *, *, #4841, .T. ) ;
#4567 = DIRECTION ( 'NONE',  ( -0.000000000000000000, 1.000000000000000000, 9.829967624376075018E-17 ) ) ;
#4568 = CARTESIAN_POINT ( 'NONE',  ( 37.39999999999997726, 2.828427124746180077, 116.4999999999999858 ) ) ;
#4569 = ORIENTED_EDGE ( 'NONE', *, *, #5844, .F. ) ;
#4570 = DIRECTION ( 'NONE',  ( 0.000000000000000000, 1.000000000000000000, 0.000000000000000000 ) ) ;
#4571 = EDGE_CURVE ( 'NONE', #5690, #2717, #1986, .T. ) ;
#4572 = ORIENTED_EDGE ( 'NONE', *, *, #4193, .F. ) ;
#4573 = EDGE_CURVE ( 'NONE', #4260, #4347, #5501, .T. ) ;
#4574 = ORIENTED_EDGE ( 'NONE', *, *, #1636, .F. ) ;
#4575 = AXIS2_PLACEMENT_3D ( 'NONE', #1467, #4469, #871 ) ;
#4576 = ORIENTED_EDGE ( 'NONE', *, *, #215, .T. ) ;
#4577 = CARTESIAN_POINT ( 'NONE',  ( -38.14999999999999147, 27.99999999999998224, 78.50000000000000000 ) ) ;
#4578 = CARTESIAN_POINT ( 'NONE',  ( -28.40000000000000213, 27.99999999999998224, 82.55267969074972711 ) ) ;
#4579 = CARTESIAN_POINT ( 'NONE',  ( 44.90000000000000568, 5.999999999999995559, 6.500000000000000000 ) ) ;
#4580 = DIRECTION ( 'NONE',  ( 1.000000000000000000, 0.000000000000000000, 0.000000000000000000 ) ) ;
#4581 = ADVANCED_FACE ( 'NONE', ( #858 ), #4268, .F. ) ;
#4582 =( LENGTH_UNIT ( ) NAMED_UNIT ( * ) SI_UNIT ( .MILLI., .METRE. ) );
#4583 = VERTEX_POINT ( 'NONE', #7150 ) ;
#4584 = EDGE_CURVE ( 'NONE', #2621, #6778, #4870, .T. ) ;
#4585 = ORIENTED_EDGE ( 'NONE', *, *, #6135, .F. ) ;
#4586 = CARTESIAN_POINT ( 'NONE',  ( -43.39999999999999858, 4.499999999999995559, 40.48722716699418100 ) ) ;
#4587 = CARTESIAN_POINT ( 'NONE',  ( 49.39999999999999858, 12.82842712474617208, 114.3578643762690206 ) ) ;
#4588 = ADVANCED_FACE ( 'NONE', ( #5421 ), #2015, .F. ) ;
#4589 = LINE ( 'NONE', #3988, #1310 ) ;
#4590 = CARTESIAN_POINT ( 'NONE',  ( 48.34892624461746635, 11.86342419475417209, 74.69588484843259835 ) ) ;
#4591 = AXIS2_PLACEMENT_3D ( 'NONE', #5946, #5141, #3673 ) ;
#4592 = CARTESIAN_POINT ( 'NONE',  ( -23.90000000000000568, 2.828427124746187182, 118.5000000000000000 ) ) ;
#4593 = DIRECTION ( 'NONE',  ( 0.000000000000000000, 0.7071067811865474617, -0.7071067811865475727 ) ) ;
#4594 =( NAMED_UNIT ( * ) PLANE_ANGLE_UNIT ( ) SI_UNIT ( $, .RADIAN. ) );
#4595 = CYLINDRICAL_SURFACE ( 'NONE', #5765, 2.000000000000000000 ) ;
#4596 = FACE_OUTER_BOUND ( 'NONE', #1742, .T. ) ;
#4597 = CARTESIAN_POINT ( 'NONE',  ( -15.59207457852179957, 17.00000000000000355, 70.38578599874580277 ) ) ;
#4598 = CARTESIAN_POINT ( 'NONE',  ( -40.14999999999999858, 29.99999999999998579, 80.49999999999998579 ) ) ;
#4599 = FACE_OUTER_BOUND ( 'NONE', #4618, .T. ) ;
#4600 = ORIENTED_EDGE ( 'NONE', *, *, #4101, .F. ) ;
#4601 = CIRCLE ( 'NONE', #5552, 0.7999999999999986011 ) ;
#4602 = EDGE_CURVE ( 'NONE', #4086, #3003, #2489, .T. ) ;
#4603 = ORIENTED_EDGE ( 'NONE', *, *, #5988, .T. ) ;
#4604 = LINE ( 'NONE', #2811, #190 ) ;
#4605 = CYLINDRICAL_SURFACE ( 'NONE', #5736, 1.000000000000000888 ) ;
#4606 = ORIENTED_EDGE ( 'NONE', *, *, #2794, .T. ) ;
#4607 = CARTESIAN_POINT ( 'NONE',  ( 40.81421356237309084, 3.414213562373100253, 118.5000000000000000 ) ) ;
#4608 = VECTOR ( 'NONE', #3314, 1000.000000000000114 ) ;
#4609 = VERTEX_POINT ( 'NONE', #1361 ) ;
#4610 = VERTEX_POINT ( 'NONE', #4814 ) ;
#4611 = ORIENTED_EDGE ( 'NONE', *, *, #5212, .T. ) ;
#4612 = EDGE_CURVE ( 'NONE', #681, #3520, #206, .T. ) ;
#4613 = TOROIDAL_SURFACE ( 'NONE', #424, 1.600000000000000089, 0.8000000000000000444 ) ;
#4614 = CARTESIAN_POINT ( 'NONE',  ( -49.39999999999999858, 8.378679656440350954, 2.000000000000000000 ) ) ;
#4615 = LINE ( 'NONE', #6748, #3198 ) ;
#4616 = EDGE_CURVE ( 'NONE', #1218, #6638, #3698, .T. ) ;
#4617 = PLANE ( 'NONE',  #2391 ) ;
#4618 = EDGE_LOOP ( 'NONE', ( #5797, #7198, #671 ) ) ;
#4619 = VECTOR ( 'NONE', #2033, 1000.000000000000000 ) ;
#4620 = ORIENTED_EDGE ( 'NONE', *, *, #7169, .F. ) ;
#4621 = CARTESIAN_POINT ( 'NONE',  ( 43.39999999999999858, 16.26195663599612473, 72.31048518859743979 ) ) ;
#4622 = LINE ( 'NONE', #6905, #6673 ) ;
#4623 = EDGE_CURVE ( 'NONE', #6674, #5842, #433, .T. ) ;
#4624 = DIRECTION ( 'NONE',  ( -0.7071067811865463515, 0.5000000000000001110, -0.5000000000000017764 ) ) ;
#4625 = FACE_OUTER_BOUND ( 'NONE', #3703, .T. ) ;
#4627 = EDGE_CURVE ( 'NONE', #4504, #6286, #3433, .T. ) ;
#4626 = VECTOR ( 'NONE', #1574, 1000.000000000000000 ) ;
#4628 = ADVANCED_FACE ( 'NONE', ( #4776 ), #4142, .F. ) ;
#4629 = CARTESIAN_POINT ( 'NONE',  ( -15.90000000000000391, 2.828427124746183186, 96.07462821482180004 ) ) ;
#4630 = LINE ( 'NONE', #7386, #4317 ) ;
#4631 = VECTOR ( 'NONE', #6771, 1000.000000000000000 ) ;
#4632 = VECTOR ( 'NONE', #6633, 1000.000000000000000 ) ;
#4633 = CARTESIAN_POINT ( 'NONE',  ( -47.21154830027269611, 9.811548300272685097, 113.4163737610801377 ) ) ;
#4634 = CARTESIAN_POINT ( 'NONE',  ( 48.39999999999998437, 12.18563951505962528, 74.42551409200461876 ) ) ;
#4635 = CARTESIAN_POINT ( 'NONE',  ( -15.25556861018782584, 14.58506310078683654, 72.54550315642885039 ) ) ;
#4636 = DIRECTION ( 'NONE',  ( 0.000000000000000000, -1.000000000000000000, -2.041077998578920060E-17 ) ) ;
#4637 = EDGE_CURVE ( 'NONE', #6751, #701, #4251, .T. ) ;
#4638 = ORIENTED_EDGE ( 'NONE', *, *, #4272, .T. ) ;
#4639 = EDGE_LOOP ( 'NONE', ( #5918, #5908, #4826, #1529 ) ) ;
#4640 = DIRECTION ( 'NONE',  ( -0.000000000000000000, 0.3911406403448519642, 0.9203309184584744784 ) ) ;
#4641 = LINE ( 'NONE', #1221, #4067 ) ;
#4642 = ORIENTED_EDGE ( 'NONE', *, *, #619, .T. ) ;
#4643 = CARTESIAN_POINT ( 'NONE',  ( -38.96800160917631928, -1.387778780781445676E-14, 86.80991720946376233 ) ) ;
#4644 = VERTEX_POINT ( 'NONE', #1287 ) ;
#4645 = ORIENTED_EDGE ( 'NONE', *, *, #2411, .F. ) ;
#4646 = EDGE_LOOP ( 'NONE', ( #1023, #1671, #5528, #6513 ) ) ;
#4647 = CARTESIAN_POINT ( 'NONE',  ( 49.22394377002933652, 12.00760865647429299, 75.53593011222170617 ) ) ;
#4648 = LINE ( 'NONE', #6401, #2239 ) ;
#4649 = EDGE_CURVE ( 'NONE', #1942, #3269, #3546, .T. ) ;
#4650 = DIRECTION ( 'NONE',  ( 0.000000000000000000, 1.000000000000000000, 0.000000000000000000 ) ) ;
#4651 = DIRECTION ( 'NONE',  ( -1.000000000000000000, -0.000000000000000000, -0.000000000000000000 ) ) ;
#4652 = ORIENTED_EDGE ( 'NONE', *, *, #3528, .T. ) ;
#4653 = ORIENTED_EDGE ( 'NONE', *, *, #298, .T. ) ;
#4654 = DIRECTION ( 'NONE',  ( 0.000000000000000000, -1.000000000000000000, -9.829967624376073786E-17 ) ) ;
#4655 = VECTOR ( 'NONE', #5134, 1000.000000000000114 ) ;
#4656 = CARTESIAN_POINT ( 'NONE',  ( 13.90000000000000213, 15.50000000000000178, 0.000000000000000000 ) ) ;
#4657 = CARTESIAN_POINT ( 'NONE',  ( 43.39999999999999858, 17.00000000000000000, 78.49999999999998579 ) ) ;
#4658 = CARTESIAN_POINT ( 'NONE',  ( -45.40000000000000568, 29.99999999999998224, 63.86590682343448577 ) ) ;
#4659 = CARTESIAN_POINT ( 'NONE',  ( 49.39999999999999858, 5.999999999999995559, 6.500000000000000000 ) ) ;
#4660 = AXIS2_PLACEMENT_3D ( 'NONE', #4848, #1875, #201 ) ;
#4661 = EDGE_CURVE ( 'NONE', #6818, #2807, #2452, .T. ) ;
#4662 = EDGE_CURVE ( 'NONE', #5492, #1228, #6959, .T. ) ;
#4663 = AXIS2_PLACEMENT_3D ( 'NONE', #4917, #3271, #6714 ) ;
#4664 = DIRECTION ( 'NONE',  ( -0.5773502691896257311, -0.5773502691896238437, -0.5773502691896276184 ) ) ;
#4665 = DIRECTION ( 'NONE',  ( 1.000000000000000000, 0.000000000000000000, 0.000000000000000000 ) ) ;
#4666 = LINE ( 'NONE', #93, #3367 ) ;
#4667 = CIRCLE ( 'NONE', #1892, 1.000000000000000888 ) ;
#4668 = DIRECTION ( 'NONE',  ( 1.000000000000000000, 0.000000000000000000, 0.000000000000000000 ) ) ;
#4669 = CARTESIAN_POINT ( 'NONE',  ( 15.40000000000000213, 28.49999999999998224, 108.5000000000000000 ) ) ;
#4670 = VECTOR ( 'NONE', #4689, 1000.000000000000000 ) ;
#4671 = EDGE_CURVE ( 'NONE', #5267, #2171, #7094, .T. ) ;
#4672 = AXIS2_PLACEMENT_3D ( 'NONE', #1457, #932, #973 ) ;
#4673 = ORIENTED_EDGE ( 'NONE', *, *, #2115, .T. ) ;
#4674 = ORIENTED_EDGE ( 'NONE', *, *, #3767, .F. ) ;
#4675 = DIRECTION ( 'NONE',  ( -1.000000000000000000, 0.000000000000000000, 0.000000000000000000 ) ) ;
#4676 = CARTESIAN_POINT ( 'NONE',  ( 38.14999999999999858, 27.99999999999998224, 82.55267969074972711 ) ) ;
#4677 = DIRECTION ( 'NONE',  ( 1.000000000000000000, 0.000000000000000000, 0.000000000000000000 ) ) ;
#4678 = ORIENTED_EDGE ( 'NONE', *, *, #3055, .F. ) ;
#4679 = DIRECTION ( 'NONE',  ( 1.000000000000000000, -0.000000000000000000, -0.000000000000000000 ) ) ;
#4680 = EDGE_LOOP ( 'NONE', ( #1760, #6968, #1369, #3264, #2706, #48, #1629, #6966 ) ) ;
#4681 = ORIENTED_EDGE ( 'NONE', *, *, #4136, .T. ) ;
#4682 = VERTEX_POINT ( 'NONE', #6543 ) ;
#4683 = CARTESIAN_POINT ( 'NONE',  ( 49.04388933932631289, 11.68916770284897311, 75.66953388525661239 ) ) ;
#4684 = DIRECTION ( 'NONE',  ( 0.000000000000000000, -1.000000000000000000, -2.041077998578920677E-17 ) ) ;
#4685 = DIRECTION ( 'NONE',  ( 1.000000000000000000, 0.000000000000000000, 0.000000000000000000 ) ) ;
#4686 = ORIENTED_EDGE ( 'NONE', *, *, #6312, .T. ) ;
#4687 = ORIENTED_EDGE ( 'NONE', *, *, #299, .F. ) ;
#4688 = ADVANCED_FACE ( 'NONE', ( #5824 ), #5334, .T. ) ;
#4689 = DIRECTION ( 'NONE',  ( 0.000000000000000000, -0.7071067811865512365, -0.7071067811865439090 ) ) ;
#4690 = VERTEX_POINT ( 'NONE', #5899 ) ;
#4691 = CARTESIAN_POINT ( 'NONE',  ( -38.14999999999999858, 22.99999999999998224, 78.91421356237307805 ) ) ;
#4692 = DIRECTION ( 'NONE',  ( -0.000000000000000000, 0.7071067811865474617, -0.7071067811865475727 ) ) ;
#4693 = CARTESIAN_POINT ( 'NONE',  ( -43.68430035306410275, 29.35717755328153444, 63.22308437671618009 ) ) ;
#4694 = DIRECTION ( 'NONE',  ( -0.000000000000000000, 1.000000000000000000, -0.000000000000000000 ) ) ;
#4695 = LINE ( 'NONE', #390, #5803 ) ;
#4696 = CARTESIAN_POINT ( 'NONE',  ( -30.39999999999999503, 4.800000000000000711, 0.7999999999999951594 ) ) ;
#4697 = LINE ( 'NONE', #7010, #490 ) ;
#4698 = EDGE_CURVE ( 'NONE', #7333, #2734, #1399, .T. ) ;
#4699 = DIRECTION ( 'NONE',  ( 0.6771883944108791908, 0.6771883944108896269, -0.2878050676246283190 ) ) ;
#4700 = CARTESIAN_POINT ( 'NONE',  ( -28.40000000000000213, 26.46791111376202110, 83.26710447137665483 ) ) ;
#4701 = EDGE_CURVE ( 'NONE', #5576, #1445, #770, .T. ) ;
#4702 = ORIENTED_EDGE ( 'NONE', *, *, #450, .F. ) ;
#4703 = VERTEX_POINT ( 'NONE', #1813 ) ;
#4704 = CARTESIAN_POINT ( 'NONE',  ( 43.39999999999999858, 2.999999999999989342, 5.000000000000000000 ) ) ;
#4705 = DIRECTION ( 'NONE',  ( 1.000000000000000000, 0.000000000000000000, 0.000000000000000000 ) ) ;
#4706 = CARTESIAN_POINT ( 'NONE',  ( 15.40000000000000391, 29.99999999999998579, 118.5000000000000000 ) ) ;
#4707 = ORIENTED_EDGE ( 'NONE', *, *, #628, .F. ) ;
#4708 = EDGE_CURVE ( 'NONE', #5651, #3378, #2421, .T. ) ;
#4709 = PLANE ( 'NONE',  #5128 ) ;
#4710 = CARTESIAN_POINT ( 'NONE',  ( -13.90000000000000213, 27.99999999999998224, 89.99999999999998579 ) ) ;
#4711 = VERTEX_POINT ( 'NONE', #1845 ) ;
#4712 = ORIENTED_EDGE ( 'NONE', *, *, #5416, .F. ) ;
#4713 = EDGE_LOOP ( 'NONE', ( #1183, #1478, #6182, #1890, #5916 ) ) ;
#4714 = CARTESIAN_POINT ( 'NONE',  ( 49.09706514815354694, 11.76835971254586966, 75.63630995197840434 ) ) ;
#4715 = CARTESIAN_POINT ( 'NONE',  ( 13.90000000000000213, 2.828427124746184074, 84.88796213622862297 ) ) ;
#4716 = VECTOR ( 'NONE', #1275, 1000.000000000000000 ) ;
#4717 = DIRECTION ( 'NONE',  ( -0.000000000000000000, 2.041077998578920060E-17, -1.000000000000000000 ) ) ;
#4718 = ORIENTED_EDGE ( 'NONE', *, *, #5029, .F. ) ;
#4719 = ORIENTED_EDGE ( 'NONE', *, *, #3500, .T. ) ;
#4720 = VECTOR ( 'NONE', #1018, 1000.000000000000000 ) ;
#4721 = CARTESIAN_POINT ( 'NONE',  ( 14.73857857983485431, 17.00000000000000711, 70.68006527175016629 ) ) ;
#4722 = ORIENTED_EDGE ( 'NONE', *, *, #1097, .T. ) ;
#4723 = FACE_OUTER_BOUND ( 'NONE', #5233, .T. ) ;
#4724 = CARTESIAN_POINT ( 'NONE',  ( -43.80066639747908397, 29.22909352222525570, 64.29450054755044164 ) ) ;
#4725 = EDGE_CURVE ( 'NONE', #2807, #1120, #3583, .T. ) ;
#4726 = CARTESIAN_POINT ( 'NONE',  ( -43.39999999999999858, 26.99999999999998224, 3.499999999999998668 ) ) ;
#4727 = CARTESIAN_POINT ( 'NONE',  ( 15.40000000000000213, 27.99999999999998224, 90.49999999999998579 ) ) ;
#4728 = DIRECTION ( 'NONE',  ( -0.000000000000000000, 1.000000000000000000, 0.000000000000000000 ) ) ;
#4729 = DIRECTION ( 'NONE',  ( -0.000000000000000000, -0.000000000000000000, 1.000000000000000000 ) ) ;
#4730 =( BOUNDED_CURVE ( )  B_SPLINE_CURVE ( 3, ( #1914, #5856, #5404, #7088 ),
 .UNSPECIFIED., .F., .T. ) 
 B_SPLINE_CURVE_WITH_KNOTS ( ( 4, 4 ),
 ( 0.000000000000000000, 1.493729657094185148 ),
 .UNSPECIFIED. ) 
 CURVE ( )  GEOMETRIC_REPRESENTATION_ITEM ( )  RATIONAL_B_SPLINE_CURVE ( ( 1.000000000000000000, 0.8225482158418110368, 0.8225482158418110368, 1.000000000000000000 ) ) 
 REPRESENTATION_ITEM ( '' )  );
#4731 = CARTESIAN_POINT ( 'NONE',  ( 23.90000000000000568, 2.828427124746187182, 108.5000000000000000 ) ) ;
#4732 = CARTESIAN_POINT ( 'NONE',  ( -13.90000000000000213, 2.828427124746183186, 96.07462821482180004 ) ) ;
#4733 = B_SPLINE_CURVE_WITH_KNOTS ( 'NONE', 3,
 ( #1274, #3569, #5919, #792 ),
 .UNSPECIFIED., .F., .F.,
 ( 4, 4 ),
 ( -1.095445231066076861E-05, 0.001773026467502962370 ),
 .UNSPECIFIED. ) ;
#4734 = EDGE_CURVE ( 'NONE', #296, #1776, #6069, .T. ) ;
#4735 = VECTOR ( 'NONE', #1326, 1000.000000000000000 ) ;
#4736 = ORIENTED_EDGE ( 'NONE', *, *, #3767, .T. ) ;
#4737 = EDGE_CURVE ( 'NONE', #5420, #4583, #4449, .T. ) ;
#4738 = ORIENTED_EDGE ( 'NONE', *, *, #5056, .T. ) ;
#4739 = CARTESIAN_POINT ( 'NONE',  ( -23.90000000000000568, 1.414213562373088262, 108.5000000000000000 ) ) ;
#4740 = LINE ( 'NONE', #6424, #1154 ) ;
#4741 = CARTESIAN_POINT ( 'NONE',  ( -31.39999999999999858, 24.89999999999998082, 3.500000000000001332 ) ) ;
#4742 = ORIENTED_EDGE ( 'NONE', *, *, #7087, .T. ) ;
#4743 = CARTESIAN_POINT ( 'NONE',  ( 39.25116703592598100, 28.88630239515483211, 78.70233407185209273 ) ) ;
#4744 = CARTESIAN_POINT ( 'NONE',  ( -13.90000000000000213, 6.999999999999989342, 99.07462821482178583 ) ) ;
#4745 = ORIENTED_EDGE ( 'NONE', *, *, #3759, .F. ) ;
#4746 = ADVANCED_FACE ( 'NONE', ( #3329 ), #2043, .F. ) ;
#4747 = EDGE_LOOP ( 'NONE', ( #7111, #245, #565, #635, #555, #7268, #5764 ) ) ;
#4748 = EDGE_CURVE ( 'NONE', #1746, #1611, #7247, .T. ) ;
#4749 = DIRECTION ( 'NONE',  ( -0.7071067811865454633, 0.7071067811865497932, 0.000000000000000000 ) ) ;
#4750 = EDGE_LOOP ( 'NONE', ( #4542, #4914, #5100, #2549, #2063 ) ) ;
#4751 = CARTESIAN_POINT ( 'NONE',  ( 48.81421356237309084, 11.41421356237307805, 75.78489157442020030 ) ) ;
#4752 = CARTESIAN_POINT ( 'NONE',  ( -39.39999999999999858, 4.828427124746199617, 116.4999999999999858 ) ) ;
#4753 = VECTOR ( 'NONE', #51, 999.9999999999998863 ) ;
#4754 = CARTESIAN_POINT ( 'NONE',  ( -7.038071187457542344, -30.36192881254232745, 84.72385762508436358 ) ) ;
#4755 = ORIENTED_EDGE ( 'NONE', *, *, #5717, .F. ) ;
#4756 = EDGE_CURVE ( 'NONE', #1048, #5060, #4368, .T. ) ;
#4757 = ORIENTED_EDGE ( 'NONE', *, *, #1679, .F. ) ;
#4758 = AXIS2_PLACEMENT_3D ( 'NONE', #6122, #273, #4960 ) ;
#4759 = CARTESIAN_POINT ( 'NONE',  ( 15.56958661329978000, 17.00000000000000000, 73.76351170716148431 ) ) ;
#4760 = ORIENTED_EDGE ( 'NONE', *, *, #1846, .T. ) ;
#4761 = CARTESIAN_POINT ( 'NONE',  ( -29.40000000000000213, 0.000000000000000000, 79.49999999999998579 ) ) ;
#4762 = DIRECTION ( 'NONE',  ( 0.000000000000000000, 1.000000000000000000, -1.982541115402065307E-15 ) ) ;
#4763 = FACE_OUTER_BOUND ( 'NONE', #5381, .T. ) ;
#4764 = PLANE ( 'NONE',  #4444 ) ;
#4765 = AXIS2_PLACEMENT_3D ( 'NONE', #2879, #4035, #5754 ) ;
#4766 = CARTESIAN_POINT ( 'NONE',  ( -48.13786388467983812, 11.81871823249030484, 113.5361898009633990 ) ) ;
#4767 = CARTESIAN_POINT ( 'NONE',  ( -49.39999999999999858, 5.999999999999995559, 39.86590682343454972 ) ) ;
#4768 = DIRECTION ( 'NONE',  ( 0.000000000000000000, 0.000000000000000000, -1.000000000000000000 ) ) ;
#4769 = CARTESIAN_POINT ( 'NONE',  ( -39.14999999999998437, 26.99999999999998224, -1.338215252896392376E-14 ) ) ;
#4770 = CARTESIAN_POINT ( 'NONE',  ( 27.84422222222221421, 8.888444444444296266, -2.611555555555546526 ) ) ;
#4771 = AXIS2_PLACEMENT_3D ( 'NONE', #4137, #3474, #3057 ) ;
#4772 = ORIENTED_EDGE ( 'NONE', *, *, #3656, .T. ) ;
#4773 =( BOUNDED_CURVE ( )  B_SPLINE_CURVE ( 3, ( #4869, #2014, #6597, #4307 ),
 .UNSPECIFIED., .F., .F. ) 
 B_SPLINE_CURVE_WITH_KNOTS ( ( 4, 4 ),
 ( 1.570796326794896558, 3.141592653589793116 ),
 .UNSPECIFIED. ) 
 CURVE ( )  GEOMETRIC_REPRESENTATION_ITEM ( )  RATIONAL_B_SPLINE_CURVE ( ( 1.000000000000000000, 0.8047378541243649375, 0.8047378541243649375, 1.000000000000000000 ) ) 
 REPRESENTATION_ITEM ( '' )  );
#4774 = ORIENTED_EDGE ( 'NONE', *, *, #498, .F. ) ;
#4775 = CIRCLE ( 'NONE', #5022, 0.8000000000000000444 ) ;
#4776 = FACE_OUTER_BOUND ( 'NONE', #5686, .T. ) ;
#4777 = EDGE_CURVE ( 'NONE', #6432, #4376, #280, .T. ) ;
#4778 = CARTESIAN_POINT ( 'NONE',  ( 48.39999999999998437, 12.18563951505962528, 74.42551409200461876 ) ) ;
#4779 = DIRECTION ( 'NONE',  ( 0.000000000000000000, -1.000000000000000000, -0.000000000000000000 ) ) ;
#4780 = ORIENTED_EDGE ( 'NONE', *, *, #5761, .F. ) ;
#4781 = VECTOR ( 'NONE', #5508, 1000.000000000000000 ) ;
#4782 = CARTESIAN_POINT ( 'NONE',  ( -43.39999999999999858, 15.50000000000000178, 73.60254636550102703 ) ) ;
#4783 = VECTOR ( 'NONE', #274, 1000.000000000000000 ) ;
#4784 = LINE ( 'NONE', #4643, #4557 ) ;
#4785 = AXIS2_PLACEMENT_3D ( 'NONE', #3305, #2624, #5423 ) ;
#4786 = VERTEX_POINT ( 'NONE', #1589 ) ;
#4787 = ORIENTED_EDGE ( 'NONE', *, *, #5939, .F. ) ;
#4788 = FACE_OUTER_BOUND ( 'NONE', #1011, .T. ) ;
#4789 = DIRECTION ( 'NONE',  ( 1.000000000000000000, 0.000000000000000000, 0.000000000000000000 ) ) ;
#4790 = AXIS2_PLACEMENT_3D ( 'NONE', #5323, #2478, #271 ) ;
#4791 = ORIENTED_EDGE ( 'NONE', *, *, #4515, .F. ) ;
#4792 = CARTESIAN_POINT ( 'NONE',  ( 49.19906964632397717, 11.95358529813339743, 75.55859041443477508 ) ) ;
#4793 = DIRECTION ( 'NONE',  ( 0.000000000000000000, -1.000000000000000000, -9.829967624376073786E-17 ) ) ;
#4794 = ADVANCED_FACE ( 'NONE', ( #7214 ), #6654, .T. ) ;
#4795 = LINE ( 'NONE', #3523, #3832 ) ;
#4796 = ADVANCED_FACE ( 'NONE', ( #2726 ), #3883, .F. ) ;
#4797 = VERTEX_POINT ( 'NONE', #3213 ) ;
#4798 = ORIENTED_EDGE ( 'NONE', *, *, #6260, .T. ) ;
#4799 = CARTESIAN_POINT ( 'NONE',  ( 15.59207457852179957, 17.00000000000000355, 70.38578599874580277 ) ) ;
#4800 = VERTEX_POINT ( 'NONE', #1511 ) ;
#4801 = DIRECTION ( 'NONE',  ( -1.000000000000000000, 0.000000000000000000, -0.000000000000000000 ) ) ;
#4802 = FACE_OUTER_BOUND ( 'NONE', #736, .T. ) ;
#4803 = EDGE_CURVE ( 'NONE', #5944, #4124, #7136, .T. ) ;
#4804 = CARTESIAN_POINT ( 'NONE',  ( -44.16586168890417241, 29.68891324563084311, 63.55482006906491677 ) ) ;
#4805 = DIRECTION ( 'NONE',  ( 0.000000000000000000, 0.7071067811865463515, -0.7071067811865487940 ) ) ;
#4806 = EDGE_CURVE ( 'NONE', #6743, #1569, #6619, .T. ) ;
#4807 = DIRECTION ( 'NONE',  ( 0.000000000000000000, 2.465544075527127488E-16, -1.000000000000000000 ) ) ;
#4808 = PLANE ( 'NONE',  #692 ) ;
#4809 = LINE ( 'NONE', #3652, #3119 ) ;
#4810 = LINE ( 'NONE', #5328, #6884 ) ;
#4811 = CARTESIAN_POINT ( 'NONE',  ( 31.19999999999999929, 29.19999999999999929, 118.5009999999999906 ) ) ;
#4812 = ORIENTED_EDGE ( 'NONE', *, *, #851, .T. ) ;
#4813 = EDGE_LOOP ( 'NONE', ( #7368, #330, #2250, #999 ) ) ;
#4814 = CARTESIAN_POINT ( 'NONE',  ( -31.19999999999999929, 29.19999999999999929, 0.7999999999999952704 ) ) ;
#4815 = CARTESIAN_POINT ( 'NONE',  ( 49.39999999999999858, -1.232772037763563695E-15, 5.000000000000000000 ) ) ;
#4816 = CARTESIAN_POINT ( 'NONE',  ( 40.14999999999999858, 27.99999999999998224, 118.5000000000000000 ) ) ;
#4817 = VERTEX_POINT ( 'NONE', #958 ) ;
#4818 = CARTESIAN_POINT ( 'NONE',  ( 39.20107389905143691, 28.64443133430549437, 78.60214779810273455 ) ) ;
#4819 = CARTESIAN_POINT ( 'NONE',  ( -44.04906666467846321, 15.50000000000000178, 72.10254636550102703 ) ) ;
#4820 = ADVANCED_FACE ( 'NONE', ( #1474 ), #319, .F. ) ;
#4821 =( BOUNDED_SURFACE ( )  B_SPLINE_SURFACE ( 3, 2, ( 
 ( #7062, #1923, #7140 ),
 ( #284, #3665, #2573 ),
 ( #2006, #3176, #3101 ),
 ( #5446, #2538, #2614 ),
 ( #323, #1330, #1365 ),
 ( #4898, #1404, #2050 ),
 ( #1479, #3781, #5940 ),
 ( #7183, #811, #5376 ),
 ( #4743, #5302, #6470 ),
 ( #4818, #6053, #7098 ),
 ( #4338, #175, #1963 ),
 ( #1884, #4258, #4184 ),
 ( #3705, #5981, #4483 ),
 ( #1037, #6766, #6168 ) ),
 .UNSPECIFIED., .F., .F., .F. ) 
 B_SPLINE_SURFACE_WITH_KNOTS ( ( 4, 2, 2, 2, 2, 2, 4 ),
 ( 3, 3 ),
 ( 1.570796326794896558, 1.963495408493620697, 2.356194490192344837, 2.552544031041707129, 2.748893571891068976, 2.945243112740430824, 3.141592653589793116 ),
 ( 0.000000000000000000, 1.000000000000000000 ),
 .UNSPECIFIED. ) 
 GEOMETRIC_REPRESENTATION_ITEM ( )  RATIONAL_B_SPLINE_SURFACE ( (
 ( 1.000000000000000000, 1.000000000000000000, 1.000000000000000000),
 ( 1.000000000000000000, 1.000158585517631371, 1.000000000000000000),
 ( 1.000000000000000000, 0.9867291829330862019, 1.000000000000000000),
 ( 1.000000000000000000, 0.9386556568292254710, 1.000000000000000000),
 ( 1.000000000000000000, 0.9038128751444495235, 1.000000000000000000),
 ( 1.000000000000000000, 0.8471316681044342989, 1.000000000000000000),
 ( 1.000000000000000000, 0.8275942589161686680, 1.000000000000000000),
 ( 1.000000000000000000, 0.7902180193271712838, 1.000000000000000000),
 ( 1.000000000000000000, 0.7723968094988848954, 1.000000000000000000),
 ( 1.000000000000000000, 0.7418334301983209311, 1.000000000000000000),
 ( 1.000000000000000000, 0.7291288848862585992, 1.000000000000000000),
 ( 1.000000000000000000, 0.7117460116570577533, 1.000000000000000000),
 ( 1.000000000000000000, 0.7070717215218161877, 1.000000000000000000),
 ( 1.000000000000000000, 0.7071067811865475727, 1.000000000000000000) ) ) 
 REPRESENTATION_ITEM ( '' )  SURFACE ( )  );
#4822 = ORIENTED_EDGE ( 'NONE', *, *, #6568, .T. ) ;
#4823 = ORIENTED_EDGE ( 'NONE', *, *, #6493, .F. ) ;
#4824 = DIRECTION ( 'NONE',  ( 0.7071067811865493491, 0.7071067811865456854, -0.000000000000000000 ) ) ;
#4825 = DIRECTION ( 'NONE',  ( -1.826024711554535885E-16, -1.000000000000000000, -0.000000000000000000 ) ) ;
#4826 = ORIENTED_EDGE ( 'NONE', *, *, #3251, .F. ) ;
#4827 = CARTESIAN_POINT ( 'NONE',  ( -32.00000000000000000, 30.00000000000000000, 0.8000000000000008216 ) ) ;
#4828 = LINE ( 'NONE', #3185, #6899 ) ;
#4829 = DIRECTION ( 'NONE',  ( 0.000000000000000000, -0.7071067811865483499, -0.7071067811865467956 ) ) ;
#4830 = ORIENTED_EDGE ( 'NONE', *, *, #3333, .T. ) ;
#4831 = ORIENTED_EDGE ( 'NONE', *, *, #6497, .F. ) ;
#4832 = EDGE_CURVE ( 'NONE', #6149, #6605, #6690, .T. ) ;
#4833 = EDGE_CURVE ( 'NONE', #7312, #4187, #7176, .T. ) ;
#4834 = CARTESIAN_POINT ( 'NONE',  ( 30.40000000000000213, 29.99999999999998579, 84.55267969074972711 ) ) ;
#4835 = ORIENTED_EDGE ( 'NONE', *, *, #1636, .T. ) ;
#4836 = DIRECTION ( 'NONE',  ( 1.000000000000000000, -0.000000000000000000, -0.000000000000000000 ) ) ;
#4837 = LINE ( 'NONE', #1944, #4366 ) ;
#4838 = CARTESIAN_POINT ( 'NONE',  ( 32.00000000000000000, 29.19999999999999929, 0.8000000000000007105 ) ) ;
#4839 = FACE_OUTER_BOUND ( 'NONE', #1597, .T. ) ;
#4840 = TOROIDAL_SURFACE ( 'NONE', #1839, 0.5000000000000000000, 1.500000000000000000 ) ;
#4841 = EDGE_CURVE ( 'NONE', #4182, #2005, #6130, .T. ) ;
#4842 = DIRECTION ( 'NONE',  ( 1.000000000000000000, -0.000000000000000000, -0.000000000000000000 ) ) ;
#4843 = DIRECTION ( 'NONE',  ( 0.000000000000000000, -9.829967624376072553E-17, 1.000000000000000000 ) ) ;
#4844 = EDGE_CURVE ( 'NONE', #7116, #2734, #435, .T. ) ;
#4845 = CARTESIAN_POINT ( 'NONE',  ( -15.90000000000000391, 22.99999999999998579, 65.35118819767305354 ) ) ;
#4846 = ADVANCED_FACE ( 'NONE', ( #3170 ), #5484, .T. ) ;
#4847 = PLANE ( 'NONE',  #4302 ) ;
#4848 = CARTESIAN_POINT ( 'NONE',  ( -39.39999999999999858, 28.49999999999998224, 108.5000000000000000 ) ) ;
#4849 = ORIENTED_EDGE ( 'NONE', *, *, #5691, .F. ) ;
#4850 = ADVANCED_FACE ( 'NONE', ( #4236 ), #6408, .T. ) ;
#4851 = ORIENTED_EDGE ( 'NONE', *, *, #450, .T. ) ;
#4852 = AXIS2_PLACEMENT_3D ( 'NONE', #3088, #2681, #5965 ) ;
#4853 = DIRECTION ( 'NONE',  ( 1.000000000000000000, 0.000000000000000000, 0.000000000000000000 ) ) ;
#4854 = EDGE_CURVE ( 'NONE', #3890, #3169, #670, .T. ) ;
#4855 = CARTESIAN_POINT ( 'NONE',  ( 38.14999999999999858, 22.99999999999998224, 79.49999999999998579 ) ) ;
#4856 = DIRECTION ( 'NONE',  ( 0.000000000000000000, -2.465544075527127488E-16, 1.000000000000000000 ) ) ;
#4857 = ORIENTED_EDGE ( 'NONE', *, *, #3483, .T. ) ;
#4858 = DIRECTION ( 'NONE',  ( -1.000000000000000000, 0.000000000000000000, -0.000000000000000000 ) ) ;
#4859 = VECTOR ( 'NONE', #4109, 1000.000000000000000 ) ;
#4860 = CARTESIAN_POINT ( 'NONE',  ( 40.81421356237309084, 3.414213562373101585, 116.4999999999999858 ) ) ;
#4861 = AXIS2_PLACEMENT_3D ( 'NONE', #7189, #3968, #5722 ) ;
#4862 = ORIENTED_EDGE ( 'NONE', *, *, #2677, .T. ) ;
#4863 = ORIENTED_EDGE ( 'NONE', *, *, #162, .T. ) ;
#4864 = AXIS2_PLACEMENT_3D ( 'NONE', #436, #2728, #7285 ) ;
#4865 = VECTOR ( 'NONE', #2623, 1000.000000000000000 ) ;
#4866 = CARTESIAN_POINT ( 'NONE',  ( -48.36801657730209314, 11.92635658768002038, 74.64307830073941830 ) ) ;
#4867 = CARTESIAN_POINT ( 'NONE',  ( -47.89999999999999858, 28.49999999999998224, 108.5000000000000000 ) ) ;
#4868 = ORIENTED_EDGE ( 'NONE', *, *, #7301, .F. ) ;
#4869 = CARTESIAN_POINT ( 'NONE',  ( 40.14999999999999858, 29.99999999999998579, 80.49999999999998579 ) ) ;
#4870 = LINE ( 'NONE', #6557, #193 ) ;
#4871 = CARTESIAN_POINT ( 'NONE',  ( -35.98578643762686369, -1.368118845532693358E-14, 116.4999999999999716 ) ) ;
#4872 = ORIENTED_EDGE ( 'NONE', *, *, #6312, .F. ) ;
#4873 = VERTEX_POINT ( 'NONE', #5847 ) ;
#4874 = EDGE_LOOP ( 'NONE', ( #3524, #6440, #5531, #5823 ) ) ;
#4875 = EDGE_CURVE ( 'NONE', #5787, #1324, #6976, .T. ) ;
#4876 = CARTESIAN_POINT ( 'NONE',  ( 13.90000000000000213, 0.000000000000000000, 108.5000000000000000 ) ) ;
#4877 = CIRCLE ( 'NONE', #5827, 1.499999999999999556 ) ;
#4878 = ORIENTED_EDGE ( 'NONE', *, *, #5570, .F. ) ;
#4879 = FACE_OUTER_BOUND ( 'NONE', #661, .T. ) ;
#4880 = CARTESIAN_POINT ( 'NONE',  ( -13.90000000000000213, 17.00000000000000000, 73.60254636550102703 ) ) ;
#4881 = CYLINDRICAL_SURFACE ( 'NONE', #1662, 1.999999999999997780 ) ;
#4882 = CARTESIAN_POINT ( 'NONE',  ( -32.00000000000000000, 13.99999999999989875, 2.500000000000002220 ) ) ;
#4883 = CIRCLE ( 'NONE', #5120, 1.500000000000001332 ) ;
#4884 = LINE ( 'NONE', #7275, #15 ) ;
#4885 = CARTESIAN_POINT ( 'NONE',  ( -45.40000000000000568, 29.99999999999998579, 64.48722716699411706 ) ) ;
#4886 = DIRECTION ( 'NONE',  ( -1.000000000000000000, -0.000000000000000000, -0.000000000000000000 ) ) ;
#4887 = LINE ( 'NONE', #4845, #4912 ) ;
#4888 = DIRECTION ( 'NONE',  ( -1.000000000000000000, 0.000000000000000000, 0.000000000000000000 ) ) ;
#4889 = FACE_OUTER_BOUND ( 'NONE', #1205, .T. ) ;
#4890 = ADVANCED_FACE ( 'NONE', ( #4097 ), #2475, .F. ) ;
#4891 = ADVANCED_FACE ( 'NONE', ( #4723 ), #1346, .T. ) ;
#4892 = ORIENTED_EDGE ( 'NONE', *, *, #6903, .T. ) ;
#4893 = DIRECTION ( 'NONE',  ( 1.826024711554535639E-16, 1.000000000000000000, 0.000000000000000000 ) ) ;
#4894 = LINE ( 'NONE', #7178, #1983 ) ;
#4895 = DIRECTION ( 'NONE',  ( -0.6081204024113447959, -0.6081204024113426865, 0.5102736053747348732 ) ) ;
#4896 = VECTOR ( 'NONE', #6460, 1000.000000000000114 ) ;
#4897 = ORIENTED_EDGE ( 'NONE', *, *, #5286, .F. ) ;
#4898 = CARTESIAN_POINT ( 'NONE',  ( 39.39661319334982892, 29.32165351144582033, 78.99322638669964647 ) ) ;
#4899 = EDGE_CURVE ( 'NONE', #2810, #3229, #4733, .T. ) ;
#4900 = CARTESIAN_POINT ( 'NONE',  ( -28.40000000000000213, 22.99999999999998224, 87.40000000000000568 ) ) ;
#4901 = VECTOR ( 'NONE', #303, 1000.000000000000000 ) ;
#4902 = ORIENTED_EDGE ( 'NONE', *, *, #3510, .F. ) ;
#4903 = ORIENTED_EDGE ( 'NONE', *, *, #2962, .T. ) ;
#4904 = AXIS2_PLACEMENT_3D ( 'NONE', #6969, #2467, #3490 ) ;
#4905 = CYLINDRICAL_SURFACE ( 'NONE', #4861, 2.000000000000001776 ) ;
#4906 = DIRECTION ( 'NONE',  ( 0.000000000000000000, 1.000000000000000000, 0.000000000000000000 ) ) ;
#4907 = ORIENTED_EDGE ( 'NONE', *, *, #2203, .F. ) ;
#4908 = CARTESIAN_POINT ( 'NONE',  ( -30.59411708155671761, 0.9999999999999986677, 6.000000000000000000 ) ) ;
#4909 = CONICAL_SURFACE ( 'NONE', #957, 1.000000000000000888, 0.7853981633974473908 ) ;
#4910 = DIRECTION ( 'NONE',  ( 0.000000000000000000, -0.7660444431189792347, 0.6427876096865379196 ) ) ;
#4911 = CARTESIAN_POINT ( 'NONE',  ( -13.90000000000000213, 2.828427124746182741, 100.0746282148217858 ) ) ;
#4912 = VECTOR ( 'NONE', #7127, 1000.000000000000114 ) ;
#4913 = ORIENTED_EDGE ( 'NONE', *, *, #1938, .T. ) ;
#4914 = ORIENTED_EDGE ( 'NONE', *, *, #5559, .F. ) ;
#4915 = AXIS2_PLACEMENT_3D ( 'NONE', #599, #4570, #3447 ) ;
#4916 = ORIENTED_EDGE ( 'NONE', *, *, #1247, .F. ) ;
#4917 = CARTESIAN_POINT ( 'NONE',  ( -32.00000000000000000, 29.19999999999999929, 0.8000000000000005995 ) ) ;
#4918 = ORIENTED_EDGE ( 'NONE', *, *, #6352, .F. ) ;
#4919 = DIRECTION ( 'NONE',  ( 0.000000000000000000, 0.000000000000000000, 1.000000000000000000 ) ) ;
#4920 = DIRECTION ( 'NONE',  ( 0.000000000000000000, 0.000000000000000000, -1.000000000000000000 ) ) ;
#4921 = VECTOR ( 'NONE', #2791, 1000.000000000000000 ) ;
#4922 = DIRECTION ( 'NONE',  ( 1.000000000000000000, 0.000000000000000000, 0.000000000000000000 ) ) ;
#4923 = DIRECTION ( 'NONE',  ( 0.000000000000000000, 0.000000000000000000, -1.000000000000000000 ) ) ;
#4924 = ADVANCED_FACE ( 'NONE', ( #3644 ), #3609, .F. ) ;
#4925 = LINE ( 'NONE', #2643, #1617 ) ;
#4926 = CARTESIAN_POINT ( 'NONE',  ( -32.00000000000000000, 13.99999999999989875, 2.500000000000002220 ) ) ;
#4927 = CARTESIAN_POINT ( 'NONE',  ( -8.062257748298550908, -1.062038759100783552E-14, 100.0746282148217858 ) ) ;
#4928 = PLANE ( 'NONE',  #62 ) ;
#4929 = CARTESIAN_POINT ( 'NONE',  ( 44.16586168890417241, 29.68891324563084311, 63.55482006906491677 ) ) ;
#4930 = VECTOR ( 'NONE', #7353, 1000.000000000000000 ) ;
#4931 = ORIENTED_EDGE ( 'NONE', *, *, #5205, .T. ) ;
#4932 = DIRECTION ( 'NONE',  ( -0.000000000000000000, 0.000000000000000000, -1.000000000000000000 ) ) ;
#4933 = EDGE_CURVE ( 'NONE', #2851, #7312, #3083, .T. ) ;
#4934 = PLANE ( 'NONE',  #5577 ) ;
#4935 = DIRECTION ( 'NONE',  ( 0.000000000000000000, -0.7071067811865442421, -0.7071067811865510144 ) ) ;
#4936 = ORIENTED_EDGE ( 'NONE', *, *, #4091, .F. ) ;
#4937 = ADVANCED_FACE ( 'NONE', ( #1943 ), #6525, .F. ) ;
#4938 = LINE ( 'NONE', #7218, #5480 ) ;
#4939 = VERTEX_POINT ( 'NONE', #5283 ) ;
#4940 = ORIENTED_EDGE ( 'NONE', *, *, #7316, .T. ) ;
#4941 = ADVANCED_FACE ( 'NONE', ( #3125 ), #3684, .F. ) ;
#4942 = PLANE ( 'NONE',  #6410 ) ;
#4943 = CARTESIAN_POINT ( 'NONE',  ( -49.39999999999999858, 30.00000000000000000, 2.500000000000000000 ) ) ;
#4944 = ORIENTED_EDGE ( 'NONE', *, *, #6038, .F. ) ;
#4945 = CARTESIAN_POINT ( 'NONE',  ( -47.39999999999999858, 12.82842712474617208, 108.5000000000000000 ) ) ;
#4946 = EDGE_CURVE ( 'NONE', #5606, #6577, #3531, .T. ) ;
#4947 = VECTOR ( 'NONE', #4471, 1000.000000000000000 ) ;
#4948 = DIRECTION ( 'NONE',  ( -0.000000000000000000, -1.000000000000000000, -2.041077998578920060E-17 ) ) ;
#4949 = LINE ( 'NONE', #3267, #7050 ) ;
#4950 = VERTEX_POINT ( 'NONE', #267 ) ;
#4951 = ORIENTED_EDGE ( 'NONE', *, *, #4384, .T. ) ;
#4952 = VERTEX_POINT ( 'NONE', #2555 ) ;
#4953 = ORIENTED_EDGE ( 'NONE', *, *, #5654, .F. ) ;
#4954 = CARTESIAN_POINT ( 'NONE',  ( -15.60710678118655004, 17.00000000000000000, 73.60254636550102703 ) ) ;
#4955 = CARTESIAN_POINT ( 'NONE',  ( 28.40000000000000213, 26.46791111376202110, 83.26710447137665483 ) ) ;
#4956 = CARTESIAN_POINT ( 'NONE',  ( -47.98578643762691343, 13.41421356237308693, 116.4999999999999858 ) ) ;
#4957 = DIRECTION ( 'NONE',  ( -0.000000000000000000, 1.000000000000000000, -0.000000000000000000 ) ) ;
#4958 = DIRECTION ( 'NONE',  ( 0.000000000000000000, 0.000000000000000000, 1.000000000000000000 ) ) ;
#4959 = CARTESIAN_POINT ( 'NONE',  ( 43.39999999999998437, 0.000000000000000000, 0.000000000000000000 ) ) ;
#4960 = DIRECTION ( 'NONE',  ( 0.000000000000000000, -0.6427876096865388078, -0.7660444431189784575 ) ) ;
#4961 = PLANE ( 'NONE',  #1672 ) ;
#4962 = CARTESIAN_POINT ( 'NONE',  ( 31.56670593126604984, 29.19999999999999929, 2.372499999999992504 ) ) ;
#4963 = EDGE_CURVE ( 'NONE', #5267, #524, #6376, .T. ) ;
#4964 = CARTESIAN_POINT ( 'NONE',  ( -44.22842712474619020, 29.99999999999998579, 64.48722716699411706 ) ) ;
#4965 = VECTOR ( 'NONE', #2928, 1000.000000000000114 ) ;
#4966 = EDGE_LOOP ( 'NONE', ( #7305, #4574, #5066, #4907 ) ) ;
#4967 = CARTESIAN_POINT ( 'NONE',  ( -44.90000000000000568, 29.35355339059326241, 63.21946021402776239 ) ) ;
#4968 = VECTOR ( 'NONE', #2038, 999.9999999999998863 ) ;
#4969 = CARTESIAN_POINT ( 'NONE',  ( 31.39999999999998437, 29.53729350067549930, 2.229150262212904465 ) ) ;
#4970 = DIRECTION ( 'NONE',  ( 1.000000000000000000, 0.000000000000000000, 0.000000000000000000 ) ) ;
#4971 = ORIENTED_EDGE ( 'NONE', *, *, #6854, .F. ) ;
#4972 = EDGE_CURVE ( 'NONE', #5092, #4429, #6794, .T. ) ;
#4973 = DIRECTION ( 'NONE',  ( 1.000000000000000000, 0.000000000000000000, 0.000000000000000000 ) ) ;
#4974 = ADVANCED_FACE ( 'NONE', ( #5245 ), #723, .T. ) ;
#4975 = ORIENTED_EDGE ( 'NONE', *, *, #7248, .F. ) ;
#4976 = ORIENTED_EDGE ( 'NONE', *, *, #2193, .F. ) ;
#4977 = DIRECTION ( 'NONE',  ( 0.000000000000000000, 0.000000000000000000, -1.000000000000000000 ) ) ;
#4978 = LINE ( 'NONE', #926, #6696 ) ;
#4979 = EDGE_LOOP ( 'NONE', ( #518, #5191, #2082, #5058 ) ) ;
#4980 = CARTESIAN_POINT ( 'NONE',  ( -48.34892624461746635, 11.86342419475417209, 74.69588484843259835 ) ) ;
#4981 = CARTESIAN_POINT ( 'NONE',  ( 14.48578643762691520, 1.414213562373083821, 84.39642895246723242 ) ) ;
#4982 = ADVANCED_FACE ( 'NONE', ( #7003 ), #7236, .T. ) ;
#4983 = ORIENTED_EDGE ( 'NONE', *, *, #572, .F. ) ;
#4984 = VECTOR ( 'NONE', #6214, 1000.000000000000000 ) ;
#4986 = EDGE_CURVE ( 'NONE', #2520, #6751, #4356, .T. ) ;
#4985 = AXIS2_PLACEMENT_3D ( 'NONE', #1442, #3253, #5560 ) ;
#4987 = ORIENTED_EDGE ( 'NONE', *, *, #6677, .T. ) ;
#4988 = ORIENTED_EDGE ( 'NONE', *, *, #4616, .F. ) ;
#4989 = LINE ( 'NONE', #3798, #6700 ) ;
#4990 = ORIENTED_EDGE ( 'NONE', *, *, #7316, .F. ) ;
#4991 = CARTESIAN_POINT ( 'NONE',  ( 23.90000000000000568, 28.49999999999998224, 108.5000000000000000 ) ) ;
#4992 = DIRECTION ( 'NONE',  ( -1.000000000000000000, 0.000000000000000000, 0.000000000000000000 ) ) ;
#4993 = DIRECTION ( 'NONE',  ( -1.000000000000000000, 0.000000000000000000, 0.000000000000000000 ) ) ;
#4994 = EDGE_CURVE ( 'NONE', #1709, #4494, #342, .T. ) ;
#4995 = CARTESIAN_POINT ( 'NONE',  ( 49.39999999999999858, 28.49999999999998224, 64.48722716699411706 ) ) ;
#4996 = CARTESIAN_POINT ( 'NONE',  ( 43.39999999999998437, 29.19999999999999929, 0.8000000000000007105 ) ) ;
#4997 = ORIENTED_EDGE ( 'NONE', *, *, #3337, .F. ) ;
#4998 = CARTESIAN_POINT ( 'NONE',  ( 13.90000000000000213, 15.50000000000000178, 89.99999999999998579 ) ) ;
#4999 = CARTESIAN_POINT ( 'NONE',  ( 45.10710678118655181, 29.56066017177980498, 63.42656699521429431 ) ) ;
#5000 = CARTESIAN_POINT ( 'NONE',  ( -13.90000000000000213, 17.00000000000000000, 88.49999999999998579 ) ) ;
#5001 = DIRECTION ( 'NONE',  ( -0.5773502691896205130, 0.5773502691896283956, 0.5773502691896283956 ) ) ;
#5002 = DIRECTION ( 'NONE',  ( 0.000000000000000000, 1.000000000000000000, 0.000000000000000000 ) ) ;
#5003 = VECTOR ( 'NONE', #6553, 1000.000000000000000 ) ;
#5004 = FILL_AREA_STYLE_COLOUR ( '', #1200 ) ;
#5005 = CARTESIAN_POINT ( 'NONE',  ( -31.39999999999999858, 21.99999999999998579, 10.50000000000000533 ) ) ;
#5006 = CARTESIAN_POINT ( 'NONE',  ( -32.00000000000000000, 29.19999999999999929, 1.700000000000007061 ) ) ;
#5007 = DIRECTION ( 'NONE',  ( 0.000000000000000000, -9.829967624376075018E-17, 1.000000000000000000 ) ) ;
#5008 = EDGE_LOOP ( 'NONE', ( #2955, #1481, #64 ) ) ;
#5009 = DIRECTION ( 'NONE',  ( -1.000000000000000000, 0.000000000000000000, 0.000000000000000000 ) ) ;
#5010 = EDGE_LOOP ( 'NONE', ( #5828, #562, #6856 ) ) ;
#5011 = EDGE_CURVE ( 'NONE', #3669, #4273, #1017, .T. ) ;
#5012 = EDGE_LOOP ( 'NONE', ( #2211, #5352, #2488, #2670 ) ) ;
#5013 = VECTOR ( 'NONE', #2199, 1000.000000000000000 ) ;
#5014 = LINE ( 'NONE', #7295, #2231 ) ;
#5015 = DIRECTION ( 'NONE',  ( 1.000000000000000000, -0.000000000000000000, -0.000000000000000000 ) ) ;
#5016 = ORIENTED_EDGE ( 'NONE', *, *, #2149, .T. ) ;
#5017 = FACE_OUTER_BOUND ( 'NONE', #1312, .T. ) ;
#5018 = TOROIDAL_SURFACE ( 'NONE', #1886, 1.600000000000000089, 0.8000000000000000444 ) ;
#5019 = ORIENTED_EDGE ( 'NONE', *, *, #630, .T. ) ;
#5020 = AXIS2_PLACEMENT_3D ( 'NONE', #7226, #1971, #3713 ) ;
#5021 = EDGE_LOOP ( 'NONE', ( #2358, #4976, #6388, #1514, #7276 ) ) ;
#5022 = AXIS2_PLACEMENT_3D ( 'NONE', #6324, #5164, #5685 ) ;
#5023 = VECTOR ( 'NONE', #4278, 1000.000000000000000 ) ;
#5024 = EDGE_LOOP ( 'NONE', ( #6207, #3391, #1372, #2404, #3946 ) ) ;
#5025 = EDGE_CURVE ( 'NONE', #2816, #2671, #1030, .T. ) ;
#5026 = DIRECTION ( 'NONE',  ( 0.000000000000000000, 2.041077998578920060E-17, -1.000000000000000000 ) ) ;
#5027 = DIRECTION ( 'NONE',  ( -1.661094098900092315E-16, -0.7660444431189796788, 0.6427876096865373645 ) ) ;
#5028 = DIRECTION ( 'NONE',  ( 1.635512977795592375E-15, 0.7071067811865453523, 0.7071067811865499042 ) ) ;
#5029 = EDGE_CURVE ( 'NONE', #6147, #5036, #5213, .T. ) ;
#5030 = AXIS2_PLACEMENT_3D ( 'NONE', #2938, #1382, #5211 ) ;
#5031 = CARTESIAN_POINT ( 'NONE',  ( 32.00000000000000000, 9.999999999999998224, 2.500000000000000000 ) ) ;
#5032 = DIRECTION ( 'NONE',  ( 0.000000000000000000, 4.956352788505160310E-16, 1.000000000000000000 ) ) ;
#5033 = AXIS2_PLACEMENT_3D ( 'NONE', #2563, #6952, #1806 ) ;
#5034 = AXIS2_PLACEMENT_3D ( 'NONE', #513, #1406, #850 ) ;
#5035 = CYLINDRICAL_SURFACE ( 'NONE', #385, 0.7999999999999999334 ) ;
#5036 = VERTEX_POINT ( 'NONE', #2711 ) ;
#5037 = CARTESIAN_POINT ( 'NONE',  ( -15.90000000000001812, -1.055039092276781046E-14, 84.65047971475041777 ) ) ;
#5038 = DIRECTION ( 'NONE',  ( 1.355252715606877091E-16, 0.000000000000000000, -1.000000000000000000 ) ) ;
#5039 = EDGE_CURVE ( 'NONE', #98, #2514, #6556, .T. ) ;
#5040 = VECTOR ( 'NONE', #6005, 1000.000000000000000 ) ;
#5041 = CARTESIAN_POINT ( 'NONE',  ( -48.39999999999998437, 22.99999999999998579, 65.35118819767305354 ) ) ;
#5042 = DIRECTION ( 'NONE',  ( -0.000000000000000000, -0.000000000000000000, -1.000000000000000000 ) ) ;
#5043 = CYLINDRICAL_SURFACE ( 'NONE', #963, 1.500000000000001332 ) ;
#5044 = FACE_OUTER_BOUND ( 'NONE', #3544, .T. ) ;
#5045 = CARTESIAN_POINT ( 'NONE',  ( 29.40000000000000213, 21.99999999999998224, 78.49999999999998579 ) ) ;
#5046 = CARTESIAN_POINT ( 'NONE',  ( -43.39999999999999858, 29.19999999999999929, 2.500000000000000000 ) ) ;
#5047 = CARTESIAN_POINT ( 'NONE',  ( -13.66174864399480171, 17.00000000000013856, 73.72979348360861707 ) ) ;
#5048 = ORIENTED_EDGE ( 'NONE', *, *, #4662, .F. ) ;
#5049 = DIRECTION ( 'NONE',  ( 0.000000000000000000, 0.000000000000000000, 1.000000000000000000 ) ) ;
#5050 = ORIENTED_EDGE ( 'NONE', *, *, #5941, .F. ) ;
#5051 = ORIENTED_EDGE ( 'NONE', *, *, #943, .F. ) ;
#5052 = DIRECTION ( 'NONE',  ( 0.7071067811865420216, 0.7071067811865531239, -3.504670666704880459E-16 ) ) ;
#5053 = DIRECTION ( 'NONE',  ( 0.000000000000000000, -0.7660444431189792347, 0.6427876096865379196 ) ) ;
#5054 = ORIENTED_EDGE ( 'NONE', *, *, #820, .T. ) ;
#5055 =( BOUNDED_CURVE ( )  B_SPLINE_CURVE ( 3, ( #6960, #7017, #5900, #3061 ),
 .UNSPECIFIED., .F., .F. ) 
 B_SPLINE_CURVE_WITH_KNOTS ( ( 4, 4 ),
 ( 0.000000000000000000, 1.570796326794896558 ),
 .UNSPECIFIED. ) 
 CURVE ( )  GEOMETRIC_REPRESENTATION_ITEM ( )  RATIONAL_B_SPLINE_CURVE ( ( 1.000000000000000000, 0.8047378541243649375, 0.8047378541243649375, 1.000000000000000000 ) ) 
 REPRESENTATION_ITEM ( '' )  );
#5056 = EDGE_CURVE ( 'NONE', #4873, #6149, #7159, .T. ) ;
#5057 = CARTESIAN_POINT ( 'NONE',  ( 44.43618980201308233, 8.857378966353634198, 117.2378638842450300 ) ) ;
#5058 = ORIENTED_EDGE ( 'NONE', *, *, #6486, .F. ) ;
#5059 = ORIENTED_EDGE ( 'NONE', *, *, #4933, .F. ) ;
#5060 = VERTEX_POINT ( 'NONE', #980 ) ;
#5061 = CARTESIAN_POINT ( 'NONE',  ( -38.55978473957503638, 29.21997956991504353, 79.70489236978725955 ) ) ;
#5062 = CARTESIAN_POINT ( 'NONE',  ( -15.90000000000000391, 42.96779957901746627, 51.20702951416225090 ) ) ;
#5063 = DIRECTION ( 'NONE',  ( 0.000000000000000000, 0.000000000000000000, 1.000000000000000000 ) ) ;
#5064 = DIRECTION ( 'NONE',  ( -1.000000000000000000, 0.000000000000000000, 0.000000000000000000 ) ) ;
#5065 = CYLINDRICAL_SURFACE ( 'NONE', #843, 1.000000000000000888 ) ;
#5066 = ORIENTED_EDGE ( 'NONE', *, *, #3024, .T. ) ;
#5067 = ADVANCED_FACE ( 'NONE', ( #5547 ), #419, .T. ) ;
#5068 =( BOUNDED_SURFACE ( )  B_SPLINE_SURFACE ( 3, 2, ( 
 ( #3914, #6197, #6272 ),
 ( #3950, #4055, #2798 ),
 ( #7346, #2759, #6342 ),
 ( #1208, #2225, #3427 ),
 ( #4473, #4511, #6792 ),
 ( #6239, #5669, #2828 ),
 ( #7039, #6487, #2473 ),
 ( #4759, #229, #4201 ),
 ( #6523, #789, #1344 ),
 ( #1800, #5355, #649 ),
 ( #2519, #3567, #2437 ),
 ( #4126, #4096, #1902 ),
 ( #153, #4721, #3011 ),
 ( #3682, #4234, #6974 ),
 ( #3530, #4799, #5845 ),
 ( #2371, #7078, #3642 ) ),
 .UNSPECIFIED., .F., .F., .T. ) 
 B_SPLINE_SURFACE_WITH_KNOTS ( ( 4, 2, 2, 2, 2, 2, 2, 4 ),
 ( 3, 3 ),
 ( 1.570796326794896558, 1.963495408493620697, 2.159844949342982545, 2.356194490192344837, 2.552544031041707129, 2.748893571891068976, 2.945243112740430824, 3.141592653589793116 ),
 ( 0.000000000000000000, 1.000000000000000000 ),
 .UNSPECIFIED. ) 
 GEOMETRIC_REPRESENTATION_ITEM ( )  RATIONAL_B_SPLINE_SURFACE ( (
 ( 1.000000000000000000, 0.7071067811865547892, 1.000000000000000000),
 ( 1.000000000000000000, 0.6773869610892105930, 1.000000000000000000),
 ( 1.000000000000000000, 0.6456606031244001009, 1.000000000000000000),
 ( 1.000000000000000000, 0.5981842532353073283, 1.000000000000000000),
 ( 1.000000000000000000, 0.5823840501810279013, 1.000000000000000000),
 ( 1.000000000000000000, 0.5515351161658058610, 1.000000000000000000),
 ( 1.000000000000000000, 0.5364859329894881013, 1.000000000000000000),
 ( 1.000000000000000000, 0.5080048734113878917, 1.000000000000000000),
 ( 1.000000000000000000, 0.4945745683248020108, 1.000000000000000000),
 ( 1.000000000000000000, 0.4703519940425847090, 1.000000000000000000),
 ( 1.000000000000000000, 0.4595654631709183979, 1.000000000000000000),
 ( 1.000000000000000000, 0.4417021814927217793, 1.000000000000000000),
 ( 1.000000000000000000, 0.4346357343229104719, 1.000000000000000000),
 ( 1.000000000000000000, 0.4250890751293588954, 1.000000000000000000),
 ( 1.000000000000000000, 0.4226081090757212166, 1.000000000000000000),
 ( 1.000000000000000000, 0.4226182617407072684, 1.000000000000000000) ) ) 
 REPRESENTATION_ITEM ( '' )  SURFACE ( )  );
#5069 = EDGE_LOOP ( 'NONE', ( #4791, #3223, #974, #977, #6857 ) ) ;
#5070 = CARTESIAN_POINT ( 'NONE',  ( 15.40000000000000213, 17.00000000000000000, 88.49999999999998579 ) ) ;
#5071 = CARTESIAN_POINT ( 'NONE',  ( 15.40000000000001279, 0.4999999999999896194, 96.07462821482180004 ) ) ;
#5072 = DIRECTION ( 'NONE',  ( 0.000000000000000000, 1.000000000000000000, 2.041077998578920060E-17 ) ) ;
#5073 = FACE_OUTER_BOUND ( 'NONE', #6967, .T. ) ;
#5074 = LINE ( 'NONE', #2763, #1419 ) ;
#5075 = DIRECTION ( 'NONE',  ( 0.000000000000000000, 4.956352788505160310E-16, 1.000000000000000000 ) ) ;
#5076 = EDGE_CURVE ( 'NONE', #6432, #2932, #3872, .T. ) ;
#5077 = EDGE_CURVE ( 'NONE', #5060, #4950, #3099, .T. ) ;
#5078 = CYLINDRICAL_SURFACE ( 'NONE', #5305, 1.000000000000000888 ) ;
#5079 = CARTESIAN_POINT ( 'NONE',  ( 57.36745404150985195, 36.26087754277239128, 65.93017061498481723 ) ) ;
#5080 = DIRECTION ( 'NONE',  ( 0.000000000000000000, 0.000000000000000000, 1.000000000000000000 ) ) ;
#5081 = CARTESIAN_POINT ( 'NONE',  ( -43.39999999999999858, 0.9999999999999904521, 41.93697463530003944 ) ) ;
#5082 = ORIENTED_EDGE ( 'NONE', *, *, #5192, .F. ) ;
#5083 = CARTESIAN_POINT ( 'NONE',  ( 13.90000000000000213, 28.49999999999998224, 90.49999999999998579 ) ) ;
#5084 = EDGE_CURVE ( 'NONE', #1675, #2350, #3220, .T. ) ;
#5085 = ORIENTED_EDGE ( 'NONE', *, *, #6493, .T. ) ;
#5086 = VECTOR ( 'NONE', #2140, 1000.000000000000000 ) ;
#5087 = ORIENTED_EDGE ( 'NONE', *, *, #3178, .T. ) ;
#5088 = DIRECTION ( 'NONE',  ( 0.000000000000000000, 0.000000000000000000, -1.000000000000000000 ) ) ;
#5089 = LINE ( 'NONE', #523, #5369 ) ;
#5090 = ORIENTED_EDGE ( 'NONE', *, *, #1926, .F. ) ;
#5091 = CARTESIAN_POINT ( 'NONE',  ( -13.90000000000000213, 5.999999999999989342, 100.0746282148217858 ) ) ;
#5092 = VERTEX_POINT ( 'NONE', #1423 ) ;
#5093 = ORIENTED_EDGE ( 'NONE', *, *, #3352, .F. ) ;
#5094 = VERTEX_POINT ( 'NONE', #3235 ) ;
#5095 = DIRECTION ( 'NONE',  ( 0.000000000000000000, 0.7071067811865475727, -0.7071067811865475727 ) ) ;
#5096 = CARTESIAN_POINT ( 'NONE',  ( -48.90678037698604896, 11.50676790485368883, 75.74606041710052295 ) ) ;
#5097 = DIRECTION ( 'NONE',  ( 0.000000000000000000, -0.7071067811865475727, 0.7071067811865475727 ) ) ;
#5098 = AXIS2_PLACEMENT_3D ( 'NONE', #4991, #3158, #2102 ) ;
#5099 = LINE ( 'NONE', #115, #6951 ) ;
#5100 = ORIENTED_EDGE ( 'NONE', *, *, #4058, .T. ) ;
#5101 = ORIENTED_EDGE ( 'NONE', *, *, #1926, .T. ) ;
#5102 = EDGE_CURVE ( 'NONE', #7147, #1999, #382, .T. ) ;
#5103 = DIRECTION ( 'NONE',  ( -1.000000000000000000, -1.826024711554535885E-16, -3.727058863615381873E-33 ) ) ;
#5104 = DIRECTION ( 'NONE',  ( 0.000000000000000000, 0.000000000000000000, -1.000000000000000000 ) ) ;
#5105 = AXIS2_PLACEMENT_3D ( 'NONE', #3636, #5350, #2507 ) ;
#5106 = DIRECTION ( 'NONE',  ( -0.4145818008399674848, 0.7914528079802084504, 0.4491373767039801845 ) ) ;
#5107 = CARTESIAN_POINT ( 'NONE',  ( 48.39355398350434001, 12.05474179840698135, 74.53535031776979736 ) ) ;
#5108 = CARTESIAN_POINT ( 'NONE',  ( -45.33453837903012840, 29.56066017164898696, 63.42656699508349050 ) ) ;
#5109 = FACE_OUTER_BOUND ( 'NONE', #559, .T. ) ;
#5110 = FACE_OUTER_BOUND ( 'NONE', #5664, .T. ) ;
#5111 = DIRECTION ( 'NONE',  ( -0.8944271909999157444, -2.216548351113637205E-16, -0.4472135954999582608 ) ) ;
#5112 = DIRECTION ( 'NONE',  ( 0.7071067811865474617, -0.7071067811865474617, -3.066586833366745811E-16 ) ) ;
#5113 = DIRECTION ( 'NONE',  ( 0.000000000000000000, 0.000000000000000000, -1.000000000000000000 ) ) ;
#5114 = ORIENTED_EDGE ( 'NONE', *, *, #3297, .T. ) ;
#5115 = ADVANCED_FACE ( 'NONE', ( #4879 ), #6564, .F. ) ;
#5116 = CARTESIAN_POINT ( 'NONE',  ( -48.15339018849303443, 11.52480990511338277, 74.98001597398152285 ) ) ;
#5117 = AXIS2_PLACEMENT_3D ( 'NONE', #2335, #5179, #5633 ) ;
#5118 = DIRECTION ( 'NONE',  ( 6.842277657836020854E-49, 2.041077998578920060E-17, -1.000000000000000000 ) ) ;
#5119 = EDGE_CURVE ( 'NONE', #3556, #1249, #4321, .T. ) ;
#5120 = AXIS2_PLACEMENT_3D ( 'NONE', #239, #6950, #4133 ) ;
#5121 = VERTEX_POINT ( 'NONE', #3196 ) ;
#5122 = ORIENTED_EDGE ( 'NONE', *, *, #7108, .F. ) ;
#5123 = CARTESIAN_POINT ( 'NONE',  ( -43.39999999999999858, 0.9999999999999986677, 6.000000000000000000 ) ) ;
#5124 = LINE ( 'NONE', #1711, #2996 ) ;
#5125 = VERTEX_POINT ( 'NONE', #5467 ) ;
#5126 = ADVANCED_FACE ( 'NONE', ( #2633 ), #6073, .T. ) ;
#5127 = CARTESIAN_POINT ( 'NONE',  ( 43.09817137822661692, 5.698171378207421256, 117.9428580837904406 ) ) ;
#5128 = AXIS2_PLACEMENT_3D ( 'NONE', #5659, #5095, #5829 ) ;
#5129 = ORIENTED_EDGE ( 'NONE', *, *, #5231, .F. ) ;
#5130 = ORIENTED_EDGE ( 'NONE', *, *, #2972, .T. ) ;
#5131 = ORIENTED_EDGE ( 'NONE', *, *, #1029, .T. ) ;
#5132 = CARTESIAN_POINT ( 'NONE',  ( 28.40296816629087928, 22.07699040570500770, 88.49999999999998579 ) ) ;
#5133 = AXIS2_PLACEMENT_3D ( 'NONE', #6011, #4173, #164 ) ;
#5134 = DIRECTION ( 'NONE',  ( 0.4472135954999582608, -5.171946152598484018E-16, -0.8944271909999156334 ) ) ;
#5135 = CARTESIAN_POINT ( 'NONE',  ( -37.39999999999997726, 1.414213562373080935, 117.9142135623730780 ) ) ;
#5136 = CARTESIAN_POINT ( 'NONE',  ( -29.40000000000000213, 21.99999999999998224, 88.49999999999998579 ) ) ;
#5137 = CARTESIAN_POINT ( 'NONE',  ( -49.39999999999999858, 24.47877842265915405, 65.41575305795913664 ) ) ;
#5138 = VERTEX_POINT ( 'NONE', #2067 ) ;
#5139 = ORIENTED_EDGE ( 'NONE', *, *, #4091, .T. ) ;
#5140 = AXIS2_PLACEMENT_3D ( 'NONE', #6265, #5695, #4685 ) ;
#5141 = DIRECTION ( 'NONE',  ( 0.000000000000000000, -2.041077998578920060E-17, 1.000000000000000000 ) ) ;
#5142 = CARTESIAN_POINT ( 'NONE',  ( 32.00000000000000000, 29.19999999999999929, 1.700000000000000178 ) ) ;
#5143 = AXIS2_PLACEMENT_3D ( 'NONE', #6895, #3870, #6822 ) ;
#5144 = CARTESIAN_POINT ( 'NONE',  ( -49.00898811831866908, 9.999999999999994671, 2.041460607353109413 ) ) ;
#5145 = DIRECTION ( 'NONE',  ( 1.000000000000000000, -0.000000000000000000, -0.000000000000000000 ) ) ;
#5146 = AXIS2_PLACEMENT_3D ( 'NONE', #6425, #3140, #1289 ) ;
#5147 = DIRECTION ( 'NONE',  ( 1.000000000000000000, 0.000000000000000000, 0.000000000000000000 ) ) ;
#5148 = VECTOR ( 'NONE', #1241, 1000.000000000000000 ) ;
#5149 = ADVANCED_FACE ( 'NONE', ( #3385 ), #531, .T. ) ;
#5150 = CARTESIAN_POINT ( 'NONE',  ( 31.39999999999999858, 13.72915026221279966, 2.229150262212904909 ) ) ;
#5151 = LINE ( 'NONE', #2308, #929 ) ;
#5152 = DIRECTION ( 'NONE',  ( 0.000000000000000000, 9.829967624376075018E-17, -1.000000000000000000 ) ) ;
#5153 = CARTESIAN_POINT ( 'NONE',  ( 47.89999999999999858, 29.56066017177980143, 63.42656699521430141 ) ) ;
#5154 = AXIS2_PLACEMENT_3D ( 'NONE', #4556, #3957, #5749 ) ;
#5155 = ORIENTED_EDGE ( 'NONE', *, *, #685, .F. ) ;
#5156 = CARTESIAN_POINT ( 'NONE',  ( -48.39999999999998437, 12.18563951505962706, 74.42551409200461876 ) ) ;
#5157 = CARTESIAN_POINT ( 'NONE',  ( 31.39999999999999858, 21.99999999999998579, 10.50000000000000533 ) ) ;
#5158 = CIRCLE ( 'NONE', #4790, 0.7999999999999986011 ) ;
#5159 = VERTEX_POINT ( 'NONE', #1645 ) ;
#5160 = EDGE_CURVE ( 'NONE', #2660, #1194, #2254, .T. ) ;
#5161 = ORIENTED_EDGE ( 'NONE', *, *, #6707, .T. ) ;
#5162 = ADVANCED_FACE ( 'NONE', ( #7307 ), #5693, .T. ) ;
#5163 = LINE ( 'NONE', #34, #4631 ) ;
#5164 = DIRECTION ( 'NONE',  ( 1.000000000000000000, -0.000000000000000000, -0.000000000000000000 ) ) ;
#5165 = ORIENTED_EDGE ( 'NONE', *, *, #3605, .T. ) ;
#5166 = CARTESIAN_POINT ( 'NONE',  ( -28.39999999999999858, 29.17157287525379417, 88.49999999999997158 ) ) ;
#5167 = ORIENTED_EDGE ( 'NONE', *, *, #2357, .F. ) ;
#5168 = EDGE_CURVE ( 'NONE', #3010, #4682, #2821, .T. ) ;
#5169 = VERTEX_POINT ( 'NONE', #1850 ) ;
#5170 = CIRCLE ( 'NONE', #1924, 0.8000000000000001554 ) ;
#5171 = EDGE_CURVE ( 'NONE', #1218, #7025, #6228, .T. ) ;
#5172 = VERTEX_POINT ( 'NONE', #6428 ) ;
#5173 = CARTESIAN_POINT ( 'NONE',  ( -39.15000000001634817, 28.13090116331780166, 78.49999999999998579 ) ) ;
#5174 = CARTESIAN_POINT ( 'NONE',  ( -38.14999999999999858, 29.99999999999998579, 79.49999999999998579 ) ) ;
#5175 = DIRECTION ( 'NONE',  ( -0.000000000000000000, -0.000000000000000000, -1.000000000000000000 ) ) ;
#5176 = EDGE_LOOP ( 'NONE', ( #6518, #6563, #2487, #7288, #7100, #455, #6107, #99, #6618, #4990, #2888, #415 ) ) ;
#5177 = EDGE_LOOP ( 'NONE', ( #3027, #933, #5295, #5998, #2572, #2537 ) ) ;
#5178 = FACE_OUTER_BOUND ( 'NONE', #4750, .T. ) ;
#5179 = DIRECTION ( 'NONE',  ( -0.000000000000000000, -1.000000000000000000, -0.000000000000000000 ) ) ;
#5180 = DIRECTION ( 'NONE',  ( 0.000000000000000000, -2.282530889443168501E-16, 1.000000000000000000 ) ) ;
#5181 = PLANE ( 'NONE',  #4487 ) ;
#5182 = AXIS2_PLACEMENT_3D ( 'NONE', #426, #5632, #573 ) ;
#5183 = DIRECTION ( 'NONE',  ( 1.000000000000000000, -0.000000000000000000, -0.000000000000000000 ) ) ;
#5184 = DIRECTION ( 'NONE',  ( 1.000000000000000000, 0.000000000000000000, 0.000000000000000000 ) ) ;
#5185 = CARTESIAN_POINT ( 'NONE',  ( -39.39999999999999858, 29.99999999999998579, 108.5000000000000000 ) ) ;
#5186 = FACE_OUTER_BOUND ( 'NONE', #3228, .T. ) ;
#5187 = DIRECTION ( 'NONE',  ( -0.000000000000000000, -0.7071067811865480168, 0.7071067811865470176 ) ) ;
#5188 = FACE_OUTER_BOUND ( 'NONE', #254, .T. ) ;
#5189 = CARTESIAN_POINT ( 'NONE',  ( -13.90000000000000213, 15.50000000000000178, 89.99999999999998579 ) ) ;
#5190 = VERTEX_POINT ( 'NONE', #2178 ) ;
#5191 = ORIENTED_EDGE ( 'NONE', *, *, #6208, .F. ) ;
#5192 = EDGE_CURVE ( 'NONE', #4050, #5169, #341, .T. ) ;
#5193 = CARTESIAN_POINT ( 'NONE',  ( 49.39999999999999858, -1.055039092276781046E-14, 84.65047971475041777 ) ) ;
#5194 = LINE ( 'NONE', #3549, #6457 ) ;
#5195 = VERTEX_POINT ( 'NONE', #6785 ) ;
#5196 = DIRECTION ( 'NONE',  ( 0.000000000000000000, -1.000000000000000000, -0.000000000000000000 ) ) ;
#5197 = AXIS2_PLACEMENT_3D ( 'NONE', #939, #3236, #4393 ) ;
#5198 = VERTEX_POINT ( 'NONE', #4498 ) ;
#5199 = ORIENTED_EDGE ( 'NONE', *, *, #4803, .T. ) ;
#5200 = VERTEX_POINT ( 'NONE', #4465 ) ;
#5201 = VECTOR ( 'NONE', #4245, 1000.000000000000000 ) ;
#5202 = DIRECTION ( 'NONE',  ( 0.7071067811865475727, 0.7071067811865475727, 1.743402935119549211E-16 ) ) ;
#5203 = CARTESIAN_POINT ( 'NONE',  ( -48.39999999999999858, -4.931088151054253990E-16, 1.999999999999999556 ) ) ;
#5204 = CARTESIAN_POINT ( 'NONE',  ( -14.48578643762691520, 1.414213562373081157, 108.5000000000000000 ) ) ;
#5205 = EDGE_CURVE ( 'NONE', #4001, #1269, #5608, .T. ) ;
#5206 = CARTESIAN_POINT ( 'NONE',  ( -13.90000000000000213, 1.999999999999999556, 1.965993524875214511E-16 ) ) ;
#5207 = VERTEX_POINT ( 'NONE', #1292 ) ;
#5208 = VECTOR ( 'NONE', #4807, 1000.000000000000000 ) ;
#5209 = ORIENTED_EDGE ( 'NONE', *, *, #3657, .T. ) ;
#5210 = FACE_OUTER_BOUND ( 'NONE', #6137, .T. ) ;
#5211 = DIRECTION ( 'NONE',  ( 0.000000000000000000, 0.000000000000000000, 1.000000000000000000 ) ) ;
#5212 = EDGE_CURVE ( 'NONE', #3110, #2807, #5726, .T. ) ;
#5213 = CIRCLE ( 'NONE', #1855, 9.999999999999994671 ) ;
#5214 = AXIS2_PLACEMENT_3D ( 'NONE', #1520, #2126, #2089 ) ;
#5215 = CARTESIAN_POINT ( 'NONE',  ( -37.39999999999996305, -1.062038759100783552E-14, 85.36255396478607338 ) ) ;
#5216 = CARTESIAN_POINT ( 'NONE',  ( 38.14999999999999858, 26.99999999999998579, 10.50000000000000355 ) ) ;
#5217 = AXIS2_PLACEMENT_3D ( 'NONE', #1880, #4143, #5372 ) ;
#5218 = CIRCLE ( 'NONE', #3552, 1.000000000000000888 ) ;
#5219 = CARTESIAN_POINT ( 'NONE',  ( -47.39666842238075617, 11.22576186264522669, 114.6454672013501863 ) ) ;
#5220 = DIRECTION ( 'NONE',  ( 0.000000000000000000, 0.7660444431189792347, -0.6427876096865379196 ) ) ;
#5221 = CARTESIAN_POINT ( 'NONE',  ( -47.39999999999999858, -0.5000000000000006661, 1.499999999999999112 ) ) ;
#5222 = CARTESIAN_POINT ( 'NONE',  ( -39.14999999999999858, 27.99999999999998224, 78.49999999999998579 ) ) ;
#5223 = FACE_OUTER_BOUND ( 'NONE', #3406, .T. ) ;
#5224 = EDGE_LOOP ( 'NONE', ( #3966, #853, #3000, #1295 ) ) ;
#5225 = EDGE_LOOP ( 'NONE', ( #5496, #3188, #2546, #6927, #1122 ) ) ;
#5226 = PLANE ( 'NONE',  #4509 ) ;
#5227 = CARTESIAN_POINT ( 'NONE',  ( 47.98578643762691343, 13.41421356237308693, 116.4999999999999858 ) ) ;
#5228 = ORIENTED_EDGE ( 'NONE', *, *, #4210, .T. ) ;
#5229 = CARTESIAN_POINT ( 'NONE',  ( -43.39999999999999858, 28.89999999999998082, 2.500000000000000000 ) ) ;
#5230 = VECTOR ( 'NONE', #3204, 1000.000000000000000 ) ;
#5231 = EDGE_CURVE ( 'NONE', #2134, #2128, #1607, .T. ) ;
#5232 = ORIENTED_EDGE ( 'NONE', *, *, #3442, .F. ) ;
#5233 = EDGE_LOOP ( 'NONE', ( #3659, #3296, #4150, #3974 ) ) ;
#5234 = ORIENTED_EDGE ( 'NONE', *, *, #38, .F. ) ;
#5235 = CARTESIAN_POINT ( 'NONE',  ( 49.39010207307234879, 12.62967808211421250, 75.27494347174902600 ) ) ;
#5236 = FACE_OUTER_BOUND ( 'NONE', #3179, .T. ) ;
#5237 = DIRECTION ( 'NONE',  ( -1.000000000000000000, 0.000000000000000000, 0.000000000000000000 ) ) ;
#5238 =( NAMED_UNIT ( * ) PLANE_ANGLE_UNIT ( ) SI_UNIT ( $, .RADIAN. ) );
#5239 = ORIENTED_EDGE ( 'NONE', *, *, #5766, .F. ) ;
#5240 = ORIENTED_EDGE ( 'NONE', *, *, #2697, .F. ) ;
#5241 = EDGE_CURVE ( 'NONE', #6510, #4413, #7282, .T. ) ;
#5242 = VECTOR ( 'NONE', #3925, 1000.000000000000000 ) ;
#5243 = ADVANCED_FACE ( 'NONE', ( #5621 ), #500, .T. ) ;
#5244 = DIRECTION ( 'NONE',  ( 0.000000000000000000, 0.000000000000000000, -1.000000000000000000 ) ) ;
#5245 = FACE_OUTER_BOUND ( 'NONE', #3211, .T. ) ;
#5246 = CARTESIAN_POINT ( 'NONE',  ( 31.39999999999998437, 29.53729350067549930, 2.229150262212904465 ) ) ;
#5247 = DIRECTION ( 'NONE',  ( -0.000000000000000000, -1.000000000000000000, 0.000000000000000000 ) ) ;
#5248 = CARTESIAN_POINT ( 'NONE',  ( 15.40000000000000213, 0.000000000000000000, 89.99999999999998579 ) ) ;
#5249 = AXIS2_PLACEMENT_3D ( 'NONE', #4564, #1706, #3506 ) ;
#5250 = ADVANCED_FACE ( 'NONE', ( #2215 ), #4709, .F. ) ;
#5251 = LINE ( 'NONE', #129, #67 ) ;
#5252 = FACE_OUTER_BOUND ( 'NONE', #1225, .T. ) ;
#5253 = DIRECTION ( 'NONE',  ( 0.000000000000000000, -9.829967624376073786E-17, 1.000000000000000000 ) ) ;
#5254 = EDGE_CURVE ( 'NONE', #3487, #5873, #937, .T. ) ;
#5255 =( BOUNDED_CURVE ( )  B_SPLINE_CURVE ( 3, ( #6547, #4220, #884, #5903 ),
 .UNSPECIFIED., .F., .F. ) 
 B_SPLINE_CURVE_WITH_KNOTS ( ( 4, 4 ),
 ( 3.141592653589793116, 4.712388980384689674 ),
 .UNSPECIFIED. ) 
 CURVE ( )  GEOMETRIC_REPRESENTATION_ITEM ( )  RATIONAL_B_SPLINE_CURVE ( ( 1.000000000000000000, 0.8047378541243649375, 0.8047378541243649375, 1.000000000000000000 ) ) 
 REPRESENTATION_ITEM ( '' )  );
#5256 = VECTOR ( 'NONE', #4895, 1000.000000000000000 ) ;
#5257 = VECTOR ( 'NONE', #2595, 1000.000000000000000 ) ;
#5258 = DIRECTION ( 'NONE',  ( 0.000000000000000000, 4.956352788505160310E-16, 1.000000000000000000 ) ) ;
#5259 = CARTESIAN_POINT ( 'NONE',  ( -15.90000000000000391, 15.50000000000000178, 73.60254636550102703 ) ) ;
#5260 = VECTOR ( 'NONE', #7001, 1000.000000000000000 ) ;
#5261 = AXIS2_PLACEMENT_3D ( 'NONE', #4559, #1145, #3438 ) ;
#5262 = ORIENTED_EDGE ( 'NONE', *, *, #5876, .T. ) ;
#5263 = ORIENTED_EDGE ( 'NONE', *, *, #354, .F. ) ;
#5264 = DIRECTION ( 'NONE',  ( 0.000000000000000000, 0.7071067811865487940, 0.7071067811865463515 ) ) ;
#5265 = LINE ( 'NONE', #1220, #7131 ) ;
#5266 = DIRECTION ( 'NONE',  ( 0.7071067811865451302, 0.7071067811865500152, 6.950836766040563788E-17 ) ) ;
#5267 = VERTEX_POINT ( 'NONE', #2295 ) ;
#5268 = CARTESIAN_POINT ( 'NONE',  ( 47.39999999999999858, -4.931088151054254976E-16, 2.000000000000000000 ) ) ;
#5269 = CIRCLE ( 'NONE', #969, 2.000000000000001776 ) ;
#5270 = DIRECTION ( 'NONE',  ( -0.000000000000000000, 1.000000000000000000, -4.956352788505160310E-16 ) ) ;
#5271 = ORIENTED_EDGE ( 'NONE', *, *, #2203, .T. ) ;
#5272 = VERTEX_POINT ( 'NONE', #4578 ) ;
#5273 = ORIENTED_EDGE ( 'NONE', *, *, #1530, .F. ) ;
#5274 = ADVANCED_FACE ( 'NONE', ( #1720 ), #6296, .T. ) ;
#5275 = CARTESIAN_POINT ( 'NONE',  ( -43.39999999999999858, 0.9999999999999906741, 40.93697463530003233 ) ) ;
#5276 = DIRECTION ( 'NONE',  ( 0.7071067811865493491, -0.7071067811865456854, -0.000000000000000000 ) ) ;
#5277 = PLANE ( 'NONE',  #4179 ) ;
#5278 = ORIENTED_EDGE ( 'NONE', *, *, #1980, .F. ) ;
#5279 = ORIENTED_EDGE ( 'NONE', *, *, #1718, .T. ) ;
#5280 = EDGE_CURVE ( 'NONE', #6937, #2810, #2458, .T. ) ;
#5281 = CARTESIAN_POINT ( 'NONE',  ( 38.14999999999999858, 22.99999999999998224, 78.49999999999998579 ) ) ;
#5282 = ORIENTED_EDGE ( 'NONE', *, *, #4649, .T. ) ;
#5283 = CARTESIAN_POINT ( 'NONE',  ( 13.90000000000000213, 2.828427124746181853, 108.5000000000000000 ) ) ;
#5284 = CARTESIAN_POINT ( 'NONE',  ( -8.062257748298550908, -1.069038425924786688E-14, 96.07462821482180004 ) ) ;
#5285 = DIRECTION ( 'NONE',  ( 0.000000000000000000, -2.282530889443168501E-16, 1.000000000000000000 ) ) ;
#5286 = EDGE_CURVE ( 'NONE', #4703, #1979, #6586, .T. ) ;
#5287 = LINE ( 'NONE', #5886, #1089 ) ;
#5288 = LINE ( 'NONE', #159, #1123 ) ;
#5289 = DIRECTION ( 'NONE',  ( 1.000000000000000000, 0.000000000000000000, 0.000000000000000000 ) ) ;
#5290 = B_SPLINE_CURVE_WITH_KNOTS ( 'NONE', 3,
 ( #5346, #7103, #855, #3711 ),
 .UNSPECIFIED., .F., .F.,
 ( 4, 4 ),
 ( 0.000000000000000000, 1.000000000000000000 ),
 .UNSPECIFIED. ) ;
#5291 = LINE ( 'NONE', #6496, #604 ) ;
#5292 = CARTESIAN_POINT ( 'NONE',  ( -15.40000000000000213, 28.49999999999998224, 90.49999999999998579 ) ) ;
#5293 = CYLINDRICAL_SURFACE ( 'NONE', #5133, 9.999999999999994671 ) ;
#5294 = EDGE_CURVE ( 'NONE', #1368, #665, #774, .T. ) ;
#5295 = ORIENTED_EDGE ( 'NONE', *, *, #4756, .T. ) ;
#5296 =( BOUNDED_CURVE ( )  B_SPLINE_CURVE ( 3, ( #1288, #5865, #739, #2454 ),
 .UNSPECIFIED., .F., .F. ) 
 B_SPLINE_CURVE_WITH_KNOTS ( ( 4, 4 ),
 ( 0.000000000000000000, 1.570796326794896114 ),
 .UNSPECIFIED. ) 
 CURVE ( )  GEOMETRIC_REPRESENTATION_ITEM ( )  RATIONAL_B_SPLINE_CURVE ( ( 1.000000000000000000, 0.8047378541243650485, 0.8047378541243650485, 1.000000000000000000 ) ) 
 REPRESENTATION_ITEM ( '' )  );
#5297 = ORIENTED_EDGE ( 'NONE', *, *, #4062, .T. ) ;
#5298 = DIRECTION ( 'NONE',  ( -1.000000000000000000, 0.000000000000000000, 0.000000000000000000 ) ) ;
#5299 = CARTESIAN_POINT ( 'NONE',  ( -14.48578643762691698, 1.414213562373082267, 84.88796213622862297 ) ) ;
#5300 = CARTESIAN_POINT ( 'NONE',  ( -48.39999999999999858, 0.000000000000000000, 0.000000000000000000 ) ) ;
#5301 = ORIENTED_EDGE ( 'NONE', *, *, #6645, .T. ) ;
#5302 = CARTESIAN_POINT ( 'NONE',  ( 38.49811044480360778, 29.18653773056839640, 78.84811044480383657 ) ) ;
#5303 = EDGE_CURVE ( 'NONE', #1149, #6829, #2985, .T. ) ;
#5304 = DIRECTION ( 'NONE',  ( 0.000000000000000000, 0.7071067811865483499, 0.7071067811865467956 ) ) ;
#5305 = AXIS2_PLACEMENT_3D ( 'NONE', #7352, #2230, #6244 ) ;
#5306 = EDGE_LOOP ( 'NONE', ( #1046, #7217, #3231, #4953 ) ) ;
#5307 = EDGE_LOOP ( 'NONE', ( #1692, #629, #4572, #7142 ) ) ;
#5308 = FACE_OUTER_BOUND ( 'NONE', #1411, .T. ) ;
#5309 = ORIENTED_EDGE ( 'NONE', *, *, #5168, .T. ) ;
#5310 = CARTESIAN_POINT ( 'NONE',  ( 31.39999999999999858, 21.99999999999998579, 10.50000000000000533 ) ) ;
#5311 = DIRECTION ( 'NONE',  ( -0.000000000000000000, -0.7071067811865483499, -0.7071067811865467956 ) ) ;
#5312 = VECTOR ( 'NONE', #6676, 1000.000000000000114 ) ;
#5313 = CARTESIAN_POINT ( 'NONE',  ( -29.40000000000000213, 22.99999999999998224, 78.49999999999998579 ) ) ;
#5314 = ORIENTED_EDGE ( 'NONE', *, *, #7203, .F. ) ;
#5315 = EDGE_CURVE ( 'NONE', #1746, #7075, #4054, .T. ) ;
#5316 = ORIENTED_EDGE ( 'NONE', *, *, #6721, .T. ) ;
#5317 = AXIS2_PLACEMENT_3D ( 'NONE', #949, #6083, #5595 ) ;
#5318 = DIRECTION ( 'NONE',  ( 0.000000000000000000, -2.041077998578920060E-17, 1.000000000000000000 ) ) ;
#5319 = ORIENTED_EDGE ( 'NONE', *, *, #299, .T. ) ;
#5320 = DIRECTION ( 'NONE',  ( -1.000000000000000000, 0.000000000000000000, 0.000000000000000000 ) ) ;
#5321 = CARTESIAN_POINT ( 'NONE',  ( 39.14999999999999858, 21.99999999999998224, 78.49999999999998579 ) ) ;
#5322 = FACE_OUTER_BOUND ( 'NONE', #3479, .T. ) ;
#5323 = CARTESIAN_POINT ( 'NONE',  ( 32.00000000000000000, 29.19999999999999929, 0.7999999999999952704 ) ) ;
#5324 = EDGE_CURVE ( 'NONE', #5607, #2316, #5255, .T. ) ;
#5325 = CARTESIAN_POINT ( 'NONE',  ( 43.39999999999999858, 17.00000000000000000, 70.38578598473668535 ) ) ;
#5326 = CARTESIAN_POINT ( 'NONE',  ( -15.90000000000000391, 15.50000000000000178, 72.10254636550102703 ) ) ;
#5327 = CARTESIAN_POINT ( 'NONE',  ( 31.39999999999999858, 21.99999999999998579, 10.50000000000000533 ) ) ;
#5328 = CARTESIAN_POINT ( 'NONE',  ( 39.79462596732586377, 27.64462596732587940, 3.033533963886493989 ) ) ;
#5329 = DIRECTION ( 'NONE',  ( -0.7071067811865530128, -0.4999999999999952260, 0.4999999999999969469 ) ) ;
#5330 = AXIS2_PLACEMENT_3D ( 'NONE', #3624, #771, #3097 ) ;
#5331 = AXIS2_PLACEMENT_3D ( 'NONE', #1904, #2521, #4801 ) ;
#5332 = VERTEX_POINT ( 'NONE', #4295 ) ;
#5333 = EDGE_LOOP ( 'NONE', ( #6524, #1827, #7076, #5584, #5985 ) ) ;
#5334 = PLANE ( 'NONE',  #2586 ) ;
#5335 = EDGE_CURVE ( 'NONE', #3669, #4682, #5340, .T. ) ;
#5336 = DIRECTION ( 'NONE',  ( -1.000000000000000000, -0.000000000000000000, -0.000000000000000000 ) ) ;
#5337 = CARTESIAN_POINT ( 'NONE',  ( 47.39999999999999858, -4.931088151054254976E-16, 2.000000000000000000 ) ) ;
#5338 = ORIENTED_EDGE ( 'NONE', *, *, #286, .T. ) ;
#5339 = ADVANCED_FACE ( 'NONE', ( #3746 ), #4821, .T. ) ;
#5340 = LINE ( 'NONE', #6507, #2138 ) ;
#5341 = CARTESIAN_POINT ( 'NONE',  ( 13.90000000000000213, 27.99999999999998224, 88.49999999999998579 ) ) ;
#5342 = ORIENTED_EDGE ( 'NONE', *, *, #6436, .T. ) ;
#5343 = VERTEX_POINT ( 'NONE', #3963 ) ;
#5344 = EDGE_CURVE ( 'NONE', #524, #2884, #5489, .T. ) ;
#5345 = CARTESIAN_POINT ( 'NONE',  ( -13.90000000000000213, 15.49999999999999645, 74.25525001016717397 ) ) ;
#5346 = CARTESIAN_POINT ( 'NONE',  ( -48.39999999999998437, 12.18563951505962528, 74.42551409200461876 ) ) ;
#5347 = ORIENTED_EDGE ( 'NONE', *, *, #4071, .F. ) ;
#5348 = CARTESIAN_POINT ( 'NONE',  ( 49.37998855824660183, 12.54573817863937357, 75.31015814426675092 ) ) ;
#5349 = ADVANCED_FACE ( 'NONE', ( #2774 ), #5605, .T. ) ;
#5350 = DIRECTION ( 'NONE',  ( 0.000000000000000000, -0.7071067811865482389, -0.7071067811865467956 ) ) ;
#5351 = LINE ( 'NONE', #1859, #3471 ) ;
#5352 = ORIENTED_EDGE ( 'NONE', *, *, #7203, .T. ) ;
#5353 = ORIENTED_EDGE ( 'NONE', *, *, #4284, .T. ) ;
#5354 = ORIENTED_EDGE ( 'NONE', *, *, #5380, .F. ) ;
#5355 = CARTESIAN_POINT ( 'NONE',  ( 13.94771934141814285, 17.00000000000000000, 71.43818896463032786 ) ) ;
#5356 = ORIENTED_EDGE ( 'NONE', *, *, #4342, .F. ) ;
#5357 = DIRECTION ( 'NONE',  ( -0.000000000000000000, 1.000000000000000000, -0.000000000000000000 ) ) ;
#5358 = CARTESIAN_POINT ( 'NONE',  ( -15.40000000000000213, 27.99999999999998224, 89.99999999999998579 ) ) ;
#5359 = FACE_OUTER_BOUND ( 'NONE', #601, .T. ) ;
#5360 = LINE ( 'NONE', #1988, #5040 ) ;
#5361 = LINE ( 'NONE', #946, #2581 ) ;
#5362 = CYLINDRICAL_SURFACE ( 'NONE', #2853, 1.000000000000000888 ) ;
#5363 = CARTESIAN_POINT ( 'NONE',  ( 44.04906666467846321, 15.50000000000000178, 72.10254636550102703 ) ) ;
#5364 = EDGE_CURVE ( 'NONE', #6751, #5656, #962, .T. ) ;
#5365 = CARTESIAN_POINT ( 'NONE',  ( 15.90000000000000391, 17.00000000000000000, 73.60254636550102703 ) ) ;
#5366 = CIRCLE ( 'NONE', #5731, 0.7999999999999999334 ) ;
#5367 = ORIENTED_EDGE ( 'NONE', *, *, #3634, .T. ) ;
#5368 = EDGE_LOOP ( 'NONE', ( #1531, #6744, #6304, #3639 ) ) ;
#5369 = VECTOR ( 'NONE', #7364, 1000.000000000000000 ) ;
#5370 = CARTESIAN_POINT ( 'NONE',  ( 30.39999999999999503, 4.000000000000000000, -1.632862398863137281E-17 ) ) ;
#5371 = VECTOR ( 'NONE', #6826, 1000.000000000000000 ) ;
#5372 = DIRECTION ( 'NONE',  ( -0.000000000000000000, -0.7071067811865483499, -0.7071067811865467956 ) ) ;
#5373 = DIRECTION ( 'NONE',  ( -0.000000000000000000, -0.000000000000000000, 1.000000000000000000 ) ) ;
#5374 = ORIENTED_EDGE ( 'NONE', *, *, #152, .F. ) ;
#5375 = VECTOR ( 'NONE', #7115, 1000.000000000000000 ) ;
#5376 = CARTESIAN_POINT ( 'NONE',  ( 38.41433681121478116, 29.00230136216333321, 79.63216840560762932 ) ) ;
#5377 = VECTOR ( 'NONE', #3846, 1000.000000000000000 ) ;
#5378 = CARTESIAN_POINT ( 'NONE',  ( -32.00000000000000000, 28.89999999999998082, 2.500000000000000000 ) ) ;
#5379 = TOROIDAL_SURFACE ( 'NONE', #6346, 8.500000000000000000, 1.500000000000000000 ) ;
#5380 = EDGE_CURVE ( 'NONE', #2202, #1153, #3210, .T. ) ;
#5381 = EDGE_LOOP ( 'NONE', ( #2730, #4987, #7139, #1099 ) ) ;
#5382 = EDGE_CURVE ( 'NONE', #6670, #5842, #1626, .T. ) ;
#5383 = ORIENTED_EDGE ( 'NONE', *, *, #5942, .F. ) ;
#5384 = LINE ( 'NONE', #1728, #3277 ) ;
#5385 = CARTESIAN_POINT ( 'NONE',  ( 45.40000000000000568, 28.49999999999997868, 64.48722716699411706 ) ) ;
#5386 = VECTOR ( 'NONE', #6719, 1000.000000000000000 ) ;
#5387 = ORIENTED_EDGE ( 'NONE', *, *, #2802, .F. ) ;
#5388 = DIRECTION ( 'NONE',  ( 0.000000000000000000, 0.000000000000000000, -1.000000000000000000 ) ) ;
#5389 = CARTESIAN_POINT ( 'NONE',  ( -15.90000000000000391, 2.828427124746180077, 84.88796213622862297 ) ) ;
#5390 = CARTESIAN_POINT ( 'NONE',  ( -49.39999999999999858, 29.99999999999998579, 84.55267969074972711 ) ) ;
#5391 = EDGE_CURVE ( 'NONE', #2514, #520, #3461, .T. ) ;
#5392 = ORIENTED_EDGE ( 'NONE', *, *, #4725, .T. ) ;
#5393 = EDGE_CURVE ( 'NONE', #2128, #6660, #5530, .T. ) ;
#5394 = ORIENTED_EDGE ( 'NONE', *, *, #6955, .F. ) ;
#5395 = FACE_OUTER_BOUND ( 'NONE', #5021, .T. ) ;
#5396 = ORIENTED_EDGE ( 'NONE', *, *, #2289, .T. ) ;
#5397 = DIRECTION ( 'NONE',  ( 0.000000000000000000, 0.000000000000000000, -1.000000000000000000 ) ) ;
#5398 = CARTESIAN_POINT ( 'NONE',  ( -31.39999999999999858, 22.99999999999998579, 10.50000000000000533 ) ) ;
#5399 = CARTESIAN_POINT ( 'NONE',  ( -44.90000000004625491, 29.12612180282466667, 62.99202862625916310 ) ) ;
#5400 = CARTESIAN_POINT ( 'NONE',  ( 35.98578643762686369, -1.368118845532693358E-14, 116.4999999999999716 ) ) ;
#5401 = EDGE_CURVE ( 'NONE', #1329, #7093, #6805, .T. ) ;
#5402 = LINE ( 'NONE', #238, #1374 ) ;
#5403 = DIRECTION ( 'NONE',  ( 0.000000000000000000, 1.000000000000000000, 2.041077998578920060E-17 ) ) ;
#5404 = CARTESIAN_POINT ( 'NONE',  ( -28.44535901330057825, 22.62595522202898479, 87.84576920793804788 ) ) ;
#5405 = CARTESIAN_POINT ( 'NONE',  ( 44.39999999999999147, 14.53581858547019934, 72.45347970082255529 ) ) ;
#5406 = CARTESIAN_POINT ( 'NONE',  ( -43.39999999999999858, 0.000000000000000000, 0.000000000000000000 ) ) ;
#5407 = ORIENTED_EDGE ( 'NONE', *, *, #3666, .F. ) ;
#5408 = ORIENTED_EDGE ( 'NONE', *, *, #2694, .F. ) ;
#5409 = CARTESIAN_POINT ( 'NONE',  ( -31.39999999999998437, 29.53729350067549930, 2.229150262212904465 ) ) ;
#5410 = LINE ( 'NONE', #918, #5696 ) ;
#5411 = CARTESIAN_POINT ( 'NONE',  ( -49.39999999999999858, 0.9999999999999904521, 41.93697463530004654 ) ) ;
#5412 = ORIENTED_EDGE ( 'NONE', *, *, #2686, .T. ) ;
#5413 = CARTESIAN_POINT ( 'NONE',  ( -7.579247417233755613, 8.320752582766195005, 107.8953807975879897 ) ) ;
#5414 = CARTESIAN_POINT ( 'NONE',  ( 49.39999999999999858, 1.000000000000000444, 2.000000000000000000 ) ) ;
#5415 = VERTEX_POINT ( 'NONE', #5083 ) ;
#5416 = EDGE_CURVE ( 'NONE', #2621, #5138, #1665, .T. ) ;
#5417 = ORIENTED_EDGE ( 'NONE', *, *, #87, .F. ) ;
#5418 = FACE_OUTER_BOUND ( 'NONE', #118, .T. ) ;
#5419 = LINE ( 'NONE', #5805, #5953 ) ;
#5420 = VERTEX_POINT ( 'NONE', #4453 ) ;
#5421 = FACE_OUTER_BOUND ( 'NONE', #3493, .T. ) ;
#5422 = ADVANCED_FACE ( 'NONE', ( #4411 ), #6134, .T. ) ;
#5423 = DIRECTION ( 'NONE',  ( 1.000000000000000000, 0.000000000000000000, 0.000000000000000000 ) ) ;
#5424 = ORIENTED_EDGE ( 'NONE', *, *, #1256, .T. ) ;
#5425 = ORIENTED_EDGE ( 'NONE', *, *, #128, .F. ) ;
#5426 = EDGE_CURVE ( 'NONE', #6813, #7027, #1001, .T. ) ;
#5427 = DIRECTION ( 'NONE',  ( -0.000000000000000000, 1.000000000000000000, -0.000000000000000000 ) ) ;
#5428 = ORIENTED_EDGE ( 'NONE', *, *, #775, .T. ) ;
#5429 = DIRECTION ( 'NONE',  ( 0.000000000000000000, 0.000000000000000000, 1.000000000000000000 ) ) ;
#5430 = DIRECTION ( 'NONE',  ( 0.000000000000000000, 0.7071067811865499042, -0.7071067811865451302 ) ) ;
#5431 = EDGE_CURVE ( 'NONE', #1496, #3965, #4938, .T. ) ;
#5432 = DIRECTION ( 'NONE',  ( -0.5773502691896258421, -0.5773502691896238437, -0.5773502691896277295 ) ) ;
#5433 = CARTESIAN_POINT ( 'NONE',  ( 43.06862915010151482, 30.00000000000000000, 2.168629150101524239 ) ) ;
#5434 = CARTESIAN_POINT ( 'NONE',  ( -23.90000000000000568, 29.99999999999998579, 117.0000000000000000 ) ) ;
#5435 = DIRECTION ( 'NONE',  ( 3.727058863615381873E-33, 0.000000000000000000, -1.000000000000000000 ) ) ;
#5436 = CARTESIAN_POINT ( 'NONE',  ( -42.39999999999998437, 0.000000000000000000, 9.500000000000005329 ) ) ;
#5437 = EDGE_CURVE ( 'NONE', #2992, #1709, #2084, .T. ) ;
#5438 = DIRECTION ( 'NONE',  ( 0.7071067811865492381, 0.000000000000000000, -0.7071067811865457964 ) ) ;
#5439 = CARTESIAN_POINT ( 'NONE',  ( 47.98578643762690632, 13.41421356237307982, 118.5000000000000000 ) ) ;
#5440 = LINE ( 'NONE', #1995, #3356 ) ;
#5441 = ORIENTED_EDGE ( 'NONE', *, *, #3434, .T. ) ;
#5442 = CARTESIAN_POINT ( 'NONE',  ( -45.40000000000000568, 29.56066017177980143, 63.42656699521430141 ) ) ;
#5443 = FACE_OUTER_BOUND ( 'NONE', #7302, .T. ) ;
#5444 = FACE_OUTER_BOUND ( 'NONE', #2242, .T. ) ;
#5445 = ORIENTED_EDGE ( 'NONE', *, *, #1516, .T. ) ;
#5446 = CARTESIAN_POINT ( 'NONE',  ( 39.64638103050343432, 29.74757278571657437, 79.49276206100559250 ) ) ;
#5447 = VECTOR ( 'NONE', #2439, 1000.000000000000000 ) ;
#5448 = FACE_OUTER_BOUND ( 'NONE', #5368, .T. ) ;
#5449 = AXIS2_PLACEMENT_3D ( 'NONE', #4021, #4225, #3632 ) ;
#5450 = ORIENTED_EDGE ( 'NONE', *, *, #2930, .T. ) ;
#5451 = ORIENTED_EDGE ( 'NONE', *, *, #76, .T. ) ;
#5452 = AXIS2_PLACEMENT_3D ( 'NONE', #137, #3585, #1362 ) ;
#5453 = VECTOR ( 'NONE', #3005, 1000.000000000000000 ) ;
#5454 = CARTESIAN_POINT ( 'NONE',  ( -48.19510742228410294, 11.57564941891532051, 74.93735655670111839 ) ) ;
#5455 = LINE ( 'NONE', #3147, #1167 ) ;
#5456 = ORIENTED_EDGE ( 'NONE', *, *, #1078, .F. ) ;
#5457 = CARTESIAN_POINT ( 'NONE',  ( -42.59999999999998721, 29.19999999999999929, 0.8000000000000007105 ) ) ;
#5458 = CARTESIAN_POINT ( 'NONE',  ( 31.19999999999999929, 29.19999999999999929, 1.700000000000007061 ) ) ;
#5459 = ADVANCED_FACE ( 'NONE', ( #6658 ), #3293, .F. ) ;
#5460 = CARTESIAN_POINT ( 'NONE',  ( 48.34280904158206482, 11.45709301003975433, 75.27419527900754304 ) ) ;
#5461 = EDGE_LOOP ( 'NONE', ( #5802, #106, #669, #6742 ) ) ;
#5462 = EDGE_LOOP ( 'NONE', ( #5278, #2826, #2099, #4638 ) ) ;
#5463 = EDGE_LOOP ( 'NONE', ( #1557, #3270, #3984, #3658, #246, #7263, #1379, #6689, #7015, #3739, #5880, #3745, #6395 ) ) ;
#5464 = CARTESIAN_POINT ( 'NONE',  ( -29.40000000000000213, 22.99999999999998224, 87.40000000000000568 ) ) ;
#5465 = AXIS2_PLACEMENT_3D ( 'NONE', #4547, #3393, #6755 ) ;
#5466 = ORIENTED_EDGE ( 'NONE', *, *, #4149, .T. ) ;
#5467 = CARTESIAN_POINT ( 'NONE',  ( 14.48578643762691520, 1.414213562373082267, 100.0746282148217858 ) ) ;
#5468 = LINE ( 'NONE', #1985, #5086 ) ;
#5469 = CYLINDRICAL_SURFACE ( 'NONE', #2029, 1.999999999999997780 ) ;
#5470 = DIRECTION ( 'NONE',  ( -0.000000000000000000, -1.000000000000000000, 0.000000000000000000 ) ) ;
#5471 = VECTOR ( 'NONE', #5403, 1000.000000000000000 ) ;
#5472 = FACE_OUTER_BOUND ( 'NONE', #6033, .T. ) ;
#5473 = ADVANCED_FACE ( 'NONE', ( #2692 ), #7252, .T. ) ;
#5474 = ADVANCED_FACE ( 'NONE', ( #2165 ), #6736, .F. ) ;
#5475 = DIRECTION ( 'NONE',  ( -1.000000000000000000, 0.000000000000000000, 0.000000000000000000 ) ) ;
#5476 = DIRECTION ( 'NONE',  ( -0.6081204024113461282, 0.6081204024113420203, -0.5102736053747343181 ) ) ;
#5477 = CYLINDRICAL_SURFACE ( 'NONE', #5624, 1.000000000000000888 ) ;
#5478 = DIRECTION ( 'NONE',  ( 0.7071067811865487940, 0.7071067811865463515, 0.000000000000000000 ) ) ;
#5479 = DIRECTION ( 'NONE',  ( -1.000000000000000000, 0.000000000000000000, 0.000000000000000000 ) ) ;
#5480 = VECTOR ( 'NONE', #4973, 1000.000000000000000 ) ;
#5481 = EDGE_CURVE ( 'NONE', #322, #7027, #7071, .T. ) ;
#5482 = EDGE_CURVE ( 'NONE', #3890, #2671, #7158, .T. ) ;
#5483 = ORIENTED_EDGE ( 'NONE', *, *, #5393, .T. ) ;
#5484 = CYLINDRICAL_SURFACE ( 'NONE', #2348, 0.7999999999999986011 ) ;
#5485 = LINE ( 'NONE', #6089, #2956 ) ;
#5486 = CARTESIAN_POINT ( 'NONE',  ( -14.30978471622742632, 14.91185920313624891, 73.15618855810603804 ) ) ;
#5487 = CIRCLE ( 'NONE', #1070, 1.500000000000001332 ) ;
#5488 = ORIENTED_EDGE ( 'NONE', *, *, #498, .T. ) ;
#5489 = LINE ( 'NONE', #403, #5242 ) ;
#5490 = AXIS2_PLACEMENT_3D ( 'NONE', #3421, #3981, #6231 ) ;
#5491 = EDGE_LOOP ( 'NONE', ( #2438, #7327, #1420, #695, #1130 ) ) ;
#5492 = VERTEX_POINT ( 'NONE', #5680 ) ;
#5493 = TOROIDAL_SURFACE ( 'NONE', #6097, 8.000000000000005329, 2.000000000000000000 ) ;
#5494 = DIRECTION ( 'NONE',  ( -0.000000000000000000, -1.000000000000000000, -0.000000000000000000 ) ) ;
#5495 = DIRECTION ( 'NONE',  ( 1.000000000000000000, 0.000000000000000000, -0.000000000000000000 ) ) ;
#5496 = ORIENTED_EDGE ( 'NONE', *, *, #3258, .F. ) ;
#5497 = DIRECTION ( 'NONE',  ( 0.000000000000000000, 0.000000000000000000, 1.000000000000000000 ) ) ;
#5498 =( BOUNDED_CURVE ( )  B_SPLINE_CURVE ( 3, ( #5378, #3554, #1784, #6364 ),
 .UNSPECIFIED., .F., .F. ) 
 B_SPLINE_CURVE_WITH_KNOTS ( ( 4, 4 ),
 ( 3.141592653589792672, 3.713952838562957659 ),
 .UNSPECIFIED. ) 
 CURVE ( )  GEOMETRIC_REPRESENTATION_ITEM ( )  RATIONAL_B_SPLINE_CURVE ( ( 1.000000000000000000, 0.9728861284783265617, 0.9728861284783265617, 1.000000000000000000 ) ) 
 REPRESENTATION_ITEM ( '' )  );
#5499 = AXIS2_PLACEMENT_3D ( 'NONE', #5866, #5266, #5826 ) ;
#5500 = AXIS2_PLACEMENT_3D ( 'NONE', #785, #4717, #6998 ) ;
#5501 = LINE ( 'NONE', #293, #2721 ) ;
#5502 = LINE ( 'NONE', #377, #6944 ) ;
#5503 = VECTOR ( 'NONE', #1169, 1000.000000000000000 ) ;
#5504 = EDGE_LOOP ( 'NONE', ( #6992, #2999, #5161, #1888, #6012 ) ) ;
#5505 = VERTEX_POINT ( 'NONE', #2984 ) ;
#5506 = AXIS2_PLACEMENT_3D ( 'NONE', #4900, #7320, #4477 ) ;
#5507 = EDGE_CURVE ( 'NONE', #6592, #1120, #7394, .T. ) ;
#5508 = DIRECTION ( 'NONE',  ( 0.000000000000000000, 0.000000000000000000, 1.000000000000000000 ) ) ;
#5509 = VERTEX_POINT ( 'NONE', #2948 ) ;
#5510 = CARTESIAN_POINT ( 'NONE',  ( -42.59999999999998721, 29.19999999999999929, 0.8000000000000007105 ) ) ;
#5511 = CARTESIAN_POINT ( 'NONE',  ( 49.39999999999999858, 29.99999999999998579, 84.55267969074972711 ) ) ;
#5512 = CARTESIAN_POINT ( 'NONE',  ( 39.14999999999999858, 17.00000000000000000, 78.49999999999998579 ) ) ;
#5513 = VECTOR ( 'NONE', #4554, 1000.000000000000000 ) ;
#5514 = LINE ( 'NONE', #5588, #4921 ) ;
#5515 = CARTESIAN_POINT ( 'NONE',  ( -15.90000000000001812, -1.289479104537684876E-14, 108.5000000000000000 ) ) ;
#5516 = ADVANCED_FACE ( 'NONE', ( #2841 ), #3541, .F. ) ;
#5517 = LINE ( 'NONE', #1434, #454 ) ;
#5518 = CARTESIAN_POINT ( 'NONE',  ( -49.39999999999999858, -1.044187211523073769E-14, 42.35118819767313170 ) ) ;
#5519 = EDGE_CURVE ( 'NONE', #3998, #413, #5487, .T. ) ;
#5520 = CARTESIAN_POINT ( 'NONE',  ( -35.98578643762686369, -1.368118845532693358E-14, 116.4999999999999716 ) ) ;
#5521 = CARTESIAN_POINT ( 'NONE',  ( 44.87650409063153489, 29.94794529507751335, 64.47421349076373076 ) ) ;
#5522 = ADVANCED_FACE ( 'NONE', ( #4599 ), #1773, .T. ) ;
#5523 = CIRCLE ( 'NONE', #613, 1.999999999999998224 ) ;
#5524 = VERTEX_POINT ( 'NONE', #553 ) ;
#5525 = DIRECTION ( 'NONE',  ( -1.000000000000000000, 0.000000000000000000, 0.000000000000000000 ) ) ;
#5526 = FACE_OUTER_BOUND ( 'NONE', #863, .T. ) ;
#5527 = LINE ( 'NONE', #5563, #123 ) ;
#5528 = ORIENTED_EDGE ( 'NONE', *, *, #2172, .T. ) ;
#5529 = ADVANCED_FACE ( 'NONE', ( #5223 ), #2914, .T. ) ;
#5530 = LINE ( 'NONE', #3858, #6210 ) ;
#5531 = ORIENTED_EDGE ( 'NONE', *, *, #1798, .F. ) ;
#5532 = ORIENTED_EDGE ( 'NONE', *, *, #5119, .T. ) ;
#5533 = CARTESIAN_POINT ( 'NONE',  ( 44.04906666467846321, 15.50000000000000178, 72.10254636550102703 ) ) ;
#5534 = CARTESIAN_POINT ( 'NONE',  ( 31.99999999999999289, 4.800000000000000711, 9.797174393178811359E-17 ) ) ;
#5535 = VERTEX_POINT ( 'NONE', #1148 ) ;
#5536 = ADVANCED_FACE ( 'NONE', ( #6954 ), #5819, .F. ) ;
#5537 = CARTESIAN_POINT ( 'NONE',  ( -15.40000000000000213, 27.99999999999998224, 90.49999999999998579 ) ) ;
#5538 = AXIS2_PLACEMENT_3D ( 'NONE', #6869, #4824, #4749 ) ;
#5539 = CARTESIAN_POINT ( 'NONE',  ( 28.40000000000000213, 22.99999999999998224, 78.49999999999998579 ) ) ;
#5540 = CARTESIAN_POINT ( 'NONE',  ( -44.39999999999999147, 22.99999999999998579, 65.35118819767305354 ) ) ;
#5541 = ORIENTED_EDGE ( 'NONE', *, *, #4241, .F. ) ;
#5542 = EDGE_LOOP ( 'NONE', ( #2086, #4107, #823 ) ) ;
#5543 =( BOUNDED_CURVE ( )  B_SPLINE_CURVE ( 3, ( #417, #380, #1532, #4834 ),
 .UNSPECIFIED., .F., .F. ) 
 B_SPLINE_CURVE_WITH_KNOTS ( ( 4, 4 ),
 ( 3.141592653589793116, 4.712388980384689674 ),
 .UNSPECIFIED. ) 
 CURVE ( )  GEOMETRIC_REPRESENTATION_ITEM ( )  RATIONAL_B_SPLINE_CURVE ( ( 1.000000000000000000, 0.8047378541243649375, 0.8047378541243649375, 1.000000000000000000 ) ) 
 REPRESENTATION_ITEM ( '' )  );
#5544 = ORIENTED_EDGE ( 'NONE', *, *, #3982, .T. ) ;
#5545 = CARTESIAN_POINT ( 'NONE',  ( 49.39999999999999147, 5.378679656440355394, 40.12326613631525873 ) ) ;
#5546 = ORIENTED_EDGE ( 'NONE', *, *, #1632, .F. ) ;
#5547 = FACE_OUTER_BOUND ( 'NONE', #5224, .T. ) ;
#5548 = CARTESIAN_POINT ( 'NONE',  ( -43.39999999999999147, 5.378679656440350065, 7.121320343559636612 ) ) ;
#5549 = CARTESIAN_POINT ( 'NONE',  ( 49.39999999999999858, 28.49999999999998224, 108.5000000000000000 ) ) ;
#5550 = CYLINDRICAL_SURFACE ( 'NONE', #7053, 1.500000000000001332 ) ;
#5551 = FACE_OUTER_BOUND ( 'NONE', #4874, .T. ) ;
#5552 = AXIS2_PLACEMENT_3D ( 'NONE', #2267, #6313, #3052 ) ;
#5553 = ORIENTED_EDGE ( 'NONE', *, *, #4484, .T. ) ;
#5554 = DIRECTION ( 'NONE',  ( -1.826024711554535885E-16, 1.000000000000000000, 0.000000000000000000 ) ) ;
#5555 = CARTESIAN_POINT ( 'NONE',  ( -14.48578643762691520, 1.414213562373082267, 100.0746282148217858 ) ) ;
#5556 = LINE ( 'NONE', #5439, #6520 ) ;
#5557 = CARTESIAN_POINT ( 'NONE',  ( 28.40000000000000213, 29.99999999999998579, 88.49999999999998579 ) ) ;
#5558 = VECTOR ( 'NONE', #4919, 1000.000000000000000 ) ;
#5559 = EDGE_CURVE ( 'NONE', #2851, #6781, #6026, .T. ) ;
#5560 = DIRECTION ( 'NONE',  ( 0.000000000000000000, 0.000000000000000000, -1.000000000000000000 ) ) ;
#5561 = VECTOR ( 'NONE', #2529, 1000.000000000000000 ) ;
#5562 = CYLINDRICAL_SURFACE ( 'NONE', #4864, 1.500000000000001332 ) ;
#5563 = CARTESIAN_POINT ( 'NONE',  ( 14.87228918834180114, 2.570562717031307454, 82.49352148697137466 ) ) ;
#5564 = VERTEX_POINT ( 'NONE', #588 ) ;
#5565 = CARTESIAN_POINT ( 'NONE',  ( 49.39999999999999858, 30.00000000000000000, 2.500000000000000000 ) ) ;
#5566 = AXIS2_PLACEMENT_3D ( 'NONE', #4242, #3733, #1990 ) ;
#5567 = ORIENTED_EDGE ( 'NONE', *, *, #7024, .T. ) ;
#5568 = ADVANCED_FACE ( 'NONE', ( #2380 ), #6882, .T. ) ;
#5569 = ORIENTED_EDGE ( 'NONE', *, *, #6903, .F. ) ;
#5570 = EDGE_CURVE ( 'NONE', #1565, #5867, #705, .T. ) ;
#5571 = CARTESIAN_POINT ( 'NONE',  ( 38.14999999999999858, 22.99999999999998224, 79.49999999999998579 ) ) ;
#5572 = ORIENTED_EDGE ( 'NONE', *, *, #2083, .T. ) ;
#5573 = AXIS2_PLACEMENT_3D ( 'NONE', #2159, #3776, #2568 ) ;
#5574 = CARTESIAN_POINT ( 'NONE',  ( -49.13566360466897009, 11.82612638499684898, 75.61207362564978496 ) ) ;
#5575 = CARTESIAN_POINT ( 'NONE',  ( 48.10710678118653760, 11.47853273387309159, 75.01884713130118598 ) ) ;
#5576 = VERTEX_POINT ( 'NONE', #4700 ) ;
#5577 = AXIS2_PLACEMENT_3D ( 'NONE', #1476, #996, #6620 ) ;
#5578 = ADVANCED_FACE ( 'NONE', ( #3404 ), #1178, .T. ) ;
#5579 = VECTOR ( 'NONE', #1858, 1000.000000000000000 ) ;
#5580 = VERTEX_POINT ( 'NONE', #97 ) ;
#5581 = ADVANCED_FACE ( 'NONE', ( #315 ), #6536, .T. ) ;
#5582 = ORIENTED_EDGE ( 'NONE', *, *, #3785, .F. ) ;
#5583 = CARTESIAN_POINT ( 'NONE',  ( -38.25214779810285393, 28.64443133430576793, 79.55107389905118964 ) ) ;
#5584 = ORIENTED_EDGE ( 'NONE', *, *, #5612, .F. ) ;
#5585 = CARTESIAN_POINT ( 'NONE',  ( 31.39999999999999858, 22.99999999999998224, 4.500000000000006217 ) ) ;
#5586 = LINE ( 'NONE', #2712, #2818 ) ;
#5587 = CARTESIAN_POINT ( 'NONE',  ( 30.39999999999999503, 3.200000000000000178, 1.700000000000007061 ) ) ;
#5588 = CARTESIAN_POINT ( 'NONE',  ( 40.14999999999999858, 29.99999999999998579, 118.5000000000000000 ) ) ;
#5589 = CARTESIAN_POINT ( 'NONE',  ( 32.00000000000000000, 30.00000000000000000, 0.8000000000000008216 ) ) ;
#5590 =( BOUNDED_CURVE ( )  B_SPLINE_CURVE ( 3, ( #3646, #270, #4238, #6527 ),
 .UNSPECIFIED., .F., .F. ) 
 B_SPLINE_CURVE_WITH_KNOTS ( ( 4, 4 ),
 ( 1.570796326794896558, 3.141592653589793116 ),
 .UNSPECIFIED. ) 
 CURVE ( )  GEOMETRIC_REPRESENTATION_ITEM ( )  RATIONAL_B_SPLINE_CURVE ( ( 1.000000000000000000, 0.8047378541243649375, 0.8047378541243649375, 1.000000000000000000 ) ) 
 REPRESENTATION_ITEM ( '' )  );
#5591 = EDGE_LOOP ( 'NONE', ( #1752, #1250, #264, #3789 ) ) ;
#5592 = PLANE ( 'NONE',  #7089 ) ;
#5593 = CARTESIAN_POINT ( 'NONE',  ( 45.25786437626905467, 9.514718625761419801, 118.5000000000000000 ) ) ;
#5594 = CARTESIAN_POINT ( 'NONE',  ( 23.90000000000000568, -1.368118845532693358E-14, 116.4999999999999716 ) ) ;
#5595 = DIRECTION ( 'NONE',  ( 0.000000000000000000, 0.000000000000000000, 1.000000000000000000 ) ) ;
#5596 = AXIS2_PLACEMENT_3D ( 'NONE', #4362, #1505, #1652 ) ;
#5597 = CARTESIAN_POINT ( 'NONE',  ( 45.21952304619089347, 29.99999999996853361, 63.86590682340404612 ) ) ;
#5598 = DIRECTION ( 'NONE',  ( 0.000000000000000000, -1.000000000000000000, 0.000000000000000000 ) ) ;
#5599 = CARTESIAN_POINT ( 'NONE',  ( 31.55424868893540236, 13.90405183549032131, 2.404051835490429667 ) ) ;
#5600 = FACE_OUTER_BOUND ( 'NONE', #844, .T. ) ;
#5601 = EDGE_CURVE ( 'NONE', #5169, #72, #1283, .T. ) ;
#5602 = CYLINDRICAL_SURFACE ( 'NONE', #2304, 1.000000000000000888 ) ;
#5603 = CARTESIAN_POINT ( 'NONE',  ( -30.59411708155671761, 2.999999999999989342, 5.000000000000000000 ) ) ;
#5604 = ORIENTED_EDGE ( 'NONE', *, *, #1749, .T. ) ;
#5605 = CYLINDRICAL_SURFACE ( 'NONE', #2016, 2.000000000000001776 ) ;
#5606 = VERTEX_POINT ( 'NONE', #3655 ) ;
#5607 = VERTEX_POINT ( 'NONE', #5365 ) ;
#5608 = CIRCLE ( 'NONE', #7033, 8.499999999999992895 ) ;
#5609 = CARTESIAN_POINT ( 'NONE',  ( -31.19999999999999574, 4.800000000000000711, 0.7999999999999947153 ) ) ;
#5610 = CARTESIAN_POINT ( 'NONE',  ( 13.90000000000000213, 42.96779957901746627, 51.20702951416225090 ) ) ;
#5611 = ORIENTED_EDGE ( 'NONE', *, *, #112, .T. ) ;
#5612 = EDGE_CURVE ( 'NONE', #883, #5882, #735, .T. ) ;
#5613 = CARTESIAN_POINT ( 'NONE',  ( 15.90000000000001812, -1.172253085980735212E-14, 96.57462821482180004 ) ) ;
#5614 = VECTOR ( 'NONE', #6758, 1000.000000000000000 ) ;
#5615 = ORIENTED_EDGE ( 'NONE', *, *, #6264, .F. ) ;
#5616 = VECTOR ( 'NONE', #857, 1000.000000000000000 ) ;
#5617 = ORIENTED_EDGE ( 'NONE', *, *, #4972, .T. ) ;
#5618 = AXIS2_PLACEMENT_3D ( 'NONE', #4433, #905, #4358 ) ;
#5619 = ORIENTED_EDGE ( 'NONE', *, *, #1938, .F. ) ;
#5620 = CARTESIAN_POINT ( 'NONE',  ( -40.01907671340887873, 29.99999999999998579, 80.23815342681776031 ) ) ;
#5621 = FACE_OUTER_BOUND ( 'NONE', #3080, .T. ) ;
#5622 = DIRECTION ( 'NONE',  ( 0.000000000000000000, 0.000000000000000000, 1.000000000000000000 ) ) ;
#5623 = EDGE_CURVE ( 'NONE', #3261, #6781, #3579, .T. ) ;
#5624 = AXIS2_PLACEMENT_3D ( 'NONE', #392, #2035, #3166 ) ;
#5625 = DIRECTION ( 'NONE',  ( 0.000000000000000000, 0.000000000000000000, 1.000000000000000000 ) ) ;
#5626 = CARTESIAN_POINT ( 'NONE',  ( -29.40000000000000213, 21.99999999999998224, 79.49999999999998579 ) ) ;
#5627 = EDGE_CURVE ( 'NONE', #1569, #36, #3738, .T. ) ;
#5628 = CONICAL_SURFACE ( 'NONE', #241, 1.000000000000000888, 0.7853981633974473908 ) ;
#5629 = AXIS2_PLACEMENT_3D ( 'NONE', #1885, #6429, #5791 ) ;
#5630 = ORIENTED_EDGE ( 'NONE', *, *, #4972, .F. ) ;
#5631 = ORIENTED_EDGE ( 'NONE', *, *, #2123, .T. ) ;
#5632 = DIRECTION ( 'NONE',  ( 1.000000000000000000, -0.000000000000000000, -0.000000000000000000 ) ) ;
#5633 = DIRECTION ( 'NONE',  ( 0.000000000000000000, 0.000000000000000000, -1.000000000000000000 ) ) ;
#5634 = CARTESIAN_POINT ( 'NONE',  ( 44.90000000000000568, 5.999999999999995559, 39.86590682343454972 ) ) ;
#5635 = CARTESIAN_POINT ( 'NONE',  ( -43.39999999999999858, 28.89999999999998082, 2.500000000000000000 ) ) ;
#5636 = ADVANCED_FACE ( 'NONE', ( #4889 ), #4286, .T. ) ;
#5637 = CARTESIAN_POINT ( 'NONE',  ( 43.99983655897212032, 29.59074205612278163, 63.45664887955712885 ) ) ;
#5638 = EDGE_CURVE ( 'NONE', #1324, #379, #4421, .T. ) ;
#5639 = DIRECTION ( 'NONE',  ( 0.000000000000000000, 9.829967624376075018E-17, -1.000000000000000000 ) ) ;
#5640 = CARTESIAN_POINT ( 'NONE',  ( 31.76679790229664491, 13.99999999999990052, 2.500000000000007550 ) ) ;
#5641 = CARTESIAN_POINT ( 'NONE',  ( -29.22842712474619020, 29.99999999999998224, 83.38110681549591163 ) ) ;
#5642 = CARTESIAN_POINT ( 'NONE',  ( 36.62857404731345667, -1.055039092276781046E-14, 84.65047971475041777 ) ) ;
#5643 = CARTESIAN_POINT ( 'NONE',  ( -15.90000000000000391, 17.00000000000000000, 73.60254636550102703 ) ) ;
#5644 = ORIENTED_EDGE ( 'NONE', *, *, #2861, .F. ) ;
#5645 = DIRECTION ( 'NONE',  ( 0.000000000000000000, 0.000000000000000000, -1.000000000000000000 ) ) ;
#5646 = ORIENTED_EDGE ( 'NONE', *, *, #1587, .F. ) ;
#5647 = ORIENTED_EDGE ( 'NONE', *, *, #4616, .T. ) ;
#5648 = PRODUCT_DEFINITION_SHAPE ( 'NONE', 'NONE',  #1741 ) ;
#5649 = CARTESIAN_POINT ( 'NONE',  ( 43.39999999999999858, 27.99999999999998224, 63.98722716699411706 ) ) ;
#5650 = CARTESIAN_POINT ( 'NONE',  ( 13.90000000000000213, 2.828427124746181853, 108.5000000000000000 ) ) ;
#5651 = VERTEX_POINT ( 'NONE', #1954 ) ;
#5652 = CIRCLE ( 'NONE', #145, 0.8000000000000003775 ) ;
#5653 = LINE ( 'NONE', #2849, #6827 ) ;
#5654 = EDGE_CURVE ( 'NONE', #186, #603, #6809, .T. ) ;
#5655 = VERTEX_POINT ( 'NONE', #4732 ) ;
#5656 = VERTEX_POINT ( 'NONE', #5860 ) ;
#5657 = ORIENTED_EDGE ( 'NONE', *, *, #1219, .F. ) ;
#5658 = CARTESIAN_POINT ( 'NONE',  ( 31.19999999999999574, 3.999999999999997335, 118.5009999999999906 ) ) ;
#5659 = CARTESIAN_POINT ( 'NONE',  ( -30.59411708155671761, 0.9999999999999986677, 6.000000000000000000 ) ) ;
#5660 = CARTESIAN_POINT ( 'NONE',  ( -32.00000000000000000, 29.19999999999999929, 1.700000000000007061 ) ) ;
#5661 = CARTESIAN_POINT ( 'NONE',  ( -47.39999999999999858, -4.082155997157840121E-17, 2.000000000000000000 ) ) ;
#5662 = PLANE ( 'NONE',  #2166 ) ;
#5663 = ORIENTED_EDGE ( 'NONE', *, *, #5393, .F. ) ;
#5664 = EDGE_LOOP ( 'NONE', ( #2848, #7229, #4687, #6329 ) ) ;
#5665 = EDGE_CURVE ( 'NONE', #6660, #2687, #5440, .T. ) ;
#5666 = LINE ( 'NONE', #2756, #6858 ) ;
#5667 = DIRECTION ( 'NONE',  ( 1.000000000000000000, 0.000000000000000000, 0.000000000000000000 ) ) ;
#5668 = ADVANCED_FACE ( 'NONE', ( #3092 ), #5293, .T. ) ;
#5669 = CARTESIAN_POINT ( 'NONE',  ( 13.54165043579427774, 17.00000000000000355, 72.70758361767992994 ) ) ;
#5670 = DIRECTION ( 'NONE',  ( -0.000000000000000000, -0.7071067811865483499, -0.7071067811865467956 ) ) ;
#5671 = FACE_OUTER_BOUND ( 'NONE', #7097, .T. ) ;
#5672 = CYLINDRICAL_SURFACE ( 'NONE', #1908, 1.500000000000001332 ) ;
#5673 = EDGE_CURVE ( 'NONE', #2419, #1157, #765, .T. ) ;
#5674 = DIRECTION ( 'NONE',  ( 0.000000000000000000, 0.000000000000000000, -1.000000000000000000 ) ) ;
#5675 = CARTESIAN_POINT ( 'NONE',  ( 48.27389080603963123, 11.68212860833997446, 74.84800990812679800 ) ) ;
#5676 = DIRECTION ( 'NONE',  ( 0.7071067811865487940, -0.7071067811865463515, 0.000000000000000000 ) ) ;
#5677 = CARTESIAN_POINT ( 'NONE',  ( -15.63820376559792535, 14.54203379159341836, 72.46509408551214904 ) ) ;
#5678 = ORIENTED_EDGE ( 'NONE', *, *, #7390, .T. ) ;
#5679 = CIRCLE ( 'NONE', #1482, 1.000000000000000888 ) ;
#5680 = CARTESIAN_POINT ( 'NONE',  ( -49.39999999999999858, 12.82842712474617031, 108.5000000000000000 ) ) ;
#5681 = ORIENTED_EDGE ( 'NONE', *, *, #3337, .T. ) ;
#5682 = AXIS2_PLACEMENT_3D ( 'NONE', #7011, #242, #6573 ) ;
#5683 = ORIENTED_EDGE ( 'NONE', *, *, #5294, .T. ) ;
#5684 = DIRECTION ( 'NONE',  ( 0.000000000000000000, 0.000000000000000000, -1.000000000000000000 ) ) ;
#5685 = DIRECTION ( 'NONE',  ( 0.000000000000000000, 0.000000000000000000, -1.000000000000000000 ) ) ;
#5686 = EDGE_LOOP ( 'NONE', ( #4252, #6509, #6361, #1090 ) ) ;
#5687 = DIRECTION ( 'NONE',  ( 0.000000000000000000, 0.7071067811865486830, -0.7071067811865463515 ) ) ;
#5688 = ORIENTED_EDGE ( 'NONE', *, *, #4294, .T. ) ;
#5689 = EDGE_LOOP ( 'NONE', ( #1158, #3157, #1494, #325 ) ) ;
#5690 = VERTEX_POINT ( 'NONE', #2531 ) ;
#5691 = EDGE_CURVE ( 'NONE', #2900, #6035, #7013, .T. ) ;
#5692 = CARTESIAN_POINT ( 'NONE',  ( -39.39661319334982892, 29.32165351144582033, 78.99322638669964647 ) ) ;
#5693 = PLANE ( 'NONE',  #6688 ) ;
#5694 = LINE ( 'NONE', #1687, #4965 ) ;
#5695 = DIRECTION ( 'NONE',  ( 0.000000000000000000, 0.000000000000000000, -1.000000000000000000 ) ) ;
#5696 = VECTOR ( 'NONE', #399, 1000.000000000000000 ) ;
#5697 = VECTOR ( 'NONE', #1033, 1000.000000000000000 ) ;
#5698 = CARTESIAN_POINT ( 'NONE',  ( 32.00000000000000000, 28.89999999999998082, 2.500000000000000000 ) ) ;
#5699 = ORIENTED_EDGE ( 'NONE', *, *, #3826, .F. ) ;
#5700 = ORIENTED_EDGE ( 'NONE', *, *, #103, .F. ) ;
#5701 = DIRECTION ( 'NONE',  ( 0.000000000000000000, 0.000000000000000000, 1.000000000000000000 ) ) ;
#5702 = CARTESIAN_POINT ( 'NONE',  ( -45.40000000000000568, 29.56066017177980143, 63.42656699521430141 ) ) ;
#5703 = DIRECTION ( 'NONE',  ( -6.938893903907228378E-15, 0.000000000000000000, -1.000000000000000000 ) ) ;
#5704 = CARTESIAN_POINT ( 'NONE',  ( 48.81421356237310505, 11.41421356237308871, 75.78489157442018609 ) ) ;
#5705 = CARTESIAN_POINT ( 'NONE',  ( -30.59411708155671761, 1.999999999999989120, 6.000000000000000000 ) ) ;
#5706 = EDGE_CURVE ( 'NONE', #7093, #5787, #2497, .T. ) ;
#5707 = CARTESIAN_POINT ( 'NONE',  ( 35.98578643762686369, -1.368118845532693358E-14, 116.4999999999999716 ) ) ;
#5708 = DIRECTION ( 'NONE',  ( 0.000000000000000000, 1.000000000000000000, 9.829967624376073786E-17 ) ) ;
#5709 = CARTESIAN_POINT ( 'NONE',  ( 13.90000000000000213, 17.00000000000000000, 88.49999999999998579 ) ) ;
#5710 = CARTESIAN_POINT ( 'NONE',  ( 40.14999999999999858, 29.99999999999998579, 80.49999999999998579 ) ) ;
#5711 = DIRECTION ( 'NONE',  ( 0.000000000000000000, 1.000000000000000000, 9.829967624376075018E-17 ) ) ;
#5712 = EDGE_LOOP ( 'NONE', ( #7343, #3761, #3621, #592 ) ) ;
#5713 = CARTESIAN_POINT ( 'NONE',  ( -48.81421356237310505, 11.41421356237308871, 75.78489157442018609 ) ) ;
#5714 = CIRCLE ( 'NONE', #5117, 9.414213562373097588 ) ;
#5715 = CARTESIAN_POINT ( 'NONE',  ( -30.39999999999999503, 4.000000000000000000, -1.632862398863137281E-17 ) ) ;
#5716 = EDGE_CURVE ( 'NONE', #4494, #6867, #5894, .T. ) ;
#5717 = EDGE_CURVE ( 'NONE', #6713, #5195, #7052, .T. ) ;
#5718 = EDGE_CURVE ( 'NONE', #2460, #6713, #1394, .T. ) ;
#5719 = TOROIDAL_SURFACE ( 'NONE', #5950, 1.600000000000000089, 0.8000000000000000444 ) ;
#5720 = EDGE_LOOP ( 'NONE', ( #4470, #6258, #6248, #3973, #4983 ) ) ;
#5721 = ORIENTED_EDGE ( 'NONE', *, *, #1451, .T. ) ;
#5722 = DIRECTION ( 'NONE',  ( 0.000000000000000000, 0.000000000000000000, -1.000000000000000000 ) ) ;
#5723 = CARTESIAN_POINT ( 'NONE',  ( 15.40000000000000391, 17.00000000000000000, 74.25525001016717397 ) ) ;
#5724 = ORIENTED_EDGE ( 'NONE', *, *, #943, .T. ) ;
#5725 = CARTESIAN_POINT ( 'NONE',  ( 45.54546720135020621, 9.744800885831901738, 116.4966684223807363 ) ) ;
#5726 = CIRCLE ( 'NONE', #2618, 0.8000000000000000444 ) ;
#5727 = ORIENTED_EDGE ( 'NONE', *, *, #3801, .T. ) ;
#5728 = ORIENTED_EDGE ( 'NONE', *, *, #4476, .T. ) ;
#5729 = ORIENTED_EDGE ( 'NONE', *, *, #4946, .F. ) ;
#5730 = CARTESIAN_POINT ( 'NONE',  ( -39.25116703592598100, 28.88630239515483211, 78.70233407185209273 ) ) ;
#5731 = AXIS2_PLACEMENT_3D ( 'NONE', #88, #5247, #6275 ) ;
#5732 = CARTESIAN_POINT ( 'NONE',  ( -38.14999999999999858, 22.99999999999998224, 3.500000000000000888 ) ) ;
#5733 = DIRECTION ( 'NONE',  ( -0.000000000000000000, -1.000000000000000000, -0.000000000000000000 ) ) ;
#5734 = CARTESIAN_POINT ( 'NONE',  ( 31.84524958663219252, 28.89999999999996660, 2.500000000000007105 ) ) ;
#5735 = ORIENTED_EDGE ( 'NONE', *, *, #5011, .T. ) ;
#5736 = AXIS2_PLACEMENT_3D ( 'NONE', #6887, #1745, #4039 ) ;
#5737 = ORIENTED_EDGE ( 'NONE', *, *, #6232, .T. ) ;
#5738 = VECTOR ( 'NONE', #185, 1000.000000000000114 ) ;
#5739 = CARTESIAN_POINT ( 'NONE',  ( 28.40000000000000213, 22.07699040570500415, 88.49999999999998579 ) ) ;
#5740 = LINE ( 'NONE', #7381, #4753 ) ;
#5741 = AXIS2_PLACEMENT_3D ( 'NONE', #3505, #1147, #5783 ) ;
#5742 = PLANE ( 'NONE',  #720 ) ;
#5743 = DIRECTION ( 'NONE',  ( 0.000000000000000000, 2.041077998578920060E-17, -1.000000000000000000 ) ) ;
#5744 = DIRECTION ( 'NONE',  ( 0.000000000000000000, 0.000000000000000000, -1.000000000000000000 ) ) ;
#5745 = VECTOR ( 'NONE', #4679, 1000.000000000000000 ) ;
#5746 = DIRECTION ( 'NONE',  ( 0.000000000000000000, 0.000000000000000000, -1.000000000000000000 ) ) ;
#5747 = EDGE_CURVE ( 'NONE', #1565, #4271, #3695, .T. ) ;
#5748 = DIRECTION ( 'NONE',  ( -0.000000000000000000, 2.041077998578920060E-17, -1.000000000000000000 ) ) ;
#5749 = DIRECTION ( 'NONE',  ( 0.000000000000000000, 0.000000000000000000, 1.000000000000000000 ) ) ;
#5750 = AXIS2_PLACEMENT_3D ( 'NONE', #6153, #3276, #2752 ) ;
#5751 = DIRECTION ( 'NONE',  ( 0.000000000000000000, 0.000000000000000000, 1.000000000000000000 ) ) ;
#5752 = VECTOR ( 'NONE', #5112, 1000.000000000000114 ) ;
#5753 = CARTESIAN_POINT ( 'NONE',  ( -48.29883282040507453, 11.74248797063492233, 74.79736238948703431 ) ) ;
#5754 = DIRECTION ( 'NONE',  ( -0.4472135954999582053, 0.000000000000000000, -0.8944271909999156334 ) ) ;
#5755 = ORIENTED_EDGE ( 'NONE', *, *, #2135, .F. ) ;
#5756 = EDGE_LOOP ( 'NONE', ( #1364, #1076, #3070, #7225 ) ) ;
#5757 = EDGE_CURVE ( 'NONE', #322, #803, #5074, .T. ) ;
#5758 = DIRECTION ( 'NONE',  ( 0.000000000000000000, -0.9203309184584744784, 0.3911406403448519642 ) ) ;
#5759 = CARTESIAN_POINT ( 'NONE',  ( -23.90000000000000568, 2.828427124746187182, 108.5000000000000000 ) ) ;
#5760 = VERTEX_POINT ( 'NONE', #6728 ) ;
#5761 = EDGE_CURVE ( 'NONE', #6179, #4458, #352, .T. ) ;
#5762 = CARTESIAN_POINT ( 'NONE',  ( 43.39999999999999858, 24.47877842265912918, 65.41575305795910822 ) ) ;
#5763 = ORIENTED_EDGE ( 'NONE', *, *, #547, .F. ) ;
#5764 = ORIENTED_EDGE ( 'NONE', *, *, #3605, .F. ) ;
#5765 = AXIS2_PLACEMENT_3D ( 'NONE', #6278, #7389, #2343 ) ;
#5766 = EDGE_CURVE ( 'NONE', #6464, #2851, #3326, .T. ) ;
#5767 = ORIENTED_EDGE ( 'NONE', *, *, #1141, .F. ) ;
#5768 = CARTESIAN_POINT ( 'NONE',  ( 48.85862500605196601, 11.45862500605194789, 75.76626001675965938 ) ) ;
#5769 = DIRECTION ( 'NONE',  ( 0.000000000000000000, 0.000000000000000000, -1.000000000000000000 ) ) ;
#5770 = LINE ( 'NONE', #11, #6451 ) ;
#5771 = CARTESIAN_POINT ( 'NONE',  ( 49.26155224264807941, 9.999999999999994671, 1.268820645879640940 ) ) ;
#5772 = EDGE_LOOP ( 'NONE', ( #5016, #4002, #2258, #3478, #4897 ) ) ;
#5773 = ORIENTED_EDGE ( 'NONE', *, *, #6136, .F. ) ;
#5774 = LINE ( 'NONE', #181, #2314 ) ;
#5775 = LINE ( 'NONE', #2578, #3561 ) ;
#5776 = CARTESIAN_POINT ( 'NONE',  ( -48.50189275783244369, 9.999999999999994671, 2.499999999999998668 ) ) ;
#5777 = LINE ( 'NONE', #5635, #3056 ) ;
#5778 = LINE ( 'NONE', #2306, #7038 ) ;
#5779 = CARTESIAN_POINT ( 'NONE',  ( -49.39999999999999858, -20.46848731765002682, 20.46848731765009433 ) ) ;
#5780 = CARTESIAN_POINT ( 'NONE',  ( -45.18532288859283597, 7.785322888610783032, 116.7866107412289125 ) ) ;
#5781 = DIRECTION ( 'NONE',  ( 0.000000000000000000, -1.000000000000000000, -0.000000000000000000 ) ) ;
#5782 = CARTESIAN_POINT ( 'NONE',  ( -15.83455094139946873, 17.00000000000000000, 73.60675375596473202 ) ) ;
#5783 = DIRECTION ( 'NONE',  ( -1.000000000000000000, 0.000000000000000000, 0.000000000000000000 ) ) ;
#5784 = EDGE_CURVE ( 'NONE', #6546, #6592, #3466, .T. ) ;
#5785 = CARTESIAN_POINT ( 'NONE',  ( 47.39999999999999858, -4.082155997157840121E-17, 2.000000000000000000 ) ) ;
#5786 = EDGE_LOOP ( 'NONE', ( #3489, #3886, #6293, #2673 ) ) ;
#5787 = VERTEX_POINT ( 'NONE', #2114 ) ;
#5788 = DIRECTION ( 'NONE',  ( 0.000000000000000000, -2.465544075527127488E-16, 1.000000000000000000 ) ) ;
#5789 = LINE ( 'NONE', #6852, #1306 ) ;
#5790 = ORIENTED_EDGE ( 'NONE', *, *, #4994, .F. ) ;
#5791 = DIRECTION ( 'NONE',  ( 0.000000000000000000, 0.000000000000000000, -1.000000000000000000 ) ) ;
#5792 = ADVANCED_FACE ( 'NONE', ( #6161 ), #432, .T. ) ;
#5793 = CIRCLE ( 'NONE', #1132, 1.500000000000001332 ) ;
#5794 = ORIENTED_EDGE ( 'NONE', *, *, #2280, .F. ) ;
#5795 = EDGE_CURVE ( 'NONE', #251, #3712, #141, .T. ) ;
#5796 = EDGE_LOOP ( 'NONE', ( #3901, #1604, #7104 ) ) ;
#5797 = ORIENTED_EDGE ( 'NONE', *, *, #5401, .T. ) ;
#5798 = CARTESIAN_POINT ( 'NONE',  ( 48.96431378581893767, 11.58183444864334177, 75.71455948403712455 ) ) ;
#5799 = LINE ( 'NONE', #1933, #5579 ) ;
#5800 = DIRECTION ( 'NONE',  ( 3.727058863615381873E-33, 0.000000000000000000, -1.000000000000000000 ) ) ;
#5801 = ADVANCED_FACE ( 'NONE', ( #7245 ), #1667, .T. ) ;
#5802 = ORIENTED_EDGE ( 'NONE', *, *, #5833, .T. ) ;
#5803 = VECTOR ( 'NONE', #5435, 1000.000000000000000 ) ;
#5804 = EDGE_LOOP ( 'NONE', ( #4123, #5428, #1704, #2168, #7292 ) ) ;
#5805 = CARTESIAN_POINT ( 'NONE',  ( -30.59411708155671761, 2.999999999999988898, 2.500000000000003553 ) ) ;
#5806 = DIRECTION ( 'NONE',  ( 0.000000000000000000, 0.000000000000000000, -1.000000000000000000 ) ) ;
#5807 = CARTESIAN_POINT ( 'NONE',  ( 31.39999999999999858, 24.89999999999998082, 4.200000000000001066 ) ) ;
#5808 = CYLINDRICAL_SURFACE ( 'NONE', #2569, 1.499999999999999556 ) ;
#5809 = AXIS2_PLACEMENT_3D ( 'NONE', #4761, #4203, #5397 ) ;
#5810 = AXIS2_PLACEMENT_3D ( 'NONE', #3821, #2698, #4977 ) ;
#5811 = DIRECTION ( 'NONE',  ( 1.000000000000000000, 0.000000000000000000, 0.000000000000000000 ) ) ;
#5812 =( BOUNDED_CURVE ( )  B_SPLINE_CURVE ( 3, ( #4003, #3376, #6287, #5649 ),
 .UNSPECIFIED., .F., .F. ) 
 B_SPLINE_CURVE_WITH_KNOTS ( ( 4, 4 ),
 ( 3.141592653589793116, 4.712388980384689674 ),
 .UNSPECIFIED. ) 
 CURVE ( )  GEOMETRIC_REPRESENTATION_ITEM ( )  RATIONAL_B_SPLINE_CURVE ( ( 1.000000000000000000, 0.8047378541243649375, 0.8047378541243649375, 1.000000000000000000 ) ) 
 REPRESENTATION_ITEM ( '' )  );
#5813 = CARTESIAN_POINT ( 'NONE',  ( -42.59999999999998721, 30.00000000000000000, 1.700000000000000178 ) ) ;
#5814 = VECTOR ( 'NONE', #6811, 1000.000000000000000 ) ;
#5815 = AXIS2_PLACEMENT_3D ( 'NONE', #3522, #1824, #4121 ) ;
#5816 = CARTESIAN_POINT ( 'NONE',  ( -43.09817137822661692, 5.698171378207421256, 117.9428580837904406 ) ) ;
#5817 = DIRECTION ( 'NONE',  ( 0.6081204024113460171, -0.6081204024113420203, 0.5102736053747342071 ) ) ;
#5818 = CARTESIAN_POINT ( 'NONE',  ( -48.19510742228410294, 11.57564941891532051, 74.93735655670111839 ) ) ;
#5819 = PLANE ( 'NONE',  #5249 ) ;
#5820 = VERTEX_POINT ( 'NONE', #1509 ) ;
#5821 = EDGE_CURVE ( 'NONE', #6013, #571, #227, .T. ) ;
#5822 =( BOUNDED_SURFACE ( )  B_SPLINE_SURFACE ( 3, 2, ( 
 ( #3331, #4409, #2046 ),
 ( #2081, #2119, #1556 ),
 ( #475, #5047, #4336 ),
 ( #3856, #3815, #3744 ),
 ( #7325, #6656, #6621 ),
 ( #5486, #1513, #400 ),
 ( #7250, #2197, #3215 ),
 ( #4481, #437, #3779 ),
 ( #4032, #4066, #2875 ),
 ( #2311, #2945, #6879 ),
 ( #6914, #6315, #6802 ),
 ( #4635, #2344, #584 ),
 ( #551, #1772, #3370 ),
 ( #5677, #1176, #5782 ),
 ( #1703, #4597, #3402 ),
 ( #6842, #6351, #5643 ) ),
 .UNSPECIFIED., .F., .F., .T. ) 
 B_SPLINE_SURFACE_WITH_KNOTS ( ( 4, 2, 2, 2, 2, 2, 2, 4 ),
 ( 3, 3 ),
 ( 1.570796326794896558, 1.963495408493620697, 2.159844949342982545, 2.356194490192344837, 2.552544031041707129, 2.748893571891068976, 2.945243112740430824, 3.141592653589793116 ),
 ( 0.000000000000000000, 1.000000000000000000 ),
 .UNSPECIFIED. ) 
 GEOMETRIC_REPRESENTATION_ITEM ( )  RATIONAL_B_SPLINE_SURFACE ( (
 ( 1.000000000000000000, 0.7071067811865547892, 1.000000000000000000),
 ( 1.000000000000000000, 0.6773869610892105930, 1.000000000000000000),
 ( 1.000000000000000000, 0.6456606031244001009, 1.000000000000000000),
 ( 1.000000000000000000, 0.5981842532353073283, 1.000000000000000000),
 ( 1.000000000000000000, 0.5823840501810279013, 1.000000000000000000),
 ( 1.000000000000000000, 0.5515351161658058610, 1.000000000000000000),
 ( 1.000000000000000000, 0.5364859329894881013, 1.000000000000000000),
 ( 1.000000000000000000, 0.5080048734113878917, 1.000000000000000000),
 ( 1.000000000000000000, 0.4945745683248020108, 1.000000000000000000),
 ( 1.000000000000000000, 0.4703519940425847090, 1.000000000000000000),
 ( 1.000000000000000000, 0.4595654631709183979, 1.000000000000000000),
 ( 1.000000000000000000, 0.4417021814927217793, 1.000000000000000000),
 ( 1.000000000000000000, 0.4346357343229104719, 1.000000000000000000),
 ( 1.000000000000000000, 0.4250890751293588954, 1.000000000000000000),
 ( 1.000000000000000000, 0.4226081090757212166, 1.000000000000000000),
 ( 1.000000000000000000, 0.4226182617407072684, 1.000000000000000000) ) ) 
 REPRESENTATION_ITEM ( '' )  SURFACE ( )  );
#5823 = ORIENTED_EDGE ( 'NONE', *, *, #4854, .F. ) ;
#5824 = FACE_OUTER_BOUND ( 'NONE', #668, .T. ) ;
#5825 = CYLINDRICAL_SURFACE ( 'NONE', #2720, 1.500000000000001332 ) ;
#5826 = DIRECTION ( 'NONE',  ( 0.000000000000000000, -9.829967624376075018E-17, 1.000000000000000000 ) ) ;
#5827 = AXIS2_PLACEMENT_3D ( 'NONE', #6702, #7330, #6630 ) ;
#5828 = ORIENTED_EDGE ( 'NONE', *, *, #4527, .T. ) ;
#5829 = DIRECTION ( 'NONE',  ( 1.000000000000000000, 0.000000000000000000, 0.000000000000000000 ) ) ;
#5830 = CARTESIAN_POINT ( 'NONE',  ( 42.59999999999998721, 30.00000000000000000, 4.336808689942017736E-16 ) ) ;
#5831 = AXIS2_PLACEMENT_3D ( 'NONE', #1836, #3020, #5289 ) ;
#5832 = ORIENTED_EDGE ( 'NONE', *, *, #4342, .T. ) ;
#5833 = EDGE_CURVE ( 'NONE', #1249, #3741, #2685, .T. ) ;
#5834 = ORIENTED_EDGE ( 'NONE', *, *, #5612, .T. ) ;
#5835 = EDGE_LOOP ( 'NONE', ( #82, #1192, #2466, #4316, #3124, #786 ) ) ;
#5836 = EDGE_CURVE ( 'NONE', #3819, #814, #1539, .T. ) ;
#5837 = LINE ( 'NONE', #5310, #2880 ) ;
#5838 = CARTESIAN_POINT ( 'NONE',  ( 43.39999999999999858, 26.99999999999998224, 3.499999999999998668 ) ) ;
#5839 = DIRECTION ( 'NONE',  ( 0.000000000000000000, 0.000000000000000000, 1.000000000000000000 ) ) ;
#5840 = VECTOR ( 'NONE', #2494, 1000.000000000000000 ) ;
#5841 = ORIENTED_EDGE ( 'NONE', *, *, #3019, .F. ) ;
#5842 = VERTEX_POINT ( 'NONE', #4592 ) ;
#5843 = AXIS2_PLACEMENT_3D ( 'NONE', #4404, #5479, #3916 ) ;
#5844 = EDGE_CURVE ( 'NONE', #2520, #4347, #1240, .T. ) ;
#5845 = CARTESIAN_POINT ( 'NONE',  ( 15.76909888380544444, 14.53581858542808192, 72.45347970085788347 ) ) ;
#5846 = ORIENTED_EDGE ( 'NONE', *, *, #4527, .F. ) ;
#5847 = CARTESIAN_POINT ( 'NONE',  ( 48.39999999999999858, 22.99999999999998579, 65.35118819767305354 ) ) ;
#5848 = LINE ( 'NONE', #5246, #894 ) ;
#5849 = CARTESIAN_POINT ( 'NONE',  ( -44.17090647777472867, 29.59933360252089685, 64.38706056762434571 ) ) ;
#5850 = CARTESIAN_POINT ( 'NONE',  ( -31.39999999999999147, 15.99999999999988631, 4.499999999999977796 ) ) ;
#5851 = CIRCLE ( 'NONE', #5490, 1.500000000000001332 ) ;
#5852 = VECTOR ( 'NONE', #6025, 1000.000000000000000 ) ;
#5853 = CARTESIAN_POINT ( 'NONE',  ( -49.39999999999999858, 11.99999999999090150, 109.7007306840405789 ) ) ;
#5854 = CARTESIAN_POINT ( 'NONE',  ( 15.90000000000001812, 0.4999999999999883982, 100.0746282148217858 ) ) ;
#5855 = EDGE_CURVE ( 'NONE', #6937, #5873, #579, .T. ) ;
#5856 = CARTESIAN_POINT ( 'NONE',  ( -28.84940091402926754, 22.99999999999997868, 87.39999999999997726 ) ) ;
#5857 = VECTOR ( 'NONE', #2847, 1000.000000000000000 ) ;
#5858 = VECTOR ( 'NONE', #1825, 1000.000000000000000 ) ;
#5859 = CARTESIAN_POINT ( 'NONE',  ( -37.39999999999996305, -1.055039092276781046E-14, 84.65047971475041777 ) ) ;
#5860 = CARTESIAN_POINT ( 'NONE',  ( 47.89999999999999858, 9.999999999999994671, 2.500000000000000000 ) ) ;
#5861 = AXIS2_PLACEMENT_3D ( 'NONE', #1293, #2390, #4221 ) ;
#5862 = EDGE_LOOP ( 'NONE', ( #4044, #2894, #5699, #1262 ) ) ;
#5863 = ORIENTED_EDGE ( 'NONE', *, *, #5784, .T. ) ;
#5864 = DIRECTION ( 'NONE',  ( 1.000000000000000000, 0.000000000000000000, -0.000000000000000000 ) ) ;
#5865 = CARTESIAN_POINT ( 'NONE',  ( -44.02132034355964407, 5.999999999999996447, 39.86590682343454972 ) ) ;
#5866 = CARTESIAN_POINT ( 'NONE',  ( 13.90000000000000213, 1.999999999999999556, 1.965993524875214511E-16 ) ) ;
#5867 = VERTEX_POINT ( 'NONE', #2339 ) ;
#5868 = DIRECTION ( 'NONE',  ( 0.000000000000000000, -1.000000000000000000, 0.000000000000000000 ) ) ;
#5869 = AXIS2_PLACEMENT_3D ( 'NONE', #906, #4502, #1466 ) ;
#5870 = DIRECTION ( 'NONE',  ( 1.000000000000000000, 0.000000000000000000, 0.000000000000000000 ) ) ;
#5871 = ORIENTED_EDGE ( 'NONE', *, *, #3980, .F. ) ;
#5872 = ORIENTED_EDGE ( 'NONE', *, *, #6645, .F. ) ;
#5873 = VERTEX_POINT ( 'NONE', #3992 ) ;
#5874 = DIRECTION ( 'NONE',  ( 1.000000000000000000, 0.000000000000000000, 0.000000000000000000 ) ) ;
#5875 = DIRECTION ( 'NONE',  ( 1.000000000000000000, 0.000000000000000000, 0.000000000000000000 ) ) ;
#5876 = EDGE_CURVE ( 'NONE', #7187, #7331, #5778, .T. ) ;
#5877 = CARTESIAN_POINT ( 'NONE',  ( -15.40000000000000391, 29.99999999999998579, 118.5000000000000000 ) ) ;
#5878 = AXIS2_PLACEMENT_3D ( 'NONE', #6762, #6246, #550 ) ;
#5879 = VERTEX_POINT ( 'NONE', #4057 ) ;
#5880 = ORIENTED_EDGE ( 'NONE', *, *, #3852, .F. ) ;
#5881 = DIRECTION ( 'NONE',  ( 0.000000000000000000, -1.000000000000000000, 0.000000000000000000 ) ) ;
#5882 = VERTEX_POINT ( 'NONE', #3464 ) ;
#5883 = CARTESIAN_POINT ( 'NONE',  ( -49.39999999999999858, 29.99999999999998579, 118.5000000000000000 ) ) ;
#5884 = CARTESIAN_POINT ( 'NONE',  ( -30.39999999999999503, 3.200000000000000178, 6.531449595452550356E-17 ) ) ;
#5885 = CARTESIAN_POINT ( 'NONE',  ( -46.06666666666664156, -1.666666666666682284, 3.333333333333318382 ) ) ;
#5886 = CARTESIAN_POINT ( 'NONE',  ( 49.39999999999999858, 30.00000000000000000, 1.700000000000000178 ) ) ;
#5887 = EDGE_CURVE ( 'NONE', #3520, #6703, #3953, .T. ) ;
#5888 = EDGE_CURVE ( 'NONE', #363, #2010, #544, .T. ) ;
#5889 = CARTESIAN_POINT ( 'NONE',  ( -41.86159991941683955, 4.461599919416851634, 116.5000000000308233 ) ) ;
#5890 = DIRECTION ( 'NONE',  ( -1.000000000000000000, 0.000000000000000000, 0.000000000000000000 ) ) ;
#5891 = CARTESIAN_POINT ( 'NONE',  ( 32.00000000000000000, 30.00000000000000000, 1.700000000000000178 ) ) ;
#5892 = AXIS2_PLACEMENT_3D ( 'NONE', #2936, #7067, #816 ) ;
#5893 = FACE_OUTER_BOUND ( 'NONE', #3120, .T. ) ;
#5894 = LINE ( 'NONE', #4811, #6091 ) ;
#5895 = ADVANCED_FACE ( 'NONE', ( #1735 ), #5018, .T. ) ;
#5896 = ORIENTED_EDGE ( 'NONE', *, *, #338, .F. ) ;
#5897 = EDGE_CURVE ( 'NONE', #814, #4494, #5366, .T. ) ;
#5898 = ORIENTED_EDGE ( 'NONE', *, *, #4352, .T. ) ;
#5899 = CARTESIAN_POINT ( 'NONE',  ( 28.40296816629087928, 22.07699040570500770, 88.49999999999998579 ) ) ;
#5900 = CARTESIAN_POINT ( 'NONE',  ( 29.22842712474619020, 29.99999999999998224, 89.32842712474618452 ) ) ;
#5901 = DIRECTION ( 'NONE',  ( -1.000000000000000000, 0.000000000000000000, 0.000000000000000000 ) ) ;
#5902 = EDGE_LOOP ( 'NONE', ( #1483, #4493, #5059, #5239 ) ) ;
#5903 = CARTESIAN_POINT ( 'NONE',  ( 15.40000000000000391, 17.00000000000000000, 74.25525001016717397 ) ) ;
#5904 = LINE ( 'NONE', #6393, #3958 ) ;
#5905 = ORIENTED_EDGE ( 'NONE', *, *, #509, .T. ) ;
#5906 = ORIENTED_EDGE ( 'NONE', *, *, #1749, .F. ) ;
#5907 = CARTESIAN_POINT ( 'NONE',  ( -13.90000000000000213, 27.99999999999998224, 88.49999999999998579 ) ) ;
#5908 = ORIENTED_EDGE ( 'NONE', *, *, #7321, .F. ) ;
#5909 = CARTESIAN_POINT ( 'NONE',  ( -17.44285190537313213, -1.055039092276781046E-14, 84.65047971475041777 ) ) ;
#5910 = VECTOR ( 'NONE', #3951, 1000.000000000000000 ) ;
#5911 = LINE ( 'NONE', #5313, #6820 ) ;
#5912 = ORIENTED_EDGE ( 'NONE', *, *, #2200, .T. ) ;
#5913 = ORIENTED_EDGE ( 'NONE', *, *, #6915, .F. ) ;
#5914 = AXIS2_PLACEMENT_3D ( 'NONE', #6908, #5145, #2867 ) ;
#5915 = EDGE_CURVE ( 'NONE', #5655, #3581, #2989, .T. ) ;
#5916 = ORIENTED_EDGE ( 'NONE', *, *, #1756, .T. ) ;
#5917 = LINE ( 'NONE', #5281, #5260 ) ;
#5918 = ORIENTED_EDGE ( 'NONE', *, *, #2922, .T. ) ;
#5919 = CARTESIAN_POINT ( 'NONE',  ( 49.35722565130357964, 9.463736980564728896, 1.512401167458626627 ) ) ;
#5920 = CARTESIAN_POINT ( 'NONE',  ( -27.06666666666678367, -11.16666666666669627, 107.7412948814884857 ) ) ;
#5921 = CARTESIAN_POINT ( 'NONE',  ( -43.53263030959259083, 29.21696630365551428, 63.08287312708940675 ) ) ;
#5922 = CARTESIAN_POINT ( 'NONE',  ( 15.90000000000000391, 2.828427124746183186, 96.07462821482180004 ) ) ;
#5923 = DIRECTION ( 'NONE',  ( -0.000000000000000000, 1.000000000000000000, -3.252606517456513302E-16 ) ) ;
#5924 = CARTESIAN_POINT ( 'NONE',  ( 43.39999999999999858, 15.50000000000000178, 73.60254636550102703 ) ) ;
#5925 = VECTOR ( 'NONE', #4836, 1000.000000000000000 ) ;
#5926 = FACE_OUTER_BOUND ( 'NONE', #4293, .T. ) ;
#5927 = EDGE_CURVE ( 'NONE', #1486, #897, #7172, .T. ) ;
#5928 = CARTESIAN_POINT ( 'NONE',  ( -43.39999999999999858, -1.163414459189985643E-14, 6.000000000000000000 ) ) ;
#5929 = CARTESIAN_POINT ( 'NONE',  ( 42.59999999999998721, 29.19999999999999929, 0.8000000000000005995 ) ) ;
#5930 = EDGE_CURVE ( 'NONE', #6268, #6698, #3499, .T. ) ;
#5931 = AXIS2_PLACEMENT_3D ( 'NONE', #5193, #4567, #1080 ) ;
#5932 = VECTOR ( 'NONE', #5298, 1000.000000000000000 ) ;
#5933 = ORIENTED_EDGE ( 'NONE', *, *, #1756, .F. ) ;
#5934 = ORIENTED_EDGE ( 'NONE', *, *, #6593, .T. ) ;
#5935 = DIRECTION ( 'NONE',  ( 0.000000000000000000, 0.6427876096865379196, 0.7660444431189792347 ) ) ;
#5936 = PLANE ( 'NONE',  #5217 ) ;
#5937 = DIRECTION ( 'NONE',  ( 1.000000000000000000, 0.000000000000000000, 0.000000000000000000 ) ) ;
#5938 = ORIENTED_EDGE ( 'NONE', *, *, #796, .F. ) ;
#5939 = EDGE_CURVE ( 'NONE', #144, #3643, #1655, .T. ) ;
#5940 = CARTESIAN_POINT ( 'NONE',  ( 38.55978473957503638, 29.21997956991504353, 79.70489236978725955 ) ) ;
#5941 = EDGE_CURVE ( 'NONE', #4001, #2655, #6442, .T. ) ;
#5942 = EDGE_CURVE ( 'NONE', #7093, #2493, #2907, .T. ) ;
#5943 = DIRECTION ( 'NONE',  ( -0.000000000000000000, -0.7071067811865474617, 0.7071067811865474617 ) ) ;
#5944 = VERTEX_POINT ( 'NONE', #2940 ) ;
#5945 = VERTEX_POINT ( 'NONE', #5215 ) ;
#5946 = CARTESIAN_POINT ( 'NONE',  ( 30.39999999999999503, 4.800000000000000711, 0.7999999999999951594 ) ) ;
#5947 = DIRECTION ( 'NONE',  ( 0.000000000000000000, 0.000000000000000000, -1.000000000000000000 ) ) ;
#5948 = EDGE_LOOP ( 'NONE', ( #596, #1828, #5544, #1016 ) ) ;
#5949 = DIRECTION ( 'NONE',  ( -1.000000000000000000, 0.000000000000000000, 0.000000000000000000 ) ) ;
#5950 = AXIS2_PLACEMENT_3D ( 'NONE', #4696, #1950, #3537 ) ;
#5951 = CARTESIAN_POINT ( 'NONE',  ( 38.14999999999999858, 22.99999999999998579, 10.50000000000000533 ) ) ;
#5952 = ADVANCED_FACE ( 'NONE', ( #5671 ), #2780, .T. ) ;
#5953 = VECTOR ( 'NONE', #1764, 1000.000000000000000 ) ;
#5954 = LINE ( 'NONE', #5877, #3241 ) ;
#5955 = ORIENTED_EDGE ( 'NONE', *, *, #628, .T. ) ;
#5956 = ORIENTED_EDGE ( 'NONE', *, *, #630, .F. ) ;
#5957 = ORIENTED_EDGE ( 'NONE', *, *, #6930, .F. ) ;
#5958 = LINE ( 'NONE', #826, #3476 ) ;
#5959 = VERTEX_POINT ( 'NONE', #1832 ) ;
#5960 = CARTESIAN_POINT ( 'NONE',  ( -28.40000000000000213, 22.99999999999998224, 78.49999999999998579 ) ) ;
#5961 = CARTESIAN_POINT ( 'NONE',  ( -31.39999999999999858, 13.99999999999989875, 2.500000000000002220 ) ) ;
#5962 = CARTESIAN_POINT ( 'NONE',  ( -36.62857404731345667, -1.055039092276781046E-14, 84.65047971475041777 ) ) ;
#5963 = ADVANCED_FACE ( 'NONE', ( #5322 ), #2410, .T. ) ;
#5964 = PLANE ( 'NONE',  #6240 ) ;
#5965 = DIRECTION ( 'NONE',  ( -1.000000000000000000, 0.000000000000000000, 0.000000000000000000 ) ) ;
#5966 = LINE ( 'NONE', #6571, #5230 ) ;
#5967 = DIRECTION ( 'NONE',  ( 1.000000000000000000, 0.000000000000000000, 0.000000000000000000 ) ) ;
#5968 = CARTESIAN_POINT ( 'NONE',  ( -31.39999999999999858, 22.99999999999998224, 3.500000000000000888 ) ) ;
#5969 = CARTESIAN_POINT ( 'NONE',  ( -49.39999999999999858, 15.50000000000000178, 72.10254636550102703 ) ) ;
#5970 = AXIS2_PLACEMENT_3D ( 'NONE', #394, #3810, #950 ) ;
#5971 = ADVANCED_FACE ( 'NONE', ( #4763 ), #831, .F. ) ;
#5972 = VECTOR ( 'NONE', #1373, 1000.000000000000000 ) ;
#5973 = ORIENTED_EDGE ( 'NONE', *, *, #4073, .T. ) ;
#5974 = EDGE_LOOP ( 'NONE', ( #5093, #1517, #3449 ) ) ;
#5975 = CARTESIAN_POINT ( 'NONE',  ( -44.39999999999999147, -1.044187211523073769E-14, 42.35118819767313170 ) ) ;
#5976 = VECTOR ( 'NONE', #6039, 1000.000000000000000 ) ;
#5977 = DIRECTION ( 'NONE',  ( -1.826024711554535885E-16, -1.000000000000000000, -0.000000000000000000 ) ) ;
#5978 = LINE ( 'NONE', #4706, #4185 ) ;
#5979 = VERTEX_POINT ( 'NONE', #3611 ) ;
#5980 = VECTOR ( 'NONE', #682, 1000.000000000000000 ) ;
#5981 = CARTESIAN_POINT ( 'NONE',  ( 38.15000000075370679, 28.19659951090262595, 78.50000000075392848 ) ) ;
#5982 = VECTOR ( 'NONE', #2602, 1000.000000000000000 ) ;
#5983 = DIRECTION ( 'NONE',  ( -0.000000000000000000, -9.829967624376073786E-17, 1.000000000000000000 ) ) ;
#5984 = VECTOR ( 'NONE', #7261, 999.9999999999998863 ) ;
#5985 = ORIENTED_EDGE ( 'NONE', *, *, #1357, .F. ) ;
#5986 = EDGE_CURVE ( 'NONE', #4583, #6778, #7083, .T. ) ;
#5987 = VERTEX_POINT ( 'NONE', #1945 ) ;
#5988 = EDGE_CURVE ( 'NONE', #4644, #756, #1348, .T. ) ;
#5989 = CARTESIAN_POINT ( 'NONE',  ( 44.90000000000000568, 5.999999999999995559, 6.500000000000000000 ) ) ;
#5990 = DIRECTION ( 'NONE',  ( 0.000000000000000000, 0.000000000000000000, -1.000000000000000000 ) ) ;
#5991 = VECTOR ( 'NONE', #3688, 1000.000000000000000 ) ;
#5992 = ORIENTED_EDGE ( 'NONE', *, *, #2054, .F. ) ;
#5993 = PLANE ( 'NONE',  #3838 ) ;
#5994 = DIRECTION ( 'NONE',  ( 0.000000000000000000, 0.000000000000000000, -1.000000000000000000 ) ) ;
#5995 = PLANE ( 'NONE',  #2276 ) ;
#5996 = VERTEX_POINT ( 'NONE', #5962 ) ;
#5997 = EDGE_CURVE ( 'NONE', #5879, #2626, #5590, .T. ) ;
#5998 = ORIENTED_EDGE ( 'NONE', *, *, #6906, .T. ) ;
#5999 = ORIENTED_EDGE ( 'NONE', *, *, #533, .F. ) ;
#6000 = LINE ( 'NONE', #3193, #4781 ) ;
#6001 = VERTEX_POINT ( 'NONE', #3127 ) ;
#6002 = CARTESIAN_POINT ( 'NONE',  ( -49.39999999999999858, 11.99999999999999467, 1.179596114925128411E-15 ) ) ;
#6003 = DIRECTION ( 'NONE',  ( 0.000000000000000000, 0.000000000000000000, 1.000000000000000000 ) ) ;
#6004 = CARTESIAN_POINT ( 'NONE',  ( 31.39999999999999858, 22.99999999999998224, 3.500000000000000888 ) ) ;
#6005 = DIRECTION ( 'NONE',  ( 0.000000000000000000, 0.000000000000000000, 1.000000000000000000 ) ) ;
#6006 = CARTESIAN_POINT ( 'NONE',  ( -49.39999999999999858, -1.044187211523073769E-14, 42.35118819767313170 ) ) ;
#6007 = DIRECTION ( 'NONE',  ( 0.6081204024113449069, -0.6081204024113426865, 0.5102736053747347622 ) ) ;
#6008 = CARTESIAN_POINT ( 'NONE',  ( -49.39999999999999858, -4.082155997157840121E-17, 2.000000000000000000 ) ) ;
#6009 = DIRECTION ( 'NONE',  ( 0.000000000000000000, 0.7071067811865487940, 0.7071067811865463515 ) ) ;
#6010 = CARTESIAN_POINT ( 'NONE',  ( -31.39999999999999858, 22.99999999999998224, 3.500000000000000888 ) ) ;
#6011 = CARTESIAN_POINT ( 'NONE',  ( 39.39999999999999858, 0.000000000000000000, 108.5000000000000000 ) ) ;
#6012 = ORIENTED_EDGE ( 'NONE', *, *, #4101, .T. ) ;
#6013 = VERTEX_POINT ( 'NONE', #6448 ) ;
#6014 = CARTESIAN_POINT ( 'NONE',  ( -44.39999999999999147, 23.76897060844265752, 64.70594524374263301 ) ) ;
#6015 = ADVANCED_FACE ( 'NONE', ( #5359 ), #2558, .T. ) ;
#6016 = CARTESIAN_POINT ( 'NONE',  ( -42.39999999999998437, 26.99999999999998579, 9.500000000000005329 ) ) ;
#6017 = EDGE_LOOP ( 'NONE', ( #6114, #1422, #7254, #2632 ) ) ;
#6018 = CARTESIAN_POINT ( 'NONE',  ( 43.39999999999999858, 30.00000000000000000, 2.500000000000000000 ) ) ;
#6019 = CARTESIAN_POINT ( 'NONE',  ( -43.39999999999999858, 29.17157287525379417, 78.49999999999998579 ) ) ;
#6020 = ORIENTED_EDGE ( 'NONE', *, *, #2583, .T. ) ;
#6021 = ORIENTED_EDGE ( 'NONE', *, *, #2309, .T. ) ;
#6022 = DIRECTION ( 'NONE',  ( -1.000000000000000000, 0.000000000000000000, 0.000000000000000000 ) ) ;
#6023 = DIRECTION ( 'NONE',  ( 0.000000000000000000, 0.000000000000000000, -1.000000000000000000 ) ) ;
#6024 = VERTEX_POINT ( 'NONE', #1426 ) ;
#6025 = DIRECTION ( 'NONE',  ( 0.000000000000000000, -0.000000000000000000, -1.000000000000000000 ) ) ;
#6026 =( BOUNDED_CURVE ( )  B_SPLINE_CURVE ( 3, ( #694, #30, #1216, #3441 ),
 .UNSPECIFIED., .F., .F. ) 
 B_SPLINE_CURVE_WITH_KNOTS ( ( 4, 4 ),
 ( 3.141592653589793116, 4.712388980384689674 ),
 .UNSPECIFIED. ) 
 CURVE ( )  GEOMETRIC_REPRESENTATION_ITEM ( )  RATIONAL_B_SPLINE_CURVE ( ( 1.000000000000000000, 0.8047378541243649375, 0.8047378541243649375, 1.000000000000000000 ) ) 
 REPRESENTATION_ITEM ( '' )  );
#6027 = DIRECTION ( 'NONE',  ( -1.000000000000000000, 0.000000000000000000, 0.000000000000000000 ) ) ;
#6028 = ADVANCED_FACE ( 'NONE', ( #3049 ), #3729, .T. ) ;
#6029 = FACE_OUTER_BOUND ( 'NONE', #5012, .T. ) ;
#6030 = EDGE_CURVE ( 'NONE', #2366, #3338, #868, .T. ) ;
#6031 = EDGE_LOOP ( 'NONE', ( #6250, #696, #5955, #2403, #2293 ) ) ;
#6032 = ORIENTED_EDGE ( 'NONE', *, *, #3251, .T. ) ;
#6033 = EDGE_LOOP ( 'NONE', ( #3630, #5122, #896, #5425 ) ) ;
#6034 = CARTESIAN_POINT ( 'NONE',  ( -39.39999999999999858, 0.000000000000000000, 108.5000000000000000 ) ) ;
#6035 = VERTEX_POINT ( 'NONE', #2441 ) ;
#6036 = DIRECTION ( 'NONE',  ( 1.000000000000000000, -0.000000000000000000, -0.000000000000000000 ) ) ;
#6037 = DIRECTION ( 'NONE',  ( -1.000000000000000000, 0.000000000000000000, 0.000000000000000000 ) ) ;
#6038 = EDGE_CURVE ( 'NONE', #2576, #5564, #4068, .T. ) ;
#6039 = DIRECTION ( 'NONE',  ( 1.000000000000000000, -0.000000000000000000, -0.000000000000000000 ) ) ;
#6040 = CYLINDRICAL_SURFACE ( 'NONE', #5869, 1.000000000000000888 ) ;
#6041 = CARTESIAN_POINT ( 'NONE',  ( 32.00000000000000000, 29.19999999999999929, 0.8000000000000005995 ) ) ;
#6042 = VECTOR ( 'NONE', #3570, 1000.000000000000000 ) ;
#6043 = PLANE ( 'NONE',  #5566 ) ;
#6044 = CYLINDRICAL_SURFACE ( 'NONE', #3335, 1.999999999999999556 ) ;
#6045 = LINE ( 'NONE', #6613, #4313 ) ;
#6046 = FACE_OUTER_BOUND ( 'NONE', #3025, .T. ) ;
#6047 = CARTESIAN_POINT ( 'NONE',  ( -45.40000000000000568, 29.99999999999998579, 64.48722716699411706 ) ) ;
#6048 = EDGE_LOOP ( 'NONE', ( #1865, #6334, #2241, #5729, #108, #7235, #3564 ) ) ;
#6049 = CARTESIAN_POINT ( 'NONE',  ( 48.81421356237309084, 11.41421356237307450, 108.5000000000000000 ) ) ;
#6050 = CARTESIAN_POINT ( 'NONE',  ( 38.14999999999999858, 26.99999999999998224, 3.499999999999998668 ) ) ;
#6051 = CARTESIAN_POINT ( 'NONE',  ( 47.89999999999999858, 29.99999999999998579, 118.5000000000000000 ) ) ;
#6052 = ORIENTED_EDGE ( 'NONE', *, *, #3613, .F. ) ;
#6053 = CARTESIAN_POINT ( 'NONE',  ( 38.33919584504815248, 28.90841389844877440, 78.68919584504790521 ) ) ;
#6054 = VECTOR ( 'NONE', #6115, 1000.000000000000000 ) ;
#6055 = CARTESIAN_POINT ( 'NONE',  ( 48.81421356237309084, 11.41421356237307450, 108.5000000000000000 ) ) ;
#6056 = EDGE_CURVE ( 'NONE', #2316, #3556, #1500, .T. ) ;
#6057 = ORIENTED_EDGE ( 'NONE', *, *, #7220, .F. ) ;
#6058 = ORIENTED_EDGE ( 'NONE', *, *, #5915, .T. ) ;
#6059 = DIRECTION ( 'NONE',  ( 0.000000000000000000, 0.000000000000000000, 1.000000000000000000 ) ) ;
#6060 = DIRECTION ( 'NONE',  ( 1.000000000000000000, -0.000000000000000000, -0.000000000000000000 ) ) ;
#6061 = ORIENTED_EDGE ( 'NONE', *, *, #2705, .T. ) ;
#6062 = DIRECTION ( 'NONE',  ( 0.000000000000000000, 0.000000000000000000, 1.000000000000000000 ) ) ;
#6063 = DIRECTION ( 'NONE',  ( 0.000000000000000000, -1.000000000000000000, 0.000000000000000000 ) ) ;
#6064 = CARTESIAN_POINT ( 'NONE',  ( 15.90000000000001812, -1.069038425924786372E-14, 86.07462821482178583 ) ) ;
#6065 = EDGE_CURVE ( 'NONE', #1042, #6013, #6117, .T. ) ;
#6066 = ORIENTED_EDGE ( 'NONE', *, *, #3191, .F. ) ;
#6067 = ORIENTED_EDGE ( 'NONE', *, *, #6404, .T. ) ;
#6068 = ADVANCED_FACE ( 'NONE', ( #1019 ), #4467, .F. ) ;
#6069 =( BOUNDED_CURVE ( )  B_SPLINE_CURVE ( 3, ( #6163, #4967, #917, #5442 ),
 .UNSPECIFIED., .F., .F. ) 
 B_SPLINE_CURVE_WITH_KNOTS ( ( 4, 4 ),
 ( 1.570796326794893227, 3.141592653589793116 ),
 .UNSPECIFIED. ) 
 CURVE ( )  GEOMETRIC_REPRESENTATION_ITEM ( )  RATIONAL_B_SPLINE_CURVE ( ( 1.000000000000000000, 0.8047378541243641603, 0.8047378541243641603, 1.000000000000000000 ) ) 
 REPRESENTATION_ITEM ( '' )  );
#6070 = CARTESIAN_POINT ( 'NONE',  ( 38.14999999999999858, 22.99999999999998224, 87.40000000000000568 ) ) ;
#6071 = CONICAL_SURFACE ( 'NONE', #4405, 7.999999999999992895, 0.7853981633974512766 ) ;
#6072 = VERTEX_POINT ( 'NONE', #7202 ) ;
#6073 = SPHERICAL_SURFACE ( 'NONE', #4169, 0.8000000000000000444 ) ;
#6074 = LINE ( 'NONE', #5511, #658 ) ;
#6075 = CARTESIAN_POINT ( 'NONE',  ( -38.14999999999999858, 24.89999999999998082, 4.200000000000001066 ) ) ;
#6076 = LINE ( 'NONE', #941, #1795 ) ;
#6077 = LINE ( 'NONE', #3876, #31 ) ;
#6078 = ADVANCED_FACE ( 'NONE', ( #7309 ), #4881, .T. ) ;
#6079 = DIRECTION ( 'NONE',  ( -1.661094098900092315E-16, 0.7660444431189796788, -0.6427876096865373645 ) ) ;
#6080 = CARTESIAN_POINT ( 'NONE',  ( 15.90000000000000391, 15.50000000000000178, 72.10254636550102703 ) ) ;
#6081 = EDGE_CURVE ( 'NONE', #1329, #2360, #3802, .T. ) ;
#6082 = CARTESIAN_POINT ( 'NONE',  ( -13.90000000000000213, 1.904719005828515145E-13, 96.07462821482180004 ) ) ;
#6083 = DIRECTION ( 'NONE',  ( -1.000000000000000000, -0.000000000000000000, -0.000000000000000000 ) ) ;
#6084 = CARTESIAN_POINT ( 'NONE',  ( 45.03720180189704081, 29.98009212172270566, 63.84599894515745433 ) ) ;
#6085 = VECTOR ( 'NONE', #1594, 1000.000000000000000 ) ;
#6086 = EDGE_CURVE ( 'NONE', #6464, #4187, #2180, .T. ) ;
#6087 = ORIENTED_EDGE ( 'NONE', *, *, #5665, .T. ) ;
#6088 = DIRECTION ( 'NONE',  ( 0.000000000000000000, -0.9203309184584744784, 0.3911406403448520197 ) ) ;
#6089 = CARTESIAN_POINT ( 'NONE',  ( 31.39999999999999858, 22.99999999999998224, 3.500000000000000888 ) ) ;
#6090 = FACE_OUTER_BOUND ( 'NONE', #5333, .T. ) ;
#6091 = VECTOR ( 'NONE', #3134, 1000.000000000000000 ) ;
#6092 = ORIENTED_EDGE ( 'NONE', *, *, #5039, .T. ) ;
#6093 = DIRECTION ( 'NONE',  ( -0.000000000000000000, 1.000000000000000000, 0.000000000000000000 ) ) ;
#6094 = VECTOR ( 'NONE', #5237, 1000.000000000000000 ) ;
#6095 = EDGE_LOOP ( 'NONE', ( #3457, #4529, #1341, #66 ) ) ;
#6096 = ORIENTED_EDGE ( 'NONE', *, *, #5171, .F. ) ;
#6097 = AXIS2_PLACEMENT_3D ( 'NONE', #4731, #1874, #1355 ) ;
#6098 = CARTESIAN_POINT ( 'NONE',  ( -48.15339018849303443, 11.52480990511338277, 74.98001597398152285 ) ) ;
#6099 = CYLINDRICAL_SURFACE ( 'NONE', #1545, 1.000000000000000888 ) ;
#6100 = ORIENTED_EDGE ( 'NONE', *, *, #1841, .F. ) ;
#6101 = ADVANCED_FACE ( 'NONE', ( #1576 ), #6608, .F. ) ;
#6102 = DIRECTION ( 'NONE',  ( 1.000000000000000000, 0.000000000000000000, -0.000000000000000000 ) ) ;
#6103 = VECTOR ( 'NONE', #6468, 1000.000000000000000 ) ;
#6104 = VECTOR ( 'NONE', #1224, 1000.000000000000000 ) ;
#6105 = DIRECTION ( 'NONE',  ( 0.000000000000000000, 0.000000000000000000, 1.000000000000000000 ) ) ;
#6106 = PLANE ( 'NONE',  #2037 ) ;
#6107 = ORIENTED_EDGE ( 'NONE', *, *, #6396, .F. ) ;
#6108 = ORIENTED_EDGE ( 'NONE', *, *, #2962, .F. ) ;
#6109 = VECTOR ( 'NONE', #4239, 1000.000000000000000 ) ;
#6110 = VECTOR ( 'NONE', #1660, 999.9999999999998863 ) ;
#6111 = ORIENTED_EDGE ( 'NONE', *, *, #269, .T. ) ;
#6112 = EDGE_CURVE ( 'NONE', #301, #6358, #2713, .T. ) ;
#6113 = CARTESIAN_POINT ( 'NONE',  ( -29.40000000000000213, 17.00000000000000000, 78.49999999999998579 ) ) ;
#6114 = ORIENTED_EDGE ( 'NONE', *, *, #7154, .F. ) ;
#6115 = DIRECTION ( 'NONE',  ( -1.000000000000000000, -0.000000000000000000, -0.000000000000000000 ) ) ;
#6116 = CARTESIAN_POINT ( 'NONE',  ( -44.90000000000000568, 5.999999999999995559, 39.86590682343454972 ) ) ;
#6117 = LINE ( 'NONE', #1055, #1430 ) ;
#6118 = VECTOR ( 'NONE', #7239, 1000.000000000000000 ) ;
#6119 = DIRECTION ( 'NONE',  ( 0.000000000000000000, 0.000000000000000000, 1.000000000000000000 ) ) ;
#6120 = DIRECTION ( 'NONE',  ( 0.000000000000000000, -0.7071067811865475727, 0.7071067811865475727 ) ) ;
#6121 = LINE ( 'NONE', #2718, #3629 ) ;
#6122 = CARTESIAN_POINT ( 'NONE',  ( 15.90000000000000391, 42.96779957901746627, 51.20702951416225090 ) ) ;
#6123 = CARTESIAN_POINT ( 'NONE',  ( 37.39999999999997726, 2.828427124746180965, 116.4999999999999858 ) ) ;
#6124 = DIRECTION ( 'NONE',  ( 0.000000000000000000, 0.000000000000000000, -1.000000000000000000 ) ) ;
#6125 = CARTESIAN_POINT ( 'NONE',  ( 44.91301367067452333, 29.19153413570775513, 63.05744095914225511 ) ) ;
#6126 = EDGE_CURVE ( 'NONE', #5094, #5332, #4426, .T. ) ;
#6127 = ADVANCED_FACE ( 'NONE', ( #3199 ), #5469, .T. ) ;
#6128 = AXIS2_PLACEMENT_3D ( 'NONE', #622, #4479, #6761 ) ;
#6129 = CARTESIAN_POINT ( 'NONE',  ( 49.39999999999999858, 42.32501196933095144, 50.44098507104328633 ) ) ;
#6130 = LINE ( 'NONE', #3287, #7126 ) ;
#6131 = CARTESIAN_POINT ( 'NONE',  ( -32.00000000000000000, 22.99999999999997868, 1.700000000000007061 ) ) ;
#6132 = PLANE ( 'NONE',  #3112 ) ;
#6133 = VERTEX_POINT ( 'NONE', #982 ) ;
#6134 = CYLINDRICAL_SURFACE ( 'NONE', #2747, 2.000000000000001776 ) ;
#6135 = EDGE_CURVE ( 'NONE', #36, #4797, #344, .T. ) ;
#6136 = EDGE_CURVE ( 'NONE', #3965, #2202, #3315, .T. ) ;
#6137 = EDGE_LOOP ( 'NONE', ( #4940, #1381, #139, #2986 ) ) ;
#6138 = ORIENTED_EDGE ( 'NONE', *, *, #1681, .F. ) ;
#6139 = CARTESIAN_POINT ( 'NONE',  ( -48.10710678118653760, 11.47853273387309159, 75.01884713130118598 ) ) ;
#6140 = DIRECTION ( 'NONE',  ( 0.000000000000000000, 0.000000000000000000, -1.000000000000000000 ) ) ;
#6141 = EDGE_LOOP ( 'NONE', ( #1650, #7101, #7056, #1307 ) ) ;
#6142 = FACE_OUTER_BOUND ( 'NONE', #778, .T. ) ;
#6143 = CIRCLE ( 'NONE', #3034, 2.000000000000001776 ) ;
#6144 = CARTESIAN_POINT ( 'NONE',  ( 37.39999999999996305, -1.354217172000612334E-14, 115.0857864376268935 ) ) ;
#6145 = EDGE_LOOP ( 'NONE', ( #2020, #3409, #4862, #1936 ) ) ;
#6146 = EDGE_LOOP ( 'NONE', ( #39, #257, #1570, #1377 ) ) ;
#6147 = VERTEX_POINT ( 'NONE', #5549 ) ;
#6148 = CARTESIAN_POINT ( 'NONE',  ( -39.35933488911556566, 29.86499769986562569, 79.70933488911491338 ) ) ;
#6149 = VERTEX_POINT ( 'NONE', #2636 ) ;
#6150 = CARTESIAN_POINT ( 'NONE',  ( 49.39999999999999858, 22.99999999999998579, 65.35118819767305354 ) ) ;
#6151 = LINE ( 'NONE', #3765, #4608 ) ;
#6152 = DIRECTION ( 'NONE',  ( 1.000000000000000000, 0.000000000000000000, 0.000000000000000000 ) ) ;
#6153 = CARTESIAN_POINT ( 'NONE',  ( -44.90000000000000568, 27.99999999999997513, 63.98722716699411706 ) ) ;
#6154 = CARTESIAN_POINT ( 'NONE',  ( 49.39999999999999858, 29.19999999999999929, 1.700000000000000178 ) ) ;
#6155 = EDGE_CURVE ( 'NONE', #2220, #6818, #600, .T. ) ;
#6156 = ORIENTED_EDGE ( 'NONE', *, *, #4294, .F. ) ;
#6157 = CARTESIAN_POINT ( 'NONE',  ( -31.19999999999999929, 22.99999999999997868, 118.5009999999999906 ) ) ;
#6158 = CYLINDRICAL_SURFACE ( 'NONE', #5465, 0.8000000000000020428 ) ;
#6159 = LINE ( 'NONE', #1026, #6461 ) ;
#6160 = CARTESIAN_POINT ( 'NONE',  ( 38.14999999999999858, 27.99999999999998224, 82.55267969074972711 ) ) ;
#6161 = FACE_OUTER_BOUND ( 'NONE', #4353, .T. ) ;
#6162 = VECTOR ( 'NONE', #6332, 1000.000000000000000 ) ;
#6163 = CARTESIAN_POINT ( 'NONE',  ( -44.90000000000000568, 29.06066017177979788, 62.92656699521430141 ) ) ;
#6164 = EDGE_CURVE ( 'NONE', #5690, #5524, #460, .T. ) ;
#6165 = VECTOR ( 'NONE', #6499, 1000.000000000000000 ) ;
#6166 = ORIENTED_EDGE ( 'NONE', *, *, #3160, .F. ) ;
#6167 = EDGE_CURVE ( 'NONE', #4690, #3741, #4667, .T. ) ;
#6168 = CARTESIAN_POINT ( 'NONE',  ( 38.14999999999999858, 27.99999999999998224, 79.49999999999998579 ) ) ;
#6169 = AXIS2_PLACEMENT_3D ( 'NONE', #4727, #4030, #1871 ) ;
#6170 = ORIENTED_EDGE ( 'NONE', *, *, #1041, .T. ) ;
#6171 = VERTEX_POINT ( 'NONE', #2676 ) ;
#6172 = ADVANCED_FACE ( 'NONE', ( #4395 ), #1536, .T. ) ;
#6173 = CARTESIAN_POINT ( 'NONE',  ( 13.90000000000000213, 6.999999999999989342, 0.000000000000000000 ) ) ;
#6174 = DIRECTION ( 'NONE',  ( 0.000000000000000000, 0.000000000000000000, -1.000000000000000000 ) ) ;
#6175 = VERTEX_POINT ( 'NONE', #7272 ) ;
#6176 = VECTOR ( 'NONE', #4675, 1000.000000000000000 ) ;
#6177 = ADVANCED_FACE ( 'NONE', ( #2790 ), #4617, .T. ) ;
#6178 = CARTESIAN_POINT ( 'NONE',  ( 40.70923294630668465, 5.875813481787433012, 118.5000000000000000 ) ) ;
#6179 = VERTEX_POINT ( 'NONE', #2330 ) ;
#6180 = AXIS2_PLACEMENT_3D ( 'NONE', #6050, #3139, #6544 ) ;
#6181 = AXIS2_PLACEMENT_3D ( 'NONE', #2093, #1488, #7227 ) ;
#6182 = ORIENTED_EDGE ( 'NONE', *, *, #5844, .T. ) ;
#6183 = EDGE_CURVE ( 'NONE', #927, #36, #4090, .T. ) ;
#6184 = ADVANCED_BREP_SHAPE_REPRESENTATION ( 'badge_case_final', ( #4, #3730 ), #4082 ) ;
#6185 = ORIENTED_EDGE ( 'NONE', *, *, #2802, .T. ) ;
#6186 = ADVANCED_FACE ( 'NONE', ( #1127 ), #6864, .T. ) ;
#6187 = DIRECTION ( 'NONE',  ( 0.000000000000000000, -0.7071067811865499042, 0.7071067811865451302 ) ) ;
#6188 = DIRECTION ( 'NONE',  ( 0.000000000000000000, 0.000000000000000000, -1.000000000000000000 ) ) ;
#6189 = FACE_OUTER_BOUND ( 'NONE', #6095, .T. ) ;
#6190 = CARTESIAN_POINT ( 'NONE',  ( 31.39999999999999858, 13.99999999999989875, 2.500000000000002220 ) ) ;
#6191 = CARTESIAN_POINT ( 'NONE',  ( -43.39999999999998437, 0.000000000000000000, 0.000000000000000000 ) ) ;
#6192 = ORIENTED_EDGE ( 'NONE', *, *, #3593, .F. ) ;
#6193 = ORIENTED_EDGE ( 'NONE', *, *, #4412, .T. ) ;
#6194 = PLANE ( 'NONE',  #994 ) ;
#6195 = AXIS2_PLACEMENT_3D ( 'NONE', #4346, #4490, #4457 ) ;
#6196 = DIRECTION ( 'NONE',  ( 0.000000000000000000, -0.7071067811865475727, -0.7071067811865474617 ) ) ;
#6197 = CARTESIAN_POINT ( 'NONE',  ( 13.90000000000003588, 17.00000000000000000, 74.25525001016715976 ) ) ;
#6198 = LINE ( 'NONE', #3360, #4125 ) ;
#6199 = EDGE_CURVE ( 'NONE', #5760, #135, #2155, .T. ) ;
#6200 = VECTOR ( 'NONE', #5220, 1000.000000000000000 ) ;
#6201 = CARTESIAN_POINT ( 'NONE',  ( 44.17090647777472867, 29.59933360252089685, 64.38706056762434571 ) ) ;
#6202 = CARTESIAN_POINT ( 'NONE',  ( -13.90000000000000213, 2.828427124746181853, 108.5000000000000000 ) ) ;
#6203 = CARTESIAN_POINT ( 'NONE',  ( 14.48578643762691520, 1.414213562373083821, 84.39642895246723242 ) ) ;
#6204 = CARTESIAN_POINT ( 'NONE',  ( 47.39999999999999858, 1.000000000000000888, 2.041077998578924066E-17 ) ) ;
#6205 = CARTESIAN_POINT ( 'NONE',  ( 42.39999999999998437, 0.000000000000000000, 9.500000000000005329 ) ) ;
#6206 = CYLINDRICAL_SURFACE ( 'NONE', #1195, 2.000000000000001776 ) ;
#6207 = ORIENTED_EDGE ( 'NONE', *, *, #6930, .T. ) ;
#6208 = EDGE_CURVE ( 'NONE', #4454, #1042, #534, .T. ) ;
#6209 = DIRECTION ( 'NONE',  ( -0.000000000000000000, -0.000000000000000000, -1.000000000000000000 ) ) ;
#6210 = VECTOR ( 'NONE', #1072, 1000.000000000000000 ) ;
#6211 = ORIENTED_EDGE ( 'NONE', *, *, #2266, .F. ) ;
#6212 = EDGE_LOOP ( 'NONE', ( #6427, #3346, #3095, #6284, #3375, #5367, #6506, #5871 ) ) ;
#6213 = VECTOR ( 'NONE', #6695, 1000.000000000000000 ) ;
#6214 = DIRECTION ( 'NONE',  ( 0.000000000000000000, -2.465544075527127488E-16, 1.000000000000000000 ) ) ;
#6215 = CYLINDRICAL_SURFACE ( 'NONE', #3831, 2.000000000000001776 ) ;
#6216 = EDGE_LOOP ( 'NONE', ( #4863, #1970, #3381, #150 ) ) ;
#6217 = CARTESIAN_POINT ( 'NONE',  ( 47.39666842238075617, 11.22576186264522669, 114.6454672013501863 ) ) ;
#6218 = VECTOR ( 'NONE', #4213, 1000.000000000000000 ) ;
#6219 = EDGE_CURVE ( 'NONE', #6674, #2655, #4048, .T. ) ;
#6220 = ORIENTED_EDGE ( 'NONE', *, *, #5481, .F. ) ;
#6221 = EDGE_CURVE ( 'NONE', #5842, #7135, #609, .T. ) ;
#6222 = CIRCLE ( 'NONE', #4663, 0.8000000000000001554 ) ;
#6223 = VERTEX_POINT ( 'NONE', #1162 ) ;
#6224 = VECTOR ( 'NONE', #4856, 1000.000000000000000 ) ;
#6225 = VECTOR ( 'NONE', #2929, 1000.000000000000000 ) ;
#6226 = ORIENTED_EDGE ( 'NONE', *, *, #4963, .T. ) ;
#6227 = CARTESIAN_POINT ( 'NONE',  ( -38.27168512291369495, 28.74763398995455432, 78.62168512291368927 ) ) ;
#6228 = LINE ( 'NONE', #1686, #1534 ) ;
#6229 = PLANE ( 'NONE',  #2695 ) ;
#6230 = CONICAL_SURFACE ( 'NONE', #5030, 7.999999999999992895, 0.7853981633974512766 ) ;
#6231 = DIRECTION ( 'NONE',  ( 0.000000000000000000, 0.000000000000000000, -1.000000000000000000 ) ) ;
#6232 = EDGE_CURVE ( 'NONE', #5200, #1454, #7374, .T. ) ;
#6233 = CIRCLE ( 'NONE', #3721, 2.000000000000000000 ) ;
#6234 = CIRCLE ( 'NONE', #3247, 2.000000000000001776 ) ;
#6235 = EDGE_LOOP ( 'NONE', ( #1811, #5611, #1603, #3380 ) ) ;
#6236 = ORIENTED_EDGE ( 'NONE', *, *, #6730, .F. ) ;
#6237 = PLANE ( 'NONE',  #2915 ) ;
#6238 = FACE_OUTER_BOUND ( 'NONE', #1962, .T. ) ;
#6239 = CARTESIAN_POINT ( 'NONE',  ( 15.50244617905689104, 17.00000000000000000, 73.85710746571974994 ) ) ;
#6240 = AXIS2_PLACEMENT_3D ( 'NONE', #234, #4805, #196 ) ;
#6241 = DIRECTION ( 'NONE',  ( -1.000000000000000000, -0.000000000000000000, -0.000000000000000000 ) ) ;
#6242 = CARTESIAN_POINT ( 'NONE',  ( -15.40000000000000213, 28.49999999999998224, 108.5000000000000000 ) ) ;
#6243 = CARTESIAN_POINT ( 'NONE',  ( -45.50050506338832434, 8.100505063388325766, 116.4999999999999858 ) ) ;
#6244 = DIRECTION ( 'NONE',  ( 0.000000000000000000, 0.000000000000000000, -1.000000000000000000 ) ) ;
#6245 = CARTESIAN_POINT ( 'NONE',  ( 49.39999999999999858, 28.49999999999998224, 118.5000000000000000 ) ) ;
#6246 = DIRECTION ( 'NONE',  ( 0.000000000000000000, 0.000000000000000000, -1.000000000000000000 ) ) ;
#6247 = DIRECTION ( 'NONE',  ( 1.000000000000000000, 0.000000000000000000, 0.000000000000000000 ) ) ;
#6248 = ORIENTED_EDGE ( 'NONE', *, *, #4241, .T. ) ;
#6249 = DIRECTION ( 'NONE',  ( 0.000000000000000000, 0.000000000000000000, 1.000000000000000000 ) ) ;
#6250 = ORIENTED_EDGE ( 'NONE', *, *, #2647, .T. ) ;
#6251 = EDGE_CURVE ( 'NONE', #6764, #33, #2363, .T. ) ;
#6252 = VERTEX_POINT ( 'NONE', #2858 ) ;
#6253 = CARTESIAN_POINT ( 'NONE',  ( -44.39999999999999147, 22.99999999999998579, 65.35118819767305354 ) ) ;
#6254 = DIRECTION ( 'NONE',  ( -1.000000000000000000, 0.000000000000000000, 0.000000000000000000 ) ) ;
#6255 = ORIENTED_EDGE ( 'NONE', *, *, #2007, .T. ) ;
#6256 = CARTESIAN_POINT ( 'NONE',  ( 49.13972676554589469, 12.62020853718262003, 111.1174788463384147 ) ) ;
#6257 = VERTEX_POINT ( 'NONE', #503 ) ;
#6258 = ORIENTED_EDGE ( 'NONE', *, *, #6584, .T. ) ;
#6259 = ORIENTED_EDGE ( 'NONE', *, *, #4136, .F. ) ;
#6260 = EDGE_CURVE ( 'NONE', #6660, #1496, #6697, .T. ) ;
#6261 = CARTESIAN_POINT ( 'NONE',  ( -40.14999999999999858, 29.99999999999998579, 80.49999999999998579 ) ) ;
#6262 = CARTESIAN_POINT ( 'NONE',  ( -32.00000000000000000, 4.800000000000000711, 1.700000000000000178 ) ) ;
#6263 = CARTESIAN_POINT ( 'NONE',  ( -49.40000881912935426, 12.69752669922418953, 75.24647778451182489 ) ) ;
#6264 = EDGE_CURVE ( 'NONE', #1360, #6475, #3230, .T. ) ;
#6265 = CARTESIAN_POINT ( 'NONE',  ( -15.40000000000000213, 28.49999999999998224, 0.000000000000000000 ) ) ;
#6266 = CARTESIAN_POINT ( 'NONE',  ( 49.39999999999999858, 29.19999999999999929, 5.959947755850446638E-16 ) ) ;
#6267 = EDGE_LOOP ( 'NONE', ( #6929, #2608, #5567, #6185 ) ) ;
#6268 = VERTEX_POINT ( 'NONE', #3492 ) ;
#6269 = CARTESIAN_POINT ( 'NONE',  ( -42.59999999999998721, 30.00000000000000000, 1.700000000000000178 ) ) ;
#6270 = DIRECTION ( 'NONE',  ( -1.000000000000000000, 0.000000000000000000, 0.000000000000000000 ) ) ;
#6271 = EDGE_CURVE ( 'NONE', #5343, #5882, #5770, .T. ) ;
#6272 = CARTESIAN_POINT ( 'NONE',  ( 13.90000000000000391, 15.50000000000003197, 74.25525001016715976 ) ) ;
#6273 = ADVANCED_FACE ( 'NONE', ( #4540 ), #2256, .T. ) ;
#6274 =( BOUNDED_CURVE ( )  B_SPLINE_CURVE ( 3, ( #2228, #2540, #6019, #1064 ),
 .UNSPECIFIED., .F., .F. ) 
 B_SPLINE_CURVE_WITH_KNOTS ( ( 4, 4 ),
 ( 4.712388980384689674, 6.283185307179586232 ),
 .UNSPECIFIED. ) 
 CURVE ( )  GEOMETRIC_REPRESENTATION_ITEM ( )  RATIONAL_B_SPLINE_CURVE ( ( 1.000000000000000000, 0.8047378541243649375, 0.8047378541243649375, 1.000000000000000000 ) ) 
 REPRESENTATION_ITEM ( '' )  );
#6275 = DIRECTION ( 'NONE',  ( 0.000000000000000000, 0.000000000000000000, 1.000000000000000000 ) ) ;
#6276 = CARTESIAN_POINT ( 'NONE',  ( 36.88236190979490203, -1.762526823040969774E-14, 116.4999999999999716 ) ) ;
#6277 = DIRECTION ( 'NONE',  ( 0.000000000000000000, -0.000000000000000000, -1.000000000000000000 ) ) ;
#6278 = CARTESIAN_POINT ( 'NONE',  ( -15.90000000000000391, 2.828427124746192511, 2.780334706416217627E-16 ) ) ;
#6279 = PLANE ( 'NONE',  #1696 ) ;
#6280 = CARTESIAN_POINT ( 'NONE',  ( -47.39999999999999858, -4.931088151054254976E-16, 2.000000000000000000 ) ) ;
#6281 = ORIENTED_EDGE ( 'NONE', *, *, #4875, .F. ) ;
#6282 = DIRECTION ( 'NONE',  ( 0.000000000000000000, -0.7071067811865474617, 0.7071067811865475727 ) ) ;
#6283 = VECTOR ( 'NONE', #1646, 1000.000000000000000 ) ;
#6284 = ORIENTED_EDGE ( 'NONE', *, *, #4806, .T. ) ;
#6285 = VECTOR ( 'NONE', #3284, 1000.000000000000000 ) ;
#6286 = VERTEX_POINT ( 'NONE', #5204 ) ;
#6287 = CARTESIAN_POINT ( 'NONE',  ( 43.39999999999999858, 29.17157287525379417, 64.28012038580757803 ) ) ;
#6288 = DIRECTION ( 'NONE',  ( 0.000000000000000000, 0.000000000000000000, -1.000000000000000000 ) ) ;
#6289 = ORIENTED_EDGE ( 'NONE', *, *, #1357, .T. ) ;
#6290 = EDGE_CURVE ( 'NONE', #6578, #168, #1688, .T. ) ;
#6291 = CARTESIAN_POINT ( 'NONE',  ( 41.94002751998618095, 4.540027519973001802, 118.3230954034859508 ) ) ;
#6292 = EDGE_LOOP ( 'NONE', ( #6236, #213, #5273, #4337 ) ) ;
#6293 = ORIENTED_EDGE ( 'NONE', *, *, #6038, .T. ) ;
#6294 = ORIENTED_EDGE ( 'NONE', *, *, #1299, .F. ) ;
#6295 = CARTESIAN_POINT ( 'NONE',  ( -38.64322638669964505, 29.32165351144582033, 79.74661319334981613 ) ) ;
#6296 = CYLINDRICAL_SURFACE ( 'NONE', #471, 1.500000000000001332 ) ;
#6297 = DIRECTION ( 'NONE',  ( 6.842277657836020854E-49, -2.041077998578920060E-17, 1.000000000000000000 ) ) ;
#6298 = EDGE_CURVE ( 'NONE', #1269, #6670, #5851, .T. ) ;
#6299 = DIRECTION ( 'NONE',  ( -0.000000000000000000, -9.829967624376073786E-17, 1.000000000000000000 ) ) ;
#6300 = AXIS2_PLACEMENT_3D ( 'NONE', #5006, #881, #3700 ) ;
#6301 = VECTOR ( 'NONE', #3096, 999.9999999999998863 ) ;
#6302 = EDGE_LOOP ( 'NONE', ( #1286, #527, #1849, #5663 ) ) ;
#6303 = EDGE_CURVE ( 'NONE', #5343, #6628, #1793, .T. ) ;
#6304 = ORIENTED_EDGE ( 'NONE', *, *, #4662, .T. ) ;
#6305 = CARTESIAN_POINT ( 'NONE',  ( 44.02132034355964407, 5.999999999999993783, 6.499999999999992895 ) ) ;
#6306 = DIRECTION ( 'NONE',  ( 1.000000000000000000, 0.000000000000000000, 0.000000000000000000 ) ) ;
#6307 = FACE_OUTER_BOUND ( 'NONE', #4506, .T. ) ;
#6308 = CARTESIAN_POINT ( 'NONE',  ( 48.10710678118653760, 11.47853273387309336, 75.01884713130118598 ) ) ;
#6309 = CARTESIAN_POINT ( 'NONE',  ( 30.39999999999999503, 4.800000000000000711, 1.700000000000007061 ) ) ;
#6310 = DIRECTION ( 'NONE',  ( -0.000000000000000000, -0.7071067811865487940, -0.7071067811865463515 ) ) ;
#6311 = ADVANCED_FACE ( 'NONE', ( #3388 ), #2823, .T. ) ;
#6312 = EDGE_CURVE ( 'NONE', #5945, #2434, #4122, .T. ) ;
#6313 = DIRECTION ( 'NONE',  ( 0.000000000000000000, 6.911788849595102600E-15, -1.000000000000000000 ) ) ;
#6314 = DIRECTION ( 'NONE',  ( 1.000000000000000000, -0.000000000000000000, -0.000000000000000000 ) ) ;
#6315 = CARTESIAN_POINT ( 'NONE',  ( -14.10160279343108947, 17.00000000000000000, 71.22548195566794504 ) ) ;
#6316 =( BOUNDED_CURVE ( )  B_SPLINE_CURVE ( 3, ( #163, #4285, #2416, #2484 ),
 .UNSPECIFIED., .F., .F. ) 
 B_SPLINE_CURVE_WITH_KNOTS ( ( 4, 4 ),
 ( 1.570796326794896558, 3.141592653589793116 ),
 .UNSPECIFIED. ) 
 CURVE ( )  GEOMETRIC_REPRESENTATION_ITEM ( )  RATIONAL_B_SPLINE_CURVE ( ( 1.000000000000000000, 0.8047378541243649375, 0.8047378541243649375, 1.000000000000000000 ) ) 
 REPRESENTATION_ITEM ( '' )  );
#6317 = CARTESIAN_POINT ( 'NONE',  ( 15.40000000000000213, 17.00000000000000000, 88.49999999999998579 ) ) ;
#6318 = VECTOR ( 'NONE', #4825, 1000.000000000000000 ) ;
#6319 = DIRECTION ( 'NONE',  ( 0.000000000000000000, 0.000000000000000000, 1.000000000000000000 ) ) ;
#6320 = ADVANCED_FACE ( 'NONE', ( #750 ), #5277, .F. ) ;
#6321 = ORIENTED_EDGE ( 'NONE', *, *, #6661, .T. ) ;
#6322 = ORIENTED_EDGE ( 'NONE', *, *, #4584, .T. ) ;
#6323 = PLANE ( 'NONE',  #2591 ) ;
#6324 = CARTESIAN_POINT ( 'NONE',  ( -30.39999999999999503, 3.200000000000000178, 0.8000000000000001554 ) ) ;
#6325 = ORIENTED_EDGE ( 'NONE', *, *, #2123, .F. ) ;
#6326 = CARTESIAN_POINT ( 'NONE',  ( 49.40000000000000568, 11.99999999999998757, 108.5000000000000000 ) ) ;
#6327 = AXIS2_PLACEMENT_3D ( 'NONE', #2023, #6606, #458 ) ;
#6328 = ORIENTED_EDGE ( 'NONE', *, *, #2453, .T. ) ;
#6329 = ORIENTED_EDGE ( 'NONE', *, *, #4240, .F. ) ;
#6330 = ORIENTED_EDGE ( 'NONE', *, *, #4748, .F. ) ;
#6331 = AXIS2_PLACEMENT_3D ( 'NONE', #2039, #5329, #6419 ) ;
#6332 = DIRECTION ( 'NONE',  ( 0.000000000000000000, 2.041077998578920060E-17, -1.000000000000000000 ) ) ;
#6333 = CARTESIAN_POINT ( 'NONE',  ( -36.57157287525377853, 2.828427124746180077, 118.5000000000000000 ) ) ;
#6334 = ORIENTED_EDGE ( 'NONE', *, *, #338, .T. ) ;
#6335 = AXIS2_PLACEMENT_3D ( 'NONE', #3173, #4451, #4935 ) ;
#6336 = ORIENTED_EDGE ( 'NONE', *, *, #1380, .F. ) ;
#6337 = AXIS2_PLACEMENT_3D ( 'NONE', #5136, #5175, #7340 ) ;
#6338 = EDGE_CURVE ( 'NONE', #3010, #6001, #1303, .T. ) ;
#6339 = DIRECTION ( 'NONE',  ( -1.000000000000000000, 0.000000000000000000, 0.000000000000000000 ) ) ;
#6340 = LINE ( 'NONE', #1207, #6318 ) ;
#6341 = VECTOR ( 'NONE', #5427, 1000.000000000000000 ) ;
#6342 = CARTESIAN_POINT ( 'NONE',  ( 13.95205468838193852, 15.24762750605374428, 73.78364035285957812 ) ) ;
#6343 = CARTESIAN_POINT ( 'NONE',  ( 48.29883282040507453, 11.74248797063492233, 74.79736238948703431 ) ) ;
#6344 = AXIS2_PLACEMENT_3D ( 'NONE', #2806, #5711, #2234 ) ;
#6345 = DIRECTION ( 'NONE',  ( -1.000000000000000000, 0.000000000000000000, 0.000000000000000000 ) ) ;
#6346 = AXIS2_PLACEMENT_3D ( 'NONE', #3706, #5598, #1656 ) ;
#6347 = FACE_OUTER_BOUND ( 'NONE', #1903, .T. ) ;
#6348 = STYLED_ITEM ( 'NONE', ( #3286 ), #4 ) ;
#6349 = CARTESIAN_POINT ( 'NONE',  ( -42.01747884528871424, 6.922410200980182893, 118.2397267659806914 ) ) ;
#6350 = CARTESIAN_POINT ( 'NONE',  ( 38.14999999999999858, 22.99999999999998224, 87.40000000000000568 ) ) ;
#6351 = CARTESIAN_POINT ( 'NONE',  ( -15.90000000000000213, 17.00000000000000355, 70.38578598473675640 ) ) ;
#6352 = EDGE_CURVE ( 'NONE', #7066, #5509, #2470, .T. ) ;
#6353 = CARTESIAN_POINT ( 'NONE',  ( -49.39999999999999858, 9.999999999999992895, 118.5009999999999906 ) ) ;
#6354 = DIRECTION ( 'NONE',  ( 0.000000000000000000, -0.7071067811865439090, 0.7071067811865512365 ) ) ;
#6355 = EDGE_CURVE ( 'NONE', #1922, #897, #113, .T. ) ;
#6356 = ORIENTED_EDGE ( 'NONE', *, *, #4573, .T. ) ;
#6357 =( BOUNDED_CURVE ( )  B_SPLINE_CURVE ( 3, ( #5222, #4419, #4069, #4598 ),
 .UNSPECIFIED., .F., .F. ) 
 B_SPLINE_CURVE_WITH_KNOTS ( ( 4, 4 ),
 ( 3.141592653589793116, 4.712388980384689674 ),
 .UNSPECIFIED. ) 
 CURVE ( )  GEOMETRIC_REPRESENTATION_ITEM ( )  RATIONAL_B_SPLINE_CURVE ( ( 1.000000000000000000, 0.8047378541243649375, 0.8047378541243649375, 1.000000000000000000 ) ) 
 REPRESENTATION_ITEM ( '' )  );
#6358 = VERTEX_POINT ( 'NONE', #1934 ) ;
#6359 = DIRECTION ( 'NONE',  ( 0.000000000000000000, 0.000000000000000000, -1.000000000000000000 ) ) ;
#6360 = FACE_OUTER_BOUND ( 'NONE', #6399, .T. ) ;
#6361 = ORIENTED_EDGE ( 'NONE', *, *, #899, .F. ) ;
#6362 = EDGE_CURVE ( 'NONE', #665, #1397, #4795, .T. ) ;
#6363 = ADVANCED_FACE ( 'NONE', ( #221 ), #7073, .T. ) ;
#6364 = CARTESIAN_POINT ( 'NONE',  ( -31.56670593126604984, 29.19999999999999929, 2.372499999999992504 ) ) ;
#6365 = ORIENTED_EDGE ( 'NONE', *, *, #3917, .T. ) ;
#6366 = EDGE_LOOP ( 'NONE', ( #5541, #788, #4461 ) ) ;
#6367 = ORIENTED_EDGE ( 'NONE', *, *, #5076, .F. ) ;
#6368 = CARTESIAN_POINT ( 'NONE',  ( 49.29143948158888833, 12.17517344511440847, 75.46561354190865245 ) ) ;
#6369 = LINE ( 'NONE', #5838, #7133 ) ;
#6370 = CARTESIAN_POINT ( 'NONE',  ( 13.90000000000000213, 2.828427124746181853, 108.5000000000000000 ) ) ;
#6371 = FACE_OUTER_BOUND ( 'NONE', #154, .T. ) ;
#6372 = EDGE_LOOP ( 'NONE', ( #3626, #5912, #2392, #2693, #1259 ) ) ;
#6373 = ORIENTED_EDGE ( 'NONE', *, *, #260, .F. ) ;
#6374 = CYLINDRICAL_SURFACE ( 'NONE', #2736, 2.000000000000000000 ) ;
#6375 = LINE ( 'NONE', #1237, #5980 ) ;
#6376 = LINE ( 'NONE', #5807, #7366 ) ;
#6377 = DIRECTION ( 'NONE',  ( 0.5773502691896283956, 0.5773502691896245098, -0.5773502691896245098 ) ) ;
#6378 = CARTESIAN_POINT ( 'NONE',  ( -49.39999999999999858, 29.99999999999998579, 90.49999999999998579 ) ) ;
#6379 = EDGE_CURVE ( 'NONE', #3581, #5580, #7109, .T. ) ;
#6380 = FACE_OUTER_BOUND ( 'NONE', #2630, .T. ) ;
#6381 = CARTESIAN_POINT ( 'NONE',  ( 49.39999999999999858, 29.19999999999999929, 2.500000000000000000 ) ) ;
#6382 = DIRECTION ( 'NONE',  ( 0.000000000000000000, -1.000000000000000000, -0.000000000000000000 ) ) ;
#6383 = FACE_OUTER_BOUND ( 'NONE', #4214, .T. ) ;
#6384 = PLANE ( 'NONE',  #5741 ) ;
#6385 = CARTESIAN_POINT ( 'NONE',  ( -15.40000000000000213, 17.00000000000000000, 88.49999999999998579 ) ) ;
#6386 = ORIENTED_EDGE ( 'NONE', *, *, #5102, .F. ) ;
#6387 = EDGE_CURVE ( 'NONE', #6936, #7075, #5351, .T. ) ;
#6388 = ORIENTED_EDGE ( 'NONE', *, *, #7193, .F. ) ;
#6389 = CARTESIAN_POINT ( 'NONE',  ( 48.77867965644036019, 5.999999999999992895, 6.500000000000000888 ) ) ;
#6390 = CARTESIAN_POINT ( 'NONE',  ( 49.39999999999999858, 9.999999999999994671, 2.500000000000000000 ) ) ;
#6391 = LINE ( 'NONE', #35, #1783 ) ;
#6392 = ORIENTED_EDGE ( 'NONE', *, *, #1227, .T. ) ;
#6393 = CARTESIAN_POINT ( 'NONE',  ( 49.39999999999999858, -2.465544075527126995E-16, 0.9999999999999997780 ) ) ;
#6394 = AXIS2_PLACEMENT_3D ( 'NONE', #3159, #5028, #5430 ) ;
#6395 = ORIENTED_EDGE ( 'NONE', *, *, #4045, .F. ) ;
#6396 = EDGE_CURVE ( 'NONE', #4482, #4460, #6971, .T. ) ;
#6397 = EDGE_LOOP ( 'NONE', ( #6057, #3670, #7264, #5727 ) ) ;
#6398 = EDGE_CURVE ( 'NONE', #4786, #2511, #6517, .T. ) ;
#6399 = EDGE_LOOP ( 'NONE', ( #1977, #3760, #6715, #6853 ) ) ;
#6400 = CARTESIAN_POINT ( 'NONE',  ( 49.05440774371798085, 11.70451839524725379, 75.66309415293467566 ) ) ;
#6401 = CARTESIAN_POINT ( 'NONE',  ( -43.39999999999999858, 4.939339828220180806, 40.92656699521436536 ) ) ;
#6402 = CARTESIAN_POINT ( 'NONE',  ( -23.90000000000000568, 2.828427124746180965, 116.4999999999999858 ) ) ;
#6403 = ORIENTED_EDGE ( 'NONE', *, *, #5519, .T. ) ;
#6404 = EDGE_CURVE ( 'NONE', #1999, #1408, #6458, .T. ) ;
#6405 = ORIENTED_EDGE ( 'NONE', *, *, #3105, .T. ) ;
#6406 = CYLINDRICAL_SURFACE ( 'NONE', #1432, 2.000000000000001776 ) ;
#6407 = EDGE_LOOP ( 'NONE', ( #6657, #2550, #223, #4576 ) ) ;
#6408 = CYLINDRICAL_SURFACE ( 'NONE', #5809, 1.000000000000000888 ) ;
#6409 = CYLINDRICAL_SURFACE ( 'NONE', #3412, 0.8000000000000020428 ) ;
#6410 = AXIS2_PLACEMENT_3D ( 'NONE', #4303, #3181, #3787 ) ;
#6411 = CARTESIAN_POINT ( 'NONE',  ( -49.39999999999999858, 28.49999999999998224, 64.48722716699411706 ) ) ;
#6412 = CARTESIAN_POINT ( 'NONE',  ( -43.06862915010151482, 30.00000000000000000, 2.168629150101524239 ) ) ;
#6413 = CIRCLE ( 'NONE', #441, 1.000000000000000888 ) ;
#6414 = CIRCLE ( 'NONE', #915, 2.000000000000001776 ) ;
#6415 = CARTESIAN_POINT ( 'NONE',  ( -48.77867965644037440, 5.999999999999998224, 39.86590682343454262 ) ) ;
#6416 = SPHERICAL_SURFACE ( 'NONE', #7149, 1.500000000000000000 ) ;
#6417 = PLANE ( 'NONE',  #5033 ) ;
#6418 = CARTESIAN_POINT ( 'NONE',  ( -16.47024590568923585, -1.015169862804562543E-14, 84.65047971475041777 ) ) ;
#6419 = DIRECTION ( 'NONE',  ( 0.000000000000000000, 0.7071067811865487940, 0.7071067811865463515 ) ) ;
#6420 = ORIENTED_EDGE ( 'NONE', *, *, #3374, .F. ) ;
#6421 = ORIENTED_EDGE ( 'NONE', *, *, #7132, .T. ) ;
#6422 = DIRECTION ( 'NONE',  ( 0.000000000000000000, -1.000000000000000000, -0.000000000000000000 ) ) ;
#6423 = EDGE_CURVE ( 'NONE', #2010, #4001, #5954, .T. ) ;
#6424 = CARTESIAN_POINT ( 'NONE',  ( 13.90000000000000213, 17.00000000000000000, 73.60254636550102703 ) ) ;
#6425 = CARTESIAN_POINT ( 'NONE',  ( -15.90000000000000391, 2.828427124746183630, 84.88796213622862297 ) ) ;
#6426 = AXIS2_PLACEMENT_3D ( 'NONE', #5142, #6306, #541 ) ;
#6427 = ORIENTED_EDGE ( 'NONE', *, *, #4844, .T. ) ;
#6428 = CARTESIAN_POINT ( 'NONE',  ( 47.89999999999999858, 29.99999999999998579, 64.48722716699411706 ) ) ;
#6429 = DIRECTION ( 'NONE',  ( -1.000000000000000000, 0.000000000000000000, 0.000000000000000000 ) ) ;
#6430 = CIRCLE ( 'NONE', #5831, 2.000000000000001776 ) ;
#6431 = EDGE_LOOP ( 'NONE', ( #5834, #3192, #6789, #5846 ) ) ;
#6432 = VERTEX_POINT ( 'NONE', #3007 ) ;
#6433 = EDGE_LOOP ( 'NONE', ( #6322, #336, #4603, #1113 ) ) ;
#6434 = LINE ( 'NONE', #1790, #3710 ) ;
#6435 = PLANE ( 'NONE',  #5815 ) ;
#6436 = EDGE_CURVE ( 'NONE', #2420, #2429, #3637, .T. ) ;
#6437 = CARTESIAN_POINT ( 'NONE',  ( -28.40000000000000213, 21.99999999999998224, 88.49999999999998579 ) ) ;
#6438 = AXIS2_PLACEMENT_3D ( 'NONE', #4669, #4000, #625 ) ;
#6439 = EDGE_CURVE ( 'NONE', #3451, #6521, #3040, .T. ) ;
#6440 = ORIENTED_EDGE ( 'NONE', *, *, #5025, .F. ) ;
#6441 = ORIENTED_EDGE ( 'NONE', *, *, #3843, .T. ) ;
#6442 = CIRCLE ( 'NONE', #2146, 1.499999999999999556 ) ;
#6443 = CARTESIAN_POINT ( 'NONE',  ( -30.39999999999999503, 4.800000000000000711, 0.7999999999999951594 ) ) ;
#6444 = ORIENTED_EDGE ( 'NONE', *, *, #2599, .T. ) ;
#6445 = DIRECTION ( 'NONE',  ( 1.000000000000000000, 0.000000000000000000, 0.000000000000000000 ) ) ;
#6446 = LINE ( 'NONE', #2409, #2443 ) ;
#6447 = EDGE_CURVE ( 'NONE', #4504, #5842, #1308, .T. ) ;
#6448 = CARTESIAN_POINT ( 'NONE',  ( 13.90000000000000213, 5.999999999999987566, 96.07462821482178583 ) ) ;
#6449 = FACE_OUTER_BOUND ( 'NONE', #4355, .T. ) ;
#6450 = EDGE_CURVE ( 'NONE', #6252, #3104, #5911, .T. ) ;
#6451 = VECTOR ( 'NONE', #642, 1000.000000000000000 ) ;
#6452 = CIRCLE ( 'NONE', #4548, 1.000000000000000888 ) ;
#6453 = LINE ( 'NONE', #6381, #666 ) ;
#6454 = CARTESIAN_POINT ( 'NONE',  ( -28.40000000000000213, 27.99999999999998224, 0.000000000000000000 ) ) ;
#6455 = B_SPLINE_CURVE_WITH_KNOTS ( 'NONE', 3,
 ( #3943, #5096, #4047, #532, #2822, #6862, #2789, #1721, #6263, #2216 ),
 .UNSPECIFIED., .F., .F.,
 ( 4, 2, 2, 2, 4 ),
 ( 0.000000000000000000, 0.2500000000000000000, 0.5000000000000000000, 0.7500000000000000000, 1.000000000000000000 ),
 .UNSPECIFIED. ) ;
#6456 = CARTESIAN_POINT ( 'NONE',  ( 44.39999999999999147, 22.99999999999998579, 65.35118819767305354 ) ) ;
#6457 = VECTOR ( 'NONE', #101, 1000.000000000000000 ) ;
#6458 = CIRCLE ( 'NONE', #4553, 2.000000000000001776 ) ;
#6459 = CARTESIAN_POINT ( 'NONE',  ( 43.39999999999999858, 26.99999999999998224, 3.499999999999998668 ) ) ;
#6460 = DIRECTION ( 'NONE',  ( -0.3333333333333322601, -0.6666666666666704044, -0.6666666666666635210 ) ) ;
#6461 = VECTOR ( 'NONE', #3324, 1000.000000000000000 ) ;
#6462 = CIRCLE ( 'NONE', #2882, 0.7999999999999999334 ) ;
#6463 = ORIENTED_EDGE ( 'NONE', *, *, #4118, .F. ) ;
#6464 = VERTEX_POINT ( 'NONE', #2433 ) ;
#6465 = VECTOR ( 'NONE', #7354, 1000.000000000000000 ) ;
#6466 = DIRECTION ( 'NONE',  ( 0.000000000000000000, -0.7660444431189792347, 0.6427876096865379196 ) ) ;
#6467 = DIRECTION ( 'NONE',  ( 0.000000000000000000, 0.000000000000000000, -1.000000000000000000 ) ) ;
#6468 = DIRECTION ( 'NONE',  ( -0.000000000000000000, -0.7071067811865474617, 0.7071067811865475727 ) ) ;
#6469 = ORIENTED_EDGE ( 'NONE', *, *, #3420, .T. ) ;
#6470 = CARTESIAN_POINT ( 'NONE',  ( 38.35233407185199184, 28.88630239515455855, 79.60116703592620979 ) ) ;
#6471 = AXIS2_PLACEMENT_3D ( 'NONE', #5922, #6492, #3648 ) ;
#6472 = CYLINDRICAL_SURFACE ( 'NONE', #5629, 2.000000000000001776 ) ;
#6473 = EDGE_CURVE ( 'NONE', #2174, #3110, #3592, .T. ) ;
#6474 = VERTEX_POINT ( 'NONE', #4157 ) ;
#6475 = VERTEX_POINT ( 'NONE', #6437 ) ;
#6476 = DIRECTION ( 'NONE',  ( 0.7071067811865487940, -0.7071067811865463515, 0.000000000000000000 ) ) ;
#6477 = ORIENTED_EDGE ( 'NONE', *, *, #6723, .F. ) ;
#6478 = EDGE_CURVE ( 'NONE', #2450, #7025, #2435, .T. ) ;
#6479 = CARTESIAN_POINT ( 'NONE',  ( 49.36724382185805382, 12.46676789004778918, 75.34329265517408203 ) ) ;
#6480 = FACE_OUTER_BOUND ( 'NONE', #2048, .T. ) ;
#6481 = DIRECTION ( 'NONE',  ( -0.000000000000000000, 0.7660444431189792347, -0.6427876096865379196 ) ) ;
#6482 = CIRCLE ( 'NONE', #2287, 1.500000000000001332 ) ;
#6483 = ORIENTED_EDGE ( 'NONE', *, *, #5212, .F. ) ;
#6484 = ORIENTED_EDGE ( 'NONE', *, *, #7122, .F. ) ;
#6485 = ADVANCED_FACE ( 'NONE', ( #412 ), #5995, .T. ) ;
#6486 = EDGE_CURVE ( 'NONE', #2365, #2917, #2095, .T. ) ;
#6487 = CARTESIAN_POINT ( 'NONE',  ( 13.55881103513459607, 17.00000000000000000, 72.50756700025813473 ) ) ;
#6488 = VERTEX_POINT ( 'NONE', #4911 ) ;
#6489 = DIRECTION ( 'NONE',  ( 0.000000000000000000, 0.000000000000000000, -1.000000000000000000 ) ) ;
#6490 = DIRECTION ( 'NONE',  ( -0.000000000000000000, -1.000000000000000000, -0.000000000000000000 ) ) ;
#6491 = DIRECTION ( 'NONE',  ( -0.000000000000000000, -0.7071067811865487940, -0.7071067811865463515 ) ) ;
#6492 = DIRECTION ( 'NONE',  ( -0.000000000000000000, 1.982541115402065307E-15, 1.000000000000000000 ) ) ;
#6493 = EDGE_CURVE ( 'NONE', #4187, #296, #1416, .T. ) ;
#6494 = CARTESIAN_POINT ( 'NONE',  ( -55.84594074371081263, 19.21736669639735240, 68.52519440760489999 ) ) ;
#6495 = FACE_OUTER_BOUND ( 'NONE', #5902, .T. ) ;
#6496 = CARTESIAN_POINT ( 'NONE',  ( -43.39999999999999858, 28.89999999999998082, 2.500000000000000000 ) ) ;
#6497 = EDGE_CURVE ( 'NONE', #2511, #3818, #3975, .T. ) ;
#6498 = VECTOR ( 'NONE', #4546, 1000.000000000000000 ) ;
#6499 = DIRECTION ( 'NONE',  ( -1.000000000000000000, -0.000000000000000000, -0.000000000000000000 ) ) ;
#6500 = CARTESIAN_POINT ( 'NONE',  ( -13.90000000000000213, 6.999999999999989342, 0.000000000000000000 ) ) ;
#6501 = ORIENTED_EDGE ( 'NONE', *, *, #2677, .F. ) ;
#6502 = ORIENTED_EDGE ( 'NONE', *, *, #1049, .F. ) ;
#6503 = CARTESIAN_POINT ( 'NONE',  ( 49.39999999999999858, 42.32501196933093723, 50.44098507104328633 ) ) ;
#6504 = DIRECTION ( 'NONE',  ( 0.000000000000000000, -1.000000000000000000, 4.956352788505160310E-16 ) ) ;
#6505 = CARTESIAN_POINT ( 'NONE',  ( 43.39999999999999858, 29.19999999999999929, 2.500000000000000000 ) ) ;
#6506 = ORIENTED_EDGE ( 'NONE', *, *, #5335, .T. ) ;
#6507 = CARTESIAN_POINT ( 'NONE',  ( -31.39999999999999858, 22.99999999999998579, 10.50000000000000533 ) ) ;
#6508 = DIRECTION ( 'NONE',  ( -0.7348087829939151661, -6.667414600709073260E-17, 0.6782743194571067002 ) ) ;
#6509 = ORIENTED_EDGE ( 'NONE', *, *, #40, .F. ) ;
#6510 = VERTEX_POINT ( 'NONE', #6558 ) ;
#6511 = DIRECTION ( 'NONE',  ( -0.000000000000000000, 1.000000000000000000, 2.465544075527127488E-16 ) ) ;
#6512 = CYLINDRICAL_SURFACE ( 'NONE', #2479, 2.000000000000001776 ) ;
#6513 = ORIENTED_EDGE ( 'NONE', *, *, #2054, .T. ) ;
#6514 = LINE ( 'NONE', #4380, #5972 ) ;
#6515 = DIRECTION ( 'NONE',  ( 0.000000000000000000, -9.829967624376073786E-17, 1.000000000000000000 ) ) ;
#6516 = CIRCLE ( 'NONE', #3171, 1.500000000000001332 ) ;
#6517 = LINE ( 'NONE', #4754, #1669 ) ;
#6518 = ORIENTED_EDGE ( 'NONE', *, *, #112, .F. ) ;
#6519 = ORIENTED_EDGE ( 'NONE', *, *, #4149, .F. ) ;
#6520 = VECTOR ( 'NONE', #5478, 1000.000000000000000 ) ;
#6521 = VERTEX_POINT ( 'NONE', #2130 ) ;
#6522 = ADVANCED_FACE ( 'NONE', ( #6029 ), #4383, .T. ) ;
#6523 = CARTESIAN_POINT ( 'NONE',  ( 15.59500511895732977, 17.00000000000000000, 73.73628035205062758 ) ) ;
#6524 = ORIENTED_EDGE ( 'NONE', *, *, #6379, .T. ) ;
#6525 = PLANE ( 'NONE',  #3906 ) ;
#6526 = LINE ( 'NONE', #4166, #6881 ) ;
#6527 = CARTESIAN_POINT ( 'NONE',  ( 42.39999999999998437, 21.99999999999998579, 10.50000000000000533 ) ) ;
#6528 = CARTESIAN_POINT ( 'NONE',  ( -43.39999999999999858, 17.00000000000000000, 78.49999999999998579 ) ) ;
#6529 = CIRCLE ( 'NONE', #1972, 1.999999999999999556 ) ;
#6530 = DIRECTION ( 'NONE',  ( 0.000000000000000000, 0.000000000000000000, -1.000000000000000000 ) ) ;
#6531 = CARTESIAN_POINT ( 'NONE',  ( -8.062257748298550908, 6.999999999999989342, 97.07462821482178583 ) ) ;
#6532 = AXIS2_PLACEMENT_3D ( 'NONE', #3047, #5357, #6489 ) ;
#6533 = CARTESIAN_POINT ( 'NONE',  ( -31.39999999999999858, 13.72915026221279966, 2.229150262212904909 ) ) ;
#6534 = AXIS2_PLACEMENT_3D ( 'NONE', #4190, #1968, #1335 ) ;
#6535 = LINE ( 'NONE', #1282, #2274 ) ;
#6536 = PLANE ( 'NONE',  #7287 ) ;
#6537 = EDGE_CURVE ( 'NONE', #6546, #4050, #2160, .T. ) ;
#6538 = VECTOR ( 'NONE', #1960, 1000.000000000000000 ) ;
#6540 = ADVANCED_FACE ( 'NONE', ( #5017 ), #4312, .F. ) ;
#6539 = CIRCLE ( 'NONE', #79, 1.999999999999999778 ) ;
#6541 = VERTEX_POINT ( 'NONE', #6600 ) ;
#6542 = ORIENTED_EDGE ( 'NONE', *, *, #5171, .T. ) ;
#6543 = CARTESIAN_POINT ( 'NONE',  ( -31.39999999999999858, 22.99999999999998224, 4.499999999999979572 ) ) ;
#6544 = DIRECTION ( 'NONE',  ( 0.000000000000000000, 0.000000000000000000, -1.000000000000000000 ) ) ;
#6545 = FACE_OUTER_BOUND ( 'NONE', #6017, .T. ) ;
#6546 = VERTEX_POINT ( 'NONE', #895 ) ;
#6547 = CARTESIAN_POINT ( 'NONE',  ( 15.90000000000000391, 17.00000000000000000, 73.60254636550102703 ) ) ;
#6548 = ADVANCED_FACE ( 'NONE', ( #6668 ), #6106, .T. ) ;
#6549 = CARTESIAN_POINT ( 'NONE',  ( 45.40000000000000568, 29.99999999999998579, 80.49999999999998579 ) ) ;
#6550 = VERTEX_POINT ( 'NONE', #6144 ) ;
#6551 = VERTEX_POINT ( 'NONE', #6634 ) ;
#6552 = CARTESIAN_POINT ( 'NONE',  ( 43.39999999999999147, 5.378679656440350065, 7.121320343559636612 ) ) ;
#6553 = DIRECTION ( 'NONE',  ( 0.000000000000000000, -0.7071067811865452413, -0.7071067811865497932 ) ) ;
#6554 = ORIENTED_EDGE ( 'NONE', *, *, #1256, .F. ) ;
#6555 = DIRECTION ( 'NONE',  ( -1.000000000000000000, -0.000000000000000000, -0.000000000000000000 ) ) ;
#6556 =( BOUNDED_CURVE ( )  B_SPLINE_CURVE ( 3, ( #4430, #4954, #6675, #3836 ),
 .UNSPECIFIED., .F., .F. ) 
 B_SPLINE_CURVE_WITH_KNOTS ( ( 4, 4 ),
 ( 3.141592653589793116, 4.712388980384689674 ),
 .UNSPECIFIED. ) 
 CURVE ( )  GEOMETRIC_REPRESENTATION_ITEM ( )  RATIONAL_B_SPLINE_CURVE ( ( 1.000000000000000000, 0.8047378541243649375, 0.8047378541243649375, 1.000000000000000000 ) ) 
 REPRESENTATION_ITEM ( '' )  );
#6557 = CARTESIAN_POINT ( 'NONE',  ( -44.39999999999999147, -1.044187211523073927E-14, 42.35118819767313170 ) ) ;
#6558 = CARTESIAN_POINT ( 'NONE',  ( -47.39999999999999858, -2.465544075527126995E-16, 0.9999999999999997780 ) ) ;
#6559 = ORIENTED_EDGE ( 'NONE', *, *, #810, .T. ) ;
#6560 = ORIENTED_EDGE ( 'NONE', *, *, #636, .F. ) ;
#6561 = EDGE_LOOP ( 'NONE', ( #3309, #1254, #5905, #2428 ) ) ;
#6562 = LINE ( 'NONE', #900, #2635 ) ;
#6563 = ORIENTED_EDGE ( 'NONE', *, *, #2686, .F. ) ;
#6564 = PLANE ( 'NONE',  #1290 ) ;
#6565 = CYLINDRICAL_SURFACE ( 'NONE', #2213, 0.7999999999999986011 ) ;
#6566 = CARTESIAN_POINT ( 'NONE',  ( -44.90000000000000568, 29.06066017177980498, 62.92656699521430141 ) ) ;
#6567 = DIRECTION ( 'NONE',  ( 0.000000000000000000, -1.000000000000000000, 4.956352788505160310E-16 ) ) ;
#6568 = EDGE_CURVE ( 'NONE', #3853, #6973, #2646, .T. ) ;
#6569 = VECTOR ( 'NONE', #6036, 1000.000000000000000 ) ;
#6570 = DIRECTION ( 'NONE',  ( -0.000000000000000000, -9.829967624376073786E-17, 1.000000000000000000 ) ) ;
#6571 = CARTESIAN_POINT ( 'NONE',  ( -43.39999999999999858, 26.99999999999998579, 10.50000000000000355 ) ) ;
#6572 = LINE ( 'NONE', #7208, #7298 ) ;
#6573 = DIRECTION ( 'NONE',  ( 0.000000000000000000, -0.000000000000000000, -1.000000000000000000 ) ) ;
#6574 = CARTESIAN_POINT ( 'NONE',  ( -31.39999999999999858, 24.89999999999998082, 4.200000000000001066 ) ) ;
#6575 = AXIS2_PLACEMENT_3D ( 'NONE', #3168, #7091, #7171 ) ;
#6576 = AXIS2_PLACEMENT_3D ( 'NONE', #4562, #58, #2346 ) ;
#6577 = VERTEX_POINT ( 'NONE', #3756 ) ;
#6578 = VERTEX_POINT ( 'NONE', #3792 ) ;
#6579 = AXIS2_PLACEMENT_3D ( 'NONE', #4838, #7119, #1987 ) ;
#6580 = EDGE_CURVE ( 'NONE', #5820, #1048, #3687, .T. ) ;
#6581 = FACE_OUTER_BOUND ( 'NONE', #5862, .T. ) ;
#6582 = CARTESIAN_POINT ( 'NONE',  ( -13.90000000000000213, 2.828427124746184074, 84.88796213622862297 ) ) ;
#6583 = EDGE_LOOP ( 'NONE', ( #2088, #494, #563 ) ) ;
#6584 = EDGE_CURVE ( 'NONE', #860, #6474, #6462, .T. ) ;
#6585 = VECTOR ( 'NONE', #3735, 1000.000000000000000 ) ;
#6586 = LINE ( 'NONE', #5413, #1882 ) ;
#6587 = VECTOR ( 'NONE', #5187, 1000.000000000000000 ) ;
#6588 = DIRECTION ( 'NONE',  ( 0.000000000000000000, 9.829967624376073786E-17, -1.000000000000000000 ) ) ;
#6589 = AXIS2_PLACEMENT_3D ( 'NONE', #6979, #1834, #3993 ) ;
#6590 = CIRCLE ( 'NONE', #6169, 2.000000000000001776 ) ;
#6591 = ORIENTED_EDGE ( 'NONE', *, *, #3971, .T. ) ;
#6592 = VERTEX_POINT ( 'NONE', #3226 ) ;
#6593 = EDGE_CURVE ( 'NONE', #4950, #6894, #5502, .T. ) ;
#6594 = CARTESIAN_POINT ( 'NONE',  ( 43.65419510536555237, 16.02971757695994626, 72.17352875392288070 ) ) ;
#6595 = CARTESIAN_POINT ( 'NONE',  ( 37.39999999999997726, 1.414213562373080935, 117.9142135623730780 ) ) ;
#6596 = EDGE_LOOP ( 'NONE', ( #5087, #6111, #5445, #3664, #745, #4566, #3106, #1613, #2204, #4314, #1402, #7303, #4257, #3294 ) ) ;
#6597 = CARTESIAN_POINT ( 'NONE',  ( 38.14999999999999858, 29.17157287525379417, 79.49999999999998579 ) ) ;
#6598 = EDGE_CURVE ( 'NONE', #520, #2350, #4949, .T. ) ;
#6599 = DIRECTION ( 'NONE',  ( 0.6081204024113461282, 0.6081204024113420203, -0.5102736053747343181 ) ) ;
#6600 = CARTESIAN_POINT ( 'NONE',  ( -39.14999999999999858, 27.99999999999998224, 78.49999999999998579 ) ) ;
#6601 = ORIENTED_EDGE ( 'NONE', *, *, #6290, .F. ) ;
#6602 = ORIENTED_EDGE ( 'NONE', *, *, #7154, .T. ) ;
#6603 =( BOUNDED_CURVE ( )  B_SPLINE_CURVE ( 3, ( #4024, #5776, #5144, #18 ),
 .UNSPECIFIED., .F., .F. ) 
 B_SPLINE_CURVE_WITH_KNOTS ( ( 4, 4 ),
 ( 0.000000000000000000, 1.137773558534908691 ),
 .UNSPECIFIED. ) 
 CURVE ( )  GEOMETRIC_REPRESENTATION_ITEM ( )  RATIONAL_B_SPLINE_CURVE ( ( 1.000000000000000000, 0.8950007886370487942, 0.8950007886370487942, 1.000000000000000000 ) ) 
 REPRESENTATION_ITEM ( '' )  );
#6604 = DIRECTION ( 'NONE',  ( 0.000000000000000000, 0.000000000000000000, -1.000000000000000000 ) ) ;
#6605 = VERTEX_POINT ( 'NONE', #5762 ) ;
#6606 = DIRECTION ( 'NONE',  ( 0.000000000000000000, 0.000000000000000000, 1.000000000000000000 ) ) ;
#6607 = CARTESIAN_POINT ( 'NONE',  ( 23.90000000000000568, 2.828427124746180965, 116.4999999999999858 ) ) ;
#6608 = PLANE ( 'NONE',  #5618 ) ;
#6609 = CARTESIAN_POINT ( 'NONE',  ( 15.90000000000000391, 14.53581858547019756, 72.45347970082255529 ) ) ;
#6610 = DIRECTION ( 'NONE',  ( -1.000000000000000000, 0.000000000000000000, 0.000000000000000000 ) ) ;
#6611 = CARTESIAN_POINT ( 'NONE',  ( -49.39999999999999858, 1.000000000000000888, 2.465544075527129460E-16 ) ) ;
#6612 = DIRECTION ( 'NONE',  ( 0.000000000000000000, 0.000000000000000000, -1.000000000000000000 ) ) ;
#6613 = CARTESIAN_POINT ( 'NONE',  ( -42.59999999999998721, 30.00000000000000000, 4.336808689942017736E-16 ) ) ;
#6614 = B_SPLINE_CURVE_WITH_KNOTS ( 'NONE', 3,
 ( #4345, #371, #3298, #4866, #2011, #6701, #3262, #5454, #6098, #6139 ),
 .UNSPECIFIED., .F., .F.,
 ( 4, 2, 2, 2, 4 ),
 ( 0.000000000000000000, 0.2500000000000000000, 0.5000000000000000000, 0.7500000000000000000, 1.000000000000000000 ),
 .UNSPECIFIED. ) ;
#6615 = FACE_OUTER_BOUND ( 'NONE', #4532, .T. ) ;
#6616 = ADVANCED_FACE ( 'NONE', ( #3342 ), #492, .T. ) ;
#6617 = CARTESIAN_POINT ( 'NONE',  ( 45.09272661944368110, 29.46049357241003364, 63.32640039584453007 ) ) ;
#6618 = ORIENTED_EDGE ( 'NONE', *, *, #5876, .F. ) ;
#6619 = LINE ( 'NONE', #4407, #4029 ) ;
#6620 = DIRECTION ( 'NONE',  ( 0.000000000000000000, -2.465544075527127488E-16, 1.000000000000000000 ) ) ;
#6621 = CARTESIAN_POINT ( 'NONE',  ( -15.46608420864057187, 17.00000000000000000, 73.92814712269476729 ) ) ;
#6622 = ORIENTED_EDGE ( 'NONE', *, *, #4505, .T. ) ;
#6623 = EDGE_CURVE ( 'NONE', #2202, #2134, #1553, .T. ) ;
#6624 = DIRECTION ( 'NONE',  ( 1.000000000000000000, 0.000000000000000000, 0.000000000000000000 ) ) ;
#6625 = FACE_OUTER_BOUND ( 'NONE', #708, .T. ) ;
#6626 = EDGE_CURVE ( 'NONE', #1157, #363, #3783, .T. ) ;
#6627 = ORIENTED_EDGE ( 'NONE', *, *, #1141, .T. ) ;
#6628 = VERTEX_POINT ( 'NONE', #5613 ) ;
#6629 = CARTESIAN_POINT ( 'NONE',  ( 43.40000000000000568, 9.999999999999994671, 2.500000000000002220 ) ) ;
#6630 = DIRECTION ( 'NONE',  ( 1.000000000000000000, 0.000000000000000000, 0.000000000000000000 ) ) ;
#6631 = VERTEX_POINT ( 'NONE', #5091 ) ;
#6632 = PLANE ( 'NONE',  #5020 ) ;
#6633 = DIRECTION ( 'NONE',  ( 1.000000000000000000, 0.000000000000000000, 0.000000000000000000 ) ) ;
#6634 = CARTESIAN_POINT ( 'NONE',  ( -34.39999999999999858, 21.99999999999998934, 10.50000000000000711 ) ) ;
#6635 = EDGE_CURVE ( 'NONE', #2785, #6488, #6234, .T. ) ;
#6636 = EDGE_LOOP ( 'NONE', ( #3604, #5737, #5228, #4702, #3784, #2700, #966, #2299, #6193, #4653, #4077, #3796, #3750, #438 ) ) ;
#6637 = EDGE_LOOP ( 'NONE', ( #6294, #1197, #2779, #746 ) ) ;
#6638 = VERTEX_POINT ( 'NONE', #2286 ) ;
#6639 = AXIS2_PLACEMENT_3D ( 'NONE', #420, #3837, #6003 ) ;
#6640 = CARTESIAN_POINT ( 'NONE',  ( -40.14999999999999858, 29.99999999999998579, 80.49999999999998579 ) ) ;
#6641 = ORIENTED_EDGE ( 'NONE', *, *, #3657, .F. ) ;
#6642 = CARTESIAN_POINT ( 'NONE',  ( 47.89999999999999858, 28.49999999999998224, 64.48722716699411706 ) ) ;
#6643 = FACE_OUTER_BOUND ( 'NONE', #2585, .T. ) ;
#6644 = DIRECTION ( 'NONE',  ( -0.7071067811865492381, 0.000000000000000000, 0.7071067811865457964 ) ) ;
#6645 = EDGE_CURVE ( 'NONE', #6592, #6818, #1118, .T. ) ;
#6646 = LINE ( 'NONE', #345, #6118 ) ;
#6647 = CARTESIAN_POINT ( 'NONE',  ( 49.39999999999999858, 3.200000000000001510, 6.531449595452550356E-17 ) ) ;
#6648 = CARTESIAN_POINT ( 'NONE',  ( 44.90000000000000568, 29.06066017177979788, 62.92656699521430141 ) ) ;
#6649 = CARTESIAN_POINT ( 'NONE',  ( -47.89999999999999858, 5.999999999999995559, 6.500000000000000000 ) ) ;
#6650 = DIRECTION ( 'NONE',  ( -1.000000000000000000, 0.000000000000000000, 0.000000000000000000 ) ) ;
#6651 = CARTESIAN_POINT ( 'NONE',  ( -23.90000000000000568, 0.000000000000000000, 108.5000000000000000 ) ) ;
#6652 = ADVANCED_FACE ( 'NONE', ( #3486 ), #430, .T. ) ;
#6653 = ORIENTED_EDGE ( 'NONE', *, *, #1817, .T. ) ;
#6654 = CYLINDRICAL_SURFACE ( 'NONE', #6659, 1.000000000000000888 ) ;
#6655 = DIRECTION ( 'NONE',  ( 0.7071067811865469066, 0.4545194776720430929, 0.5416752204197031739 ) ) ;
#6656 = CARTESIAN_POINT ( 'NONE',  ( -13.54672653850679076, 17.00000000000000000, 73.08149506561265696 ) ) ;
#6657 = ORIENTED_EDGE ( 'NONE', *, *, #128, .T. ) ;
#6658 = FACE_OUTER_BOUND ( 'NONE', #4813, .T. ) ;
#6659 = AXIS2_PLACEMENT_3D ( 'NONE', #2079, #4334, #5525 ) ;
#6660 = VERTEX_POINT ( 'NONE', #1637 ) ;
#6661 = EDGE_CURVE ( 'NONE', #413, #5987, #561, .T. ) ;
#6662 = ORIENTED_EDGE ( 'NONE', *, *, #3472, .T. ) ;
#6663 = DIRECTION ( 'NONE',  ( 0.000000000000000000, -1.000000000000000000, 0.000000000000000000 ) ) ;
#6664 = LINE ( 'NONE', #5650, #1638 ) ;
#6665 = ORIENTED_EDGE ( 'NONE', *, *, #4698, .T. ) ;
#6666 = LINE ( 'NONE', #1523, #4063 ) ;
#6667 = CARTESIAN_POINT ( 'NONE',  ( -23.90000000000000568, 1.414213562373091371, 117.9142135623730923 ) ) ;
#6668 = FACE_OUTER_BOUND ( 'NONE', #69, .T. ) ;
#6669 = VERTEX_POINT ( 'NONE', #4459 ) ;
#6670 = VERTEX_POINT ( 'NONE', #1086 ) ;
#6671 = EDGE_CURVE ( 'NONE', #7212, #1150, #5653, .T. ) ;
#6672 = LINE ( 'NONE', #6113, #6341 ) ;
#6673 = VECTOR ( 'NONE', #6938, 1000.000000000000000 ) ;
#6674 = VERTEX_POINT ( 'NONE', #3668 ) ;
#6675 = CARTESIAN_POINT ( 'NONE',  ( -15.40000000000000391, 17.00000000000000000, 73.87290506733208417 ) ) ;
#6676 = DIRECTION ( 'NONE',  ( -0.7071067811865500152, -0.7071067811865451302, 0.000000000000000000 ) ) ;
#6677 = EDGE_CURVE ( 'NONE', #6072, #6703, #2459, .T. ) ;
#6678 = DIRECTION ( 'NONE',  ( 0.000000000000000000, -0.000000000000000000, 1.000000000000000000 ) ) ;
#6679 = CARTESIAN_POINT ( 'NONE',  ( 42.39999999999998437, 22.99999999999998579, 10.50000000000000533 ) ) ;
#6680 = CIRCLE ( 'NONE', #578, 0.8000000000000000444 ) ;
#6681 = CARTESIAN_POINT ( 'NONE',  ( 0.000000000000000000, 26.99999999999998224, -1.338215252896392376E-14 ) ) ;
#6682 = CARTESIAN_POINT ( 'NONE',  ( -13.90000000000000213, 17.00000000000000000, 70.38578598473668535 ) ) ;
#6683 = CARTESIAN_POINT ( 'NONE',  ( -31.39999999999999858, 13.72915026221279966, 2.229150262212904909 ) ) ;
#6684 = EDGE_CURVE ( 'NONE', #6286, #2785, #2997, .T. ) ;
#6685 = LINE ( 'NONE', #6082, #6585 ) ;
#6686 = DIRECTION ( 'NONE',  ( 1.000000000000000000, 0.000000000000000000, 0.000000000000000000 ) ) ;
#6687 = CARTESIAN_POINT ( 'NONE',  ( -43.39999999999999858, 30.00000000000000000, 2.500000000000000000 ) ) ;
#6688 = AXIS2_PLACEMENT_3D ( 'NONE', #3589, #4147, #6823 ) ;
#6689 = ORIENTED_EDGE ( 'NONE', *, *, #6219, .F. ) ;
#6690 = LINE ( 'NONE', #359, #3072 ) ;
#6691 = CARTESIAN_POINT ( 'NONE',  ( 31.39999999999999858, 22.99999999999998579, 10.50000000000000533 ) ) ;
#6692 = LINE ( 'NONE', #6051, #3361 ) ;
#6693 = VECTOR ( 'NONE', #841, 1000.000000000000000 ) ;
#6694 = ORIENTED_EDGE ( 'NONE', *, *, #502, .F. ) ;
#6695 = DIRECTION ( 'NONE',  ( -0.000000000000000000, -1.000000000000000000, 0.000000000000000000 ) ) ;
#6696 = VECTOR ( 'NONE', #1564, 1000.000000000000000 ) ;
#6697 = CIRCLE ( 'NONE', #2998, 1.000000000000000888 ) ;
#6698 = VERTEX_POINT ( 'NONE', #5229 ) ;
#6699 = ORIENTED_EDGE ( 'NONE', *, *, #4158, .F. ) ;
#6700 = VECTOR ( 'NONE', #4390, 1000.000000000000000 ) ;
#6701 = CARTESIAN_POINT ( 'NONE',  ( -48.29883282040507453, 11.74248797063492233, 74.79736238948703431 ) ) ;
#6702 = CARTESIAN_POINT ( 'NONE',  ( 15.40000000000000213, 28.49999999999998224, 90.49999999999998579 ) ) ;
#6703 = VERTEX_POINT ( 'NONE', #7063 ) ;
#6704 = DIRECTION ( 'NONE',  ( -1.000000000000000000, -0.000000000000000000, -0.000000000000000000 ) ) ;
#6705 = CIRCLE ( 'NONE', #1787, 9.999999999999994671 ) ;
#6706 = AXIS2_PLACEMENT_3D ( 'NONE', #7022, #2356, #1925 ) ;
#6707 = EDGE_CURVE ( 'NONE', #3003, #2132, #703, .T. ) ;
#6708 = DIRECTION ( 'NONE',  ( 0.000000000000000000, -1.000000000000000000, 0.000000000000000000 ) ) ;
#6709 = MECHANICAL_DESIGN_GEOMETRIC_PRESENTATION_REPRESENTATION (  '', ( #6348 ), #3122 ) ;
#6710 = ORIENTED_EDGE ( 'NONE', *, *, #1691, .F. ) ;
#6711 = ORIENTED_EDGE ( 'NONE', *, *, #5986, .T. ) ;
#6712 = VECTOR ( 'NONE', #643, 999.9999999999998863 ) ;
#6713 = VERTEX_POINT ( 'NONE', #4744 ) ;
#6714 = DIRECTION ( 'NONE',  ( 0.000000000000000000, 0.000000000000000000, 1.000000000000000000 ) ) ;
#6715 = ORIENTED_EDGE ( 'NONE', *, *, #2665, .F. ) ;
#6716 = DIRECTION ( 'NONE',  ( 0.000000000000000000, 1.000000000000000000, -0.000000000000000000 ) ) ;
#6717 = DIRECTION ( 'NONE',  ( 0.000000000000000000, 0.000000000000000000, 1.000000000000000000 ) ) ;
#6718 = DIRECTION ( 'NONE',  ( 0.000000000000000000, 9.829967624376075018E-17, -1.000000000000000000 ) ) ;
#6719 = DIRECTION ( 'NONE',  ( -1.000000000000000000, 0.000000000000000000, 0.000000000000000000 ) ) ;
#6720 = CYLINDRICAL_SURFACE ( 'NONE', #983, 2.000000000000001776 ) ;
#6721 = EDGE_CURVE ( 'NONE', #5996, #5945, #4784, .T. ) ;
#6722 = ORIENTED_EDGE ( 'NONE', *, *, #2831, .T. ) ;
#6723 = EDGE_CURVE ( 'NONE', #1900, #6147, #3121, .T. ) ;
#6724 = FACE_OUTER_BOUND ( 'NONE', #6769, .T. ) ;
#6725 = CARTESIAN_POINT ( 'NONE',  ( -13.90000000000000213, 28.49999999999998224, 90.49999999999998579 ) ) ;
#6726 = FACE_OUTER_BOUND ( 'NONE', #6302, .T. ) ;
#6727 = LINE ( 'NONE', #991, #4968 ) ;
#6728 = CARTESIAN_POINT ( 'NONE',  ( -49.39999999999999858, 1.000000000000000444, 2.000000000000000000 ) ) ;
#6729 = EDGE_CURVE ( 'NONE', #6510, #3487, #5904, .T. ) ;
#6730 = EDGE_CURVE ( 'NONE', #5576, #2419, #1332, .T. ) ;
#6731 = DIRECTION ( 'NONE',  ( -1.000000000000000000, 0.000000000000000000, 0.000000000000000000 ) ) ;
#6732 = DIRECTION ( 'NONE',  ( 3.010602169447849176E-47, -9.829967624376072553E-17, 1.000000000000000000 ) ) ;
#6733 = DIRECTION ( 'NONE',  ( -0.7071067811865456854, -0.7071067811865494601, 0.000000000000000000 ) ) ;
#6734 = CARTESIAN_POINT ( 'NONE',  ( -37.39999999999996305, -1.354217172000612334E-14, 115.0857864376268935 ) ) ;
#6735 = ORIENTED_EDGE ( 'NONE', *, *, #564, .F. ) ;
#6736 = PLANE ( 'NONE',  #3574 ) ;
#6737 = ORIENTED_EDGE ( 'NONE', *, *, #5718, .T. ) ;
#6738 = EDGE_CURVE ( 'NONE', #49, #5787, #4083, .T. ) ;
#6739 = EDGE_LOOP ( 'NONE', ( #3775, #2013, #5316, #4686 ) ) ;
#6740 = DIRECTION ( 'NONE',  ( 0.000000000000000000, -0.000000000000000000, -1.000000000000000000 ) ) ;
#6741 = DIRECTION ( 'NONE',  ( -0.000000000000000000, -0.000000000000000000, 1.000000000000000000 ) ) ;
#6742 = ORIENTED_EDGE ( 'NONE', *, *, #6955, .T. ) ;
#6743 = VERTEX_POINT ( 'NONE', #3068 ) ;
#6744 = ORIENTED_EDGE ( 'NONE', *, *, #3458, .T. ) ;
#6745 = EDGE_LOOP ( 'NONE', ( #401, #3910, #979, #5767 ) ) ;
#6746 = CARTESIAN_POINT ( 'NONE',  ( -38.16289217985900706, 28.26179617165912106, 79.50644608992951134 ) ) ;
#6747 = DIRECTION ( 'NONE',  ( 0.000000000000000000, 0.000000000000000000, -1.000000000000000000 ) ) ;
#6748 = CARTESIAN_POINT ( 'NONE',  ( -8.062257748298550908, 5.999999999999989342, 100.0746282148217858 ) ) ;
#6749 = DIRECTION ( 'NONE',  ( 0.000000000000000000, 1.000000000000000000, -1.982541115402065307E-15 ) ) ;
#6750 = DIRECTION ( 'NONE',  ( -1.000000000000000000, 0.000000000000000000, 0.000000000000000000 ) ) ;
#6751 = VERTEX_POINT ( 'NONE', #4115 ) ;
#6752 = ORIENTED_EDGE ( 'NONE', *, *, #7036, .T. ) ;
#6753 = ADVANCED_FACE ( 'NONE', ( #2958 ), #104, .T. ) ;
#6754 = CARTESIAN_POINT ( 'NONE',  ( 32.00000000000000000, 29.19999999999999929, 5.959947755850446638E-16 ) ) ;
#6755 = DIRECTION ( 'NONE',  ( -1.000000000000000000, 0.000000000000000000, 0.000000000000000000 ) ) ;
#6756 = CARTESIAN_POINT ( 'NONE',  ( 14.48578643762691698, 1.414213562373082267, 84.88796213622862297 ) ) ;
#6757 = DIRECTION ( 'NONE',  ( 0.000000000000000000, -0.7660444431189792347, 0.6427876096865379196 ) ) ;
#6758 = DIRECTION ( 'NONE',  ( 0.000000000000000000, 1.000000000000000000, -1.284980352575412206E-16 ) ) ;
#6759 = VECTOR ( 'NONE', #6377, 1000.000000000000114 ) ;
#6760 = CARTESIAN_POINT ( 'NONE',  ( -23.90000000000000568, -1.368118845532693358E-14, 116.4999999999999716 ) ) ;
#6761 = DIRECTION ( 'NONE',  ( 0.000000000000000000, 0.000000000000000000, -1.000000000000000000 ) ) ;
#6762 = CARTESIAN_POINT ( 'NONE',  ( 30.39999999999999503, 4.800000000000000711, 1.700000000000007061 ) ) ;
#6763 = SPHERICAL_SURFACE ( 'NONE', #6335, 2.000000000000000000 ) ;
#6764 = VERTEX_POINT ( 'NONE', #3628 ) ;
#6765 = EDGE_CURVE ( 'NONE', #2900, #6432, #1366, .T. ) ;
#6766 = CARTESIAN_POINT ( 'NONE',  ( 38.14999999999999147, 27.99999999999998224, 78.50000000000000000 ) ) ;
#6767 = EDGE_CURVE ( 'NONE', #6268, #6474, #5498, .T. ) ;
#6768 = VECTOR ( 'NONE', #2600, 1000.000000000000000 ) ;
#6769 = EDGE_LOOP ( 'NONE', ( #2783, #6463, #4388, #6989, #3923, #1712, #3545, #7334 ) ) ;
#6770 = ORIENTED_EDGE ( 'NONE', *, *, #3959, .F. ) ;
#6771 = DIRECTION ( 'NONE',  ( 0.000000000000000000, 0.000000000000000000, 1.000000000000000000 ) ) ;
#6772 = DIRECTION ( 'NONE',  ( -0.000000000000000000, -0.9203309184584744784, 0.3911406403448520197 ) ) ;
#6773 = EDGE_LOOP ( 'NONE', ( #6883, #2472, #6602, #3681 ) ) ;
#6774 = EDGE_CURVE ( 'NONE', #2202, #4182, #3514, .T. ) ;
#6775 = AXIS2_PLACEMENT_3D ( 'NONE', #5960, #191, #4165 ) ;
#6776 = AXIS2_PLACEMENT_3D ( 'NONE', #4377, #3751, #4416 ) ;
#6777 = CARTESIAN_POINT ( 'NONE',  ( 42.90819663860522581, 5.508196638605230788, 116.2917814127781071 ) ) ;
#6778 = VERTEX_POINT ( 'NONE', #6991 ) ;
#6779 = AXIS2_PLACEMENT_3D ( 'NONE', #2918, #557, #3339 ) ;
#6780 = VECTOR ( 'NONE', #4948, 1000.000000000000000 ) ;
#6781 = VERTEX_POINT ( 'NONE', #743 ) ;
#6782 = ORIENTED_EDGE ( 'NONE', *, *, #1002, .F. ) ;
#6783 = CARTESIAN_POINT ( 'NONE',  ( -39.15644608992952413, 28.26179617165912106, 78.51289217985900848 ) ) ;
#6784 = B_SPLINE_SURFACE_WITH_KNOTS ( 'NONE', 1, 3, ( 
 ( #5704, #1137, #1766, #1062, #1209, #2829, #1697, #3428, #7383, #20 ),
 ( #6308, #2939, #2305, #4056, #6343, #4590, #6872, #5107, #3498, #511 ) ),
 .UNSPECIFIED., .F., .F., .F.,
 ( 2, 2 ),
 ( 4, 2, 2, 2, 4 ),
 ( 0.000000000000000000, 1.000000000000000000 ),
 ( 3.926990816987247612, 4.123340357836608128, 4.319689898685968643, 4.516039439535329159, 4.712388980384689674 ),
 .UNSPECIFIED. ) ;
#6785 = CARTESIAN_POINT ( 'NONE',  ( 13.90000000000000213, 6.999999999999989342, 99.07462821482178583 ) ) ;
#6786 = CARTESIAN_POINT ( 'NONE',  ( -47.89999999999999858, 28.49999999999998224, 0.000000000000000000 ) ) ;
#6787 = CARTESIAN_POINT ( 'NONE',  ( -47.89999999999999858, -17.99361358349709761, 17.99361358349713313 ) ) ;
#6788 = ORIENTED_EDGE ( 'NONE', *, *, #3066, .T. ) ;
#6789 = ORIENTED_EDGE ( 'NONE', *, *, #4110, .T. ) ;
#6790 = LINE ( 'NONE', #1651, #753 ) ;
#6791 = CARTESIAN_POINT ( 'NONE',  ( -42.59999999999998721, 29.19999999999999929, 0.8000000000000008216 ) ) ;
#6792 = CARTESIAN_POINT ( 'NONE',  ( 14.16433683456238057, 15.01679981057679925, 73.35229156100753301 ) ) ;
#6793 = CARTESIAN_POINT ( 'NONE',  ( -15.40000000000000213, 27.99999999999998224, 90.49999999999998579 ) ) ;
#6794 =( BOUNDED_CURVE ( )  B_SPLINE_CURVE ( 3, ( #121, #2408, #4691, #1830 ),
 .UNSPECIFIED., .F., .F. ) 
 B_SPLINE_CURVE_WITH_KNOTS ( ( 4, 4 ),
 ( 1.570796326794896558, 3.141592653589793116 ),
 .UNSPECIFIED. ) 
 CURVE ( )  GEOMETRIC_REPRESENTATION_ITEM ( )  RATIONAL_B_SPLINE_CURVE ( ( 1.000000000000000000, 0.8047378541243649375, 0.8047378541243649375, 1.000000000000000000 ) ) 
 REPRESENTATION_ITEM ( '' )  );
#6795 = CIRCLE ( 'NONE', #1398, 1.500000000000001332 ) ;
#6796 = DIRECTION ( 'NONE',  ( -0.7071067811865474617, -0.7071067811865474617, -3.066586833366745811E-16 ) ) ;
#6797 = ADVANCED_FACE ( 'NONE', ( #4148 ), #6472, .T. ) ;
#6798 = DIRECTION ( 'NONE',  ( -0.000000000000000000, -1.000000000000000000, 0.000000000000000000 ) ) ;
#6799 = CARTESIAN_POINT ( 'NONE',  ( 32.00000000000000000, 13.99999999999989875, 2.500000000000002220 ) ) ;
#6800 = DIRECTION ( 'NONE',  ( 0.4472135954999582053, 0.000000000000000000, -0.8944271909999156334 ) ) ;
#6801 = CARTESIAN_POINT ( 'NONE',  ( 49.39999999999999858, 0.000000000000000000, 0.000000000000000000 ) ) ;
#6802 = CARTESIAN_POINT ( 'NONE',  ( -15.67842441508793883, 17.00000000000000000, 73.66857845106662239 ) ) ;
#6803 = ORIENTED_EDGE ( 'NONE', *, *, #2049, .F. ) ;
#6804 = CARTESIAN_POINT ( 'NONE',  ( 39.56421356237309084, 29.99999999999998224, 79.32842712474615610 ) ) ;
#6805 = CIRCLE ( 'NONE', #2492, 0.8000000000000000444 ) ;
#6806 = ORIENTED_EDGE ( 'NONE', *, *, #5324, .F. ) ;
#6807 = EDGE_CURVE ( 'NONE', #3998, #6577, #142, .T. ) ;
#6808 = EDGE_LOOP ( 'NONE', ( #6367, #483, #6849, #143, #2116 ) ) ;
#6809 = CIRCLE ( 'NONE', #4660, 9.999999999999994671 ) ;
#6810 = EDGE_CURVE ( 'NONE', #1051, #6257, #3033, .T. ) ;
#6811 = DIRECTION ( 'NONE',  ( 3.727058863615381873E-33, -0.000000000000000000, 1.000000000000000000 ) ) ;
#6812 = LINE ( 'NONE', #3512, #235 ) ;
#6813 = VERTEX_POINT ( 'NONE', #4710 ) ;
#6814 = CARTESIAN_POINT ( 'NONE',  ( 48.60599497481099718, 11.20599497481098084, 110.5939830770742986 ) ) ;
#6815 = AXIS2_PLACEMENT_3D ( 'NONE', #1757, #5733, #5625 ) ;
#6816 = ORIENTED_EDGE ( 'NONE', *, *, #5836, .T. ) ;
#6817 = EDGE_CURVE ( 'NONE', #2174, #379, #2495, .T. ) ;
#6818 = VERTEX_POINT ( 'NONE', #2801 ) ;
#6819 = TOROIDAL_SURFACE ( 'NONE', #7175, 8.000000000000005329, 2.000000000000000000 ) ;
#6820 = VECTOR ( 'NONE', #149, 1000.000000000000000 ) ;
#6821 = VERTEX_POINT ( 'NONE', #3918 ) ;
#6822 = DIRECTION ( 'NONE',  ( 0.000000000000000000, -0.000000000000000000, 1.000000000000000000 ) ) ;
#6823 = DIRECTION ( 'NONE',  ( -1.000000000000000000, -0.000000000000000000, 0.000000000000000000 ) ) ;
#6824 = CARTESIAN_POINT ( 'NONE',  ( 30.39999999999999503, 4.799999999999998046, 118.5009999999999906 ) ) ;
#6825 = AXIS2_PLACEMENT_3D ( 'NONE', #5518, #1584, #6009 ) ;
#6826 = DIRECTION ( 'NONE',  ( 0.000000000000000000, 0.000000000000000000, 1.000000000000000000 ) ) ;
#6827 = VECTOR ( 'NONE', #667, 1000.000000000000000 ) ;
#6828 = VERTEX_POINT ( 'NONE', #6760 ) ;
#6829 = VERTEX_POINT ( 'NONE', #7185 ) ;
#6830 = VECTOR ( 'NONE', #5152, 1000.000000000000000 ) ;
#6831 = CARTESIAN_POINT ( 'NONE',  ( -32.00000000000000000, 29.19999999999999929, 1.700000000000000178 ) ) ;
#6832 = CARTESIAN_POINT ( 'NONE',  ( -38.97842712474619020, 29.99999999999998224, 83.38110681549591163 ) ) ;
#6833 = LINE ( 'NONE', #1102, #364 ) ;
#6834 = AXIS2_PLACEMENT_3D ( 'NONE', #1173, #5184, #55 ) ;
#6835 = DIRECTION ( 'NONE',  ( 0.000000000000000000, 0.3911406403448519642, 0.9203309184584744784 ) ) ;
#6836 = CARTESIAN_POINT ( 'NONE',  ( -44.39276217990813933, 29.74757283496760962, 64.42412037573578232 ) ) ;
#6837 = CARTESIAN_POINT ( 'NONE',  ( 49.39999999999999858, 29.19999999999999929, 0.8000000000000008216 ) ) ;
#6838 = CARTESIAN_POINT ( 'NONE',  ( -30.59411708155671761, 2.999999999999989786, 6.000000000000000000 ) ) ;
#6839 = DIRECTION ( 'NONE',  ( -1.000000000000000000, 0.000000000000000000, 0.000000000000000000 ) ) ;
#6840 = ADVANCED_FACE ( 'NONE', ( #2615 ), #5379, .T. ) ;
#6841 = CARTESIAN_POINT ( 'NONE',  ( 49.39999999999999858, 29.99999999999998579, 64.48722716699411706 ) ) ;
#6842 = CARTESIAN_POINT ( 'NONE',  ( -15.90000000000000391, 14.53581858547021177, 72.45347970082254108 ) ) ;
#6843 =( BOUNDED_CURVE ( )  B_SPLINE_CURVE ( 3, ( #1946, #1316, #5433, #3050 ),
 .UNSPECIFIED., .F., .F. ) 
 B_SPLINE_CURVE_WITH_KNOTS ( ( 4, 4 ),
 ( 3.141592653589793116, 4.712388980384689674 ),
 .UNSPECIFIED. ) 
 CURVE ( )  GEOMETRIC_REPRESENTATION_ITEM ( )  RATIONAL_B_SPLINE_CURVE ( ( 1.000000000000000000, 0.8047378541243649375, 0.8047378541243649375, 1.000000000000000000 ) ) 
 REPRESENTATION_ITEM ( '' )  );
#6844 = ORIENTED_EDGE ( 'NONE', *, *, #5757, .T. ) ;
#6845 = PLANE ( 'NONE',  #1304 ) ;
#6846 = DIRECTION ( 'NONE',  ( 0.000000000000000000, 0.000000000000000000, -1.000000000000000000 ) ) ;
#6847 = VECTOR ( 'NONE', #3732, 1000.000000000000000 ) ;
#6848 = ORIENTED_EDGE ( 'NONE', *, *, #6486, .T. ) ;
#6849 = ORIENTED_EDGE ( 'NONE', *, *, #6980, .F. ) ;
#6850 = EDGE_CURVE ( 'NONE', #7187, #585, #6274, .T. ) ;
#6851 = PLANE ( 'NONE',  #5931 ) ;
#6852 = CARTESIAN_POINT ( 'NONE',  ( 49.39999999999999858, 0.000000000000000000, 108.5000000000000000 ) ) ;
#6853 = ORIENTED_EDGE ( 'NONE', *, *, #509, .F. ) ;
#6854 = EDGE_CURVE ( 'NONE', #1271, #2660, #470, .T. ) ;
#6855 = CARTESIAN_POINT ( 'NONE',  ( -44.90000000000000568, 28.93933982822016304, 64.92656699521430141 ) ) ;
#6856 = ORIENTED_EDGE ( 'NONE', *, *, #2426, .F. ) ;
#6857 = ORIENTED_EDGE ( 'NONE', *, *, #6707, .F. ) ;
#6858 = VECTOR ( 'NONE', #3281, 1000.000000000000000 ) ;
#6859 = EDGE_LOOP ( 'NONE', ( #5297, #2916, #6957, #1057 ) ) ;
#6860 = DIRECTION ( 'NONE',  ( 0.000000000000000000, -1.000000000000000000, -2.041077998578920060E-17 ) ) ;
#6861 = DIRECTION ( 'NONE',  ( 1.000000000000000000, 0.000000000000000000, 0.000000000000000000 ) ) ;
#6862 = CARTESIAN_POINT ( 'NONE',  ( -49.29785248926042840, 12.18399648419673653, 75.46192929152580575 ) ) ;
#6863 = ADVANCED_FACE ( 'NONE', ( #6625 ), #4340, .F. ) ;
#6864 = CYLINDRICAL_SURFACE ( 'NONE', #2629, 2.000000000000000000 ) ;
#6865 = EDGE_CURVE ( 'NONE', #1149, #4271, #3535, .T. ) ;
#6866 = CARTESIAN_POINT ( 'NONE',  ( 44.39999999999999147, -1.232772037763563695E-15, 5.000000000000000000 ) ) ;
#6867 = VERTEX_POINT ( 'NONE', #4297 ) ;
#6868 = ORIENTED_EDGE ( 'NONE', *, *, #747, .F. ) ;
#6869 = CARTESIAN_POINT ( 'NONE',  ( 39.39999999999999858, 4.828427124746199617, 116.4999999999999858 ) ) ;
#6870 = CARTESIAN_POINT ( 'NONE',  ( 49.39999999999999858, 12.82842712474617031, 108.5000000000000000 ) ) ;
#6871 = DIRECTION ( 'NONE',  ( -0.6081204024113449069, -0.6081204024113426865, 0.5102736053747347622 ) ) ;
#6872 = CARTESIAN_POINT ( 'NONE',  ( 48.36801657730209314, 11.92635658768002038, 74.64307830073941830 ) ) ;
#6873 = EDGE_CURVE ( 'NONE', #6488, #6674, #3177, .T. ) ;
#6874 = DIRECTION ( 'NONE',  ( 0.000000000000000000, 0.000000000000000000, 1.000000000000000000 ) ) ;
#6875 =( BOUNDED_CURVE ( )  B_SPLINE_CURVE ( 3, ( #2186, #2827, #540, #2108 ),
 .UNSPECIFIED., .F., .F. ) 
 B_SPLINE_CURVE_WITH_KNOTS ( ( 4, 4 ),
 ( 1.570796326794897002, 3.141592653589793116 ),
 .UNSPECIFIED. ) 
 CURVE ( )  GEOMETRIC_REPRESENTATION_ITEM ( )  RATIONAL_B_SPLINE_CURVE ( ( 1.000000000000000000, 0.8047378541243650485, 0.8047378541243650485, 1.000000000000000000 ) ) 
 REPRESENTATION_ITEM ( '' )  );
#6876 = PLANE ( 'NONE',  #7191 ) ;
#6877 = SURFACE_STYLE_USAGE ( .BOTH. , #4478 ) ;
#6878 = DIRECTION ( 'NONE',  ( -0.000000000000000000, -0.7071067811865452413, -0.7071067811865497932 ) ) ;
#6879 = CARTESIAN_POINT ( 'NONE',  ( -15.64942464802307498, 17.00000000000000000, 73.68881317552569499 ) ) ;
#6880 = DIRECTION ( 'NONE',  ( 0.000000000000000000, 2.041077998578920060E-17, -1.000000000000000000 ) ) ;
#6881 = VECTOR ( 'NONE', #2974, 1000.000000000000000 ) ;
#6882 = CYLINDRICAL_SURFACE ( 'NONE', #593, 2.000000000000000000 ) ;
#6883 = ORIENTED_EDGE ( 'NONE', *, *, #5011, .F. ) ;
#6884 = VECTOR ( 'NONE', #4699, 999.9999999999998863 ) ;
#6885 = ORIENTED_EDGE ( 'NONE', *, *, #3058, .T. ) ;
#6886 = DIRECTION ( 'NONE',  ( 1.000000000000000000, -0.000000000000000000, -0.000000000000000000 ) ) ;
#6887 = CARTESIAN_POINT ( 'NONE',  ( -28.40000000000000213, 21.99999999999998224, 79.49999999999998579 ) ) ;
#6888 = EDGE_LOOP ( 'NONE', ( #1222, #818, #4760, #4005 ) ) ;
#6889 = DIRECTION ( 'NONE',  ( -0.000000000000000000, -0.7071067811865482389, -0.7071067811865467956 ) ) ;
#6890 = ADVANCED_FACE ( 'NONE', ( #5448 ), #3364, .T. ) ;
#6891 = EDGE_LOOP ( 'NONE', ( #7029, #1573, #2279, #4707 ) ) ;
#6892 = ORIENTED_EDGE ( 'NONE', *, *, #2694, .T. ) ;
#6893 = AXIS2_PLACEMENT_3D ( 'NONE', #4254, #5935, #6466 ) ;
#6894 = VERTEX_POINT ( 'NONE', #324 ) ;
#6895 = CARTESIAN_POINT ( 'NONE',  ( -8.062257748298550908, 6.999999999999989342, 100.0746282148217858 ) ) ;
#6896 = CARTESIAN_POINT ( 'NONE',  ( -43.40000000000000568, 9.999999999999992895, 118.5009999999999906 ) ) ;
#6897 = CARTESIAN_POINT ( 'NONE',  ( -38.14999999999999858, 24.89999999999998082, 3.500000000000001332 ) ) ;
#6898 = VECTOR ( 'NONE', #3254, 1000.000000000000114 ) ;
#6899 = VECTOR ( 'NONE', #4910, 1000.000000000000114 ) ;
#6900 = CARTESIAN_POINT ( 'NONE',  ( 49.00898811831866908, 9.999999999999994671, 2.041460607353109413 ) ) ;
#6901 = ORIENTED_EDGE ( 'NONE', *, *, #1159, .F. ) ;
#6902 = EDGE_LOOP ( 'NONE', ( #5392, #4199, #5301, #4561 ) ) ;
#6903 = EDGE_CURVE ( 'NONE', #5509, #3603, #7099, .T. ) ;
#6904 = CARTESIAN_POINT ( 'NONE',  ( 43.39999999999999858, 4.499999999999995559, 8.000000000000000000 ) ) ;
#6905 = CARTESIAN_POINT ( 'NONE',  ( -49.39999999999999858, -1.055039092276781046E-14, 84.65047971475041777 ) ) ;
#6906 = EDGE_CURVE ( 'NONE', #5060, #5198, #3017, .T. ) ;
#6907 = DIRECTION ( 'NONE',  ( -0.000000000000000000, -1.000000000000000000, -2.041077998578920060E-17 ) ) ;
#6908 = CARTESIAN_POINT ( 'NONE',  ( -13.90000000000000213, 5.999999999999989342, 99.07462821482178583 ) ) ;
#6909 = DIRECTION ( 'NONE',  ( -0.000000000000000000, -1.982541115402065307E-15, -1.000000000000000000 ) ) ;
#6910 = DIRECTION ( 'NONE',  ( -1.000000000000000000, 0.000000000000000000, 0.000000000000000000 ) ) ;
#6911 = ADVANCED_FACE ( 'NONE', ( #3782 ), #5043, .T. ) ;
#6912 = CARTESIAN_POINT ( 'NONE',  ( -41.94002751998618095, 4.540027519973001802, 118.3230954034859508 ) ) ;
#6913 = LINE ( 'NONE', #2195, #626 ) ;
#6914 = CARTESIAN_POINT ( 'NONE',  ( -15.01369766035180575, 14.63336195018947983, 72.63575944172542620 ) ) ;
#6915 = EDGE_CURVE ( 'NONE', #3046, #6984, #4298, .T. ) ;
#6916 = CIRCLE ( 'NONE', #332, 0.7999999999999986011 ) ;
#6917 = LINE ( 'NONE', #7393, #1073 ) ;
#6918 = AXIS2_PLACEMENT_3D ( 'NONE', #3460, #1583, #5104 ) ;
#6919 = DIRECTION ( 'NONE',  ( 0.000000000000000000, 1.000000000000000000, 0.000000000000000000 ) ) ;
#6920 = ORIENTED_EDGE ( 'NONE', *, *, #1181, .F. ) ;
#6921 = ORIENTED_EDGE ( 'NONE', *, *, #96, .T. ) ;
#6922 = CARTESIAN_POINT ( 'NONE',  ( -15.40000000000000213, 27.99999999999998224, 88.49999999999998579 ) ) ;
#6923 = FACE_OUTER_BOUND ( 'NONE', #4747, .T. ) ;
#6924 = ORIENTED_EDGE ( 'NONE', *, *, #2172, .F. ) ;
#6925 = CARTESIAN_POINT ( 'NONE',  ( -28.40000000000000213, 22.99999999999998224, 87.40000000000000568 ) ) ;
#6926 = AXIS2_PLACEMENT_3D ( 'NONE', #1053, #3349, #2788 ) ;
#6927 = ORIENTED_EDGE ( 'NONE', *, *, #2417, .F. ) ;
#6928 = VERTEX_POINT ( 'NONE', #6549 ) ;
#6929 = ORIENTED_EDGE ( 'NONE', *, *, #1853, .F. ) ;
#6930 = EDGE_CURVE ( 'NONE', #98, #1565, #2396, .T. ) ;
#6931 = FACE_OUTER_BOUND ( 'NONE', #536, .T. ) ;
#6932 = AXIS2_PLACEMENT_3D ( 'NONE', #4629, #6909, #4026 ) ;
#6933 = DIRECTION ( 'NONE',  ( -0.000000000000000000, 0.000000000000000000, -1.000000000000000000 ) ) ;
#6934 = CARTESIAN_POINT ( 'NONE',  ( -13.90000000000000213, 0.000000000000000000, 108.5000000000000000 ) ) ;
#6935 = AXIS2_PLACEMENT_3D ( 'NONE', #4945, #3676, #5949 ) ;
#6936 = VERTEX_POINT ( 'NONE', #3143 ) ;
#6937 = VERTEX_POINT ( 'NONE', #5414 ) ;
#6938 = DIRECTION ( 'NONE',  ( 1.000000000000000000, -0.000000000000000000, -0.000000000000000000 ) ) ;
#6939 = VECTOR ( 'NONE', #4363, 1000.000000000000000 ) ;
#6940 = DIRECTION ( 'NONE',  ( 0.000000000000000000, 0.000000000000000000, -1.000000000000000000 ) ) ;
#6941 = CARTESIAN_POINT ( 'NONE',  ( 15.40000000000000391, 29.99999999999998579, 108.5000000000000000 ) ) ;
#6942 = CIRCLE ( 'NONE', #6344, 7.999999999999992895 ) ;
#6943 = DIRECTION ( 'NONE',  ( 0.000000000000000000, 0.000000000000000000, -1.000000000000000000 ) ) ;
#6944 = VECTOR ( 'NONE', #2668, 1000.000000000000000 ) ;
#6945 = ADVANCED_FACE ( 'NONE', ( #285 ), #7141, .F. ) ;
#6946 = CARTESIAN_POINT ( 'NONE',  ( 28.40000000000000213, 0.000000000000000000, 79.49999999999998579 ) ) ;
#6947 = ADVANCED_FACE ( 'NONE', ( #6380 ), #5672, .T. ) ;
#6948 = PRESENTATION_LAYER_ASSIGNMENT (  '', '', ( #6348 ) ) ;
#6949 = CARTESIAN_POINT ( 'NONE',  ( -48.81421356237309084, 11.41421356237307450, 108.5000000000000000 ) ) ;
#6950 = DIRECTION ( 'NONE',  ( 0.000000000000000000, -0.000000000000000000, 1.000000000000000000 ) ) ;
#6951 = VECTOR ( 'NONE', #4651, 1000.000000000000000 ) ;
#6952 = DIRECTION ( 'NONE',  ( 0.000000000000000000, 0.000000000000000000, 1.000000000000000000 ) ) ;
#6953 = CARTESIAN_POINT ( 'NONE',  ( -49.19766564078472015, 11.94212403583526694, 75.56340683263181290 ) ) ;
#6954 = FACE_OUTER_BOUND ( 'NONE', #3344, .T. ) ;
#6955 = EDGE_CURVE ( 'NONE', #4385, #1249, #546, .T. ) ;
#6956 = EDGE_CURVE ( 'NONE', #6175, #4385, #3501, .T. ) ;
#6957 = ORIENTED_EDGE ( 'NONE', *, *, #1998, .F. ) ;
#6958 = ORIENTED_EDGE ( 'NONE', *, *, #439, .T. ) ;
#6959 = LINE ( 'NONE', #247, #4735 ) ;
#6960 = CARTESIAN_POINT ( 'NONE',  ( 28.40000000000000213, 27.99999999999998224, 88.49999999999998579 ) ) ;
#6961 = CARTESIAN_POINT ( 'NONE',  ( -47.89999999999999858, 29.99999999999998579, 108.5000000000000000 ) ) ;
#6962 = ORIENTED_EDGE ( 'NONE', *, *, #5254, .T. ) ;
#6963 = EDGE_CURVE ( 'NONE', #4320, #4786, #125, .T. ) ;
#6964 = DIRECTION ( 'NONE',  ( -0.000000000000000000, 9.829967624376073786E-17, -1.000000000000000000 ) ) ;
#6965 = ADVANCED_FACE ( 'NONE', ( #2977 ), #1736, .T. ) ;
#6966 = ORIENTED_EDGE ( 'NONE', *, *, #1078, .T. ) ;
#6967 = EDGE_LOOP ( 'NONE', ( #182, #2691, #2970, #4113 ) ) ;
#6968 = ORIENTED_EDGE ( 'NONE', *, *, #3209, .T. ) ;
#6969 = CARTESIAN_POINT ( 'NONE',  ( 15.90000000000000391, 2.828427124746180077, 84.88796213622862297 ) ) ;
#6970 = DIRECTION ( 'NONE',  ( 0.000000000000000000, 2.465544075527127488E-16, -1.000000000000000000 ) ) ;
#6971 = LINE ( 'NONE', #5390, #236 ) ;
#6972 = EDGE_LOOP ( 'NONE', ( #7134, #2517, #4944 ) ) ;
#6973 = VERTEX_POINT ( 'NONE', #2307 ) ;
#6974 = CARTESIAN_POINT ( 'NONE',  ( 15.63820376559792535, 14.54203379159341836, 72.46509408551214904 ) ) ;
#6975 = ORIENTED_EDGE ( 'NONE', *, *, #6730, .T. ) ;
#6976 = LINE ( 'NONE', #1313, #5447 ) ;
#6977 = DIRECTION ( 'NONE',  ( 0.000000000000000000, 4.956352788505160310E-16, 1.000000000000000000 ) ) ;
#6978 = CARTESIAN_POINT ( 'NONE',  ( -45.00016659936977703, 29.36793355233611891, 63.23384037577062600 ) ) ;
#6979 = CARTESIAN_POINT ( 'NONE',  ( -37.39999999999997726, 2.828427124746180965, 116.4999999999999858 ) ) ;
#6980 = EDGE_CURVE ( 'NONE', #168, #4376, #4630, .T. ) ;
#6981 = CARTESIAN_POINT ( 'NONE',  ( 39.14999999999999858, 29.99999999999998579, 79.49999999999998579 ) ) ;
#6982 = CARTESIAN_POINT ( 'NONE',  ( -43.39999999999999858, 2.999999999999989786, 6.000000000000000000 ) ) ;
#6983 = DIRECTION ( 'NONE',  ( 0.000000000000000000, -1.000000000000000000, -2.282530889443168501E-16 ) ) ;
#6984 = VERTEX_POINT ( 'NONE', #580 ) ;
#6985 = ORIENTED_EDGE ( 'NONE', *, *, #3982, .F. ) ;
#6986 = CARTESIAN_POINT ( 'NONE',  ( 31.39999999999999858, 26.54705882352939739, 3.499999999999999112 ) ) ;
#6987 = ADVANCED_FACE ( 'NONE', ( #4131 ), #3534, .F. ) ;
#6988 = LINE ( 'NONE', #1444, #3715 ) ;
#6989 = ORIENTED_EDGE ( 'NONE', *, *, #1309, .F. ) ;
#6990 = DIRECTION ( 'NONE',  ( 0.000000000000000000, 0.000000000000000000, 1.000000000000000000 ) ) ;
#6991 = CARTESIAN_POINT ( 'NONE',  ( -44.39999999999999147, -1.044187211523073769E-14, 42.35118819767313170 ) ) ;
#6992 = ORIENTED_EDGE ( 'NONE', *, *, #1247, .T. ) ;
#6993 = ORIENTED_EDGE ( 'NONE', *, *, #4463, .T. ) ;
#6994 = ADVANCED_FACE ( 'NONE', ( #5109 ), #652, .T. ) ;
#6995 = ORIENTED_EDGE ( 'NONE', *, *, #2370, .T. ) ;
#6996 = CARTESIAN_POINT ( 'NONE',  ( 49.35798342271353789, 12.42052870689701294, 75.36269181080760404 ) ) ;
#6997 = CARTESIAN_POINT ( 'NONE',  ( -47.39999999999999858, 9.999999999999994671, 2.000000000000000000 ) ) ;
#6998 = DIRECTION ( 'NONE',  ( 0.000000000000000000, -1.000000000000000000, -2.041077998578920677E-17 ) ) ;
#6999 = VERTEX_POINT ( 'NONE', #1767 ) ;
#7000 = ORIENTED_EDGE ( 'NONE', *, *, #5888, .T. ) ;
#7001 = DIRECTION ( 'NONE',  ( 0.000000000000000000, 0.000000000000000000, 1.000000000000000000 ) ) ;
#7002 = ORIENTED_EDGE ( 'NONE', *, *, #2705, .F. ) ;
#7003 = FACE_OUTER_BOUND ( 'NONE', #6972, .T. ) ;
#7004 = CARTESIAN_POINT ( 'NONE',  ( 45.40000000000000568, 29.99999999999998579, 80.49999999999998579 ) ) ;
#7005 = AXIS2_PLACEMENT_3D ( 'NONE', #5539, #972, #3114 ) ;
#7006 = CARTESIAN_POINT ( 'NONE',  ( 47.89999999999999858, 28.49999999999997868, 64.48722716699411706 ) ) ;
#7007 = CARTESIAN_POINT ( 'NONE',  ( 13.90000000000000391, 14.93519560395651169, 73.19979739923427076 ) ) ;
#7008 = CARTESIAN_POINT ( 'NONE',  ( 42.39999999999998437, 26.99999999999998579, 10.50000000000000355 ) ) ;
#7009 = DIRECTION ( 'NONE',  ( 0.000000000000000000, 0.000000000000000000, -1.000000000000000000 ) ) ;
#7010 = CARTESIAN_POINT ( 'NONE',  ( -43.39999999999999858, 4.499999999999995559, 6.499999999999999112 ) ) ;
#7011 = CARTESIAN_POINT ( 'NONE',  ( 49.39999999999999858, 29.99999999999998579, 118.5000000000000000 ) ) ;
#7012 = ADVANCED_FACE ( 'NONE', ( #6347 ), #620, .T. ) ;
#7013 = LINE ( 'NONE', #4770, #4896 ) ;
#7014 = ORIENTED_EDGE ( 'NONE', *, *, #4384, .F. ) ;
#7015 = ORIENTED_EDGE ( 'NONE', *, *, #6873, .F. ) ;
#7016 = DIRECTION ( 'NONE',  ( -0.000000000000000000, 1.000000000000000000, 0.000000000000000000 ) ) ;
#7017 = CARTESIAN_POINT ( 'NONE',  ( 28.39999999999999858, 29.17157287525379417, 88.49999999999997158 ) ) ;
#7018 = LINE ( 'NONE', #4181, #6103 ) ;
#7019 = AXIS2_PLACEMENT_3D ( 'NONE', #4867, #4304, #1969 ) ;
#7020 = ORIENTED_EDGE ( 'NONE', *, *, #3485, .F. ) ;
#7021 =( BOUNDED_CURVE ( )  B_SPLINE_CURVE ( 3, ( #1272, #2672, #5545, #2100 ),
 .UNSPECIFIED., .F., .F. ) 
 B_SPLINE_CURVE_WITH_KNOTS ( ( 4, 4 ),
 ( 0.000000000000000000, 1.570796326794898112 ),
 .UNSPECIFIED. ) 
 CURVE ( )  GEOMETRIC_REPRESENTATION_ITEM ( )  RATIONAL_B_SPLINE_CURVE ( ( 1.000000000000000000, 0.8047378541243646044, 0.8047378541243646044, 1.000000000000000000 ) ) 
 REPRESENTATION_ITEM ( '' )  );
#7022 = CARTESIAN_POINT ( 'NONE',  ( 47.89999999999999858, 28.49999999999998224, 108.5000000000000000 ) ) ;
#7023 = CIRCLE ( 'NONE', #1642, 7.999999999999992895 ) ;
#7024 = EDGE_CURVE ( 'NONE', #1150, #381, #710, .T. ) ;
#7025 = VERTEX_POINT ( 'NONE', #2412 ) ;
#7026 = EDGE_CURVE ( 'NONE', #2660, #102, #2341, .T. ) ;
#7027 = VERTEX_POINT ( 'NONE', #1211 ) ;
#7028 = CYLINDRICAL_SURFACE ( 'NONE', #5892, 0.7999999999999986011 ) ;
#7029 = ORIENTED_EDGE ( 'NONE', *, *, #2115, .F. ) ;
#7030 = CARTESIAN_POINT ( 'NONE',  ( 49.23426737022307975, 12.03122103857108982, 75.52602513515292060 ) ) ;
#7031 = CARTESIAN_POINT ( 'NONE',  ( 44.90000000000000568, 5.999999999999995559, 39.86590682343454972 ) ) ;
#7032 = DIRECTION ( 'NONE',  ( -0.000000000000000000, -0.000000000000000000, 1.000000000000000000 ) ) ;
#7033 = AXIS2_PLACEMENT_3D ( 'NONE', #4538, #5868, #140 ) ;
#7034 = EDGE_CURVE ( 'NONE', #395, #751, #89, .T. ) ;
#7035 = ORIENTED_EDGE ( 'NONE', *, *, #4946, .T. ) ;
#7036 = EDGE_CURVE ( 'NONE', #6550, #7147, #1471, .T. ) ;
#7037 = ORIENTED_EDGE ( 'NONE', *, *, #2542, .T. ) ;
#7038 = VECTOR ( 'NONE', #5811, 1000.000000000000000 ) ;
#7039 = CARTESIAN_POINT ( 'NONE',  ( 15.52330660551367991, 17.00000000000000000, 73.82392596667565954 ) ) ;
#7040 = ORIENTED_EDGE ( 'NONE', *, *, #6056, .F. ) ;
#7041 = DIRECTION ( 'NONE',  ( 0.000000000000000000, -1.000000000000000000, -0.000000000000000000 ) ) ;
#7042 = CARTESIAN_POINT ( 'NONE',  ( -30.59411708155671761, 2.999999999999989342, 5.000000000000000000 ) ) ;
#7043 = PLANE ( 'NONE',  #4197 ) ;
#7044 = VECTOR ( 'NONE', #1340, 1000.000000000000000 ) ;
#7045 = CIRCLE ( 'NONE', #4183, 2.000000000000001776 ) ;
#7046 = CARTESIAN_POINT ( 'NONE',  ( -15.90000000000000391, 17.00000000000000000, 73.60254636550102703 ) ) ;
#7047 = DIRECTION ( 'NONE',  ( -0.000000000000000000, 0.000000000000000000, -1.000000000000000000 ) ) ;
#7048 = FACE_OUTER_BOUND ( 'NONE', #3456, .T. ) ;
#7049 = VECTOR ( 'NONE', #4677, 1000.000000000000000 ) ;
#7050 = VECTOR ( 'NONE', #526, 1000.000000000000114 ) ;
#7051 = CARTESIAN_POINT ( 'NONE',  ( -15.90000000000001812, -1.069038425924786372E-14, 86.07462821482178583 ) ) ;
#7052 = LINE ( 'NONE', #1916, #6218 ) ;
#7053 = AXIS2_PLACEMENT_3D ( 'NONE', #4995, #386, #6119 ) ;
#7054 = ORIENTED_EDGE ( 'NONE', *, *, #4515, .T. ) ;
#7055 = ADVANCED_FACE ( 'NONE', ( #22 ), #6876, .F. ) ;
#7056 = ORIENTED_EDGE ( 'NONE', *, *, #6723, .T. ) ;
#7057 = AXIS2_PLACEMENT_3D ( 'NONE', #6681, #7163, #2144 ) ;
#7058 = DIRECTION ( 'NONE',  ( 0.000000000000000000, 0.000000000000000000, -1.000000000000000000 ) ) ;
#7059 = LINE ( 'NONE', #4815, #6538 ) ;
#7060 = FACE_OUTER_BOUND ( 'NONE', #3799, .T. ) ;
#7061 = EDGE_LOOP ( 'NONE', ( #3035, #5619, #6502, #824, #1561, #6166 ) ) ;
#7062 = CARTESIAN_POINT ( 'NONE',  ( 40.14999999999999858, 29.99999999999998579, 80.49999999999998579 ) ) ;
#7063 = CARTESIAN_POINT ( 'NONE',  ( -43.39999999999999858, 1.999999999999989120, 6.000000000000000000 ) ) ;
#7064 = VERTEX_POINT ( 'NONE', #7120 ) ;
#7065 = ADVANCED_FACE ( 'NONE', ( #158 ), #5964, .F. ) ;
#7066 = VERTEX_POINT ( 'NONE', #870 ) ;
#7067 = DIRECTION ( 'NONE',  ( 1.826024711554535639E-16, 1.000000000000000000, 0.000000000000000000 ) ) ;
#7068 = DIRECTION ( 'NONE',  ( 1.000000000000000000, -0.000000000000000000, 0.000000000000000000 ) ) ;
#7069 = EDGE_LOOP ( 'NONE', ( #3144, #3863, #4116 ) ) ;
#7070 = CARTESIAN_POINT ( 'NONE',  ( 38.14999999999999858, 27.99999999999998224, 78.49999999999998579 ) ) ;
#7071 =( BOUNDED_CURVE ( )  B_SPLINE_CURVE ( 3, ( #6385, #1809, #60, #5189 ),
 .UNSPECIFIED., .F., .F. ) 
 B_SPLINE_CURVE_WITH_KNOTS ( ( 4, 4 ),
 ( 0.000000000000000000, 1.570796326794896558 ),
 .UNSPECIFIED. ) 
 CURVE ( )  GEOMETRIC_REPRESENTATION_ITEM ( )  RATIONAL_B_SPLINE_CURVE ( ( 1.000000000000000000, 0.8047378541243649375, 0.8047378541243649375, 1.000000000000000000 ) ) 
 REPRESENTATION_ITEM ( '' )  );
#7072 = CARTESIAN_POINT ( 'NONE',  ( -38.14999999999999858, 25.99999999999998579, 10.50000000000000355 ) ) ;
#7073 = CYLINDRICAL_SURFACE ( 'NONE', #2506, 0.7999999999999986011 ) ;
#7074 = VECTOR ( 'NONE', #3369, 999.9999999999998863 ) ;
#7075 = VERTEX_POINT ( 'NONE', #6609 ) ;
#7076 = ORIENTED_EDGE ( 'NONE', *, *, #6271, .T. ) ;
#7077 = EDGE_CURVE ( 'NONE', #1042, #2365, #2291, .T. ) ;
#7078 = CARTESIAN_POINT ( 'NONE',  ( 15.90000000000000213, 17.00000000000000355, 70.38578598473675640 ) ) ;
#7079 = EDGE_LOOP ( 'NONE', ( #7114, #478, #4823, #3932, #5167 ) ) ;
#7080 = DIRECTION ( 'NONE',  ( 0.000000000000000000, 0.000000000000000000, -1.000000000000000000 ) ) ;
#7081 = DIRECTION ( 'NONE',  ( -1.000000000000000000, 0.000000000000000000, 0.000000000000000000 ) ) ;
#7082 = EDGE_CURVE ( 'NONE', #2171, #3260, #761, .T. ) ;
#7083 = LINE ( 'NONE', #725, #718 ) ;
#7084 = LINE ( 'NONE', #4168, #5991 ) ;
#7085 = DIRECTION ( 'NONE',  ( 1.000000000000000000, 0.000000000000000000, 0.000000000000000000 ) ) ;
#7086 = FACE_OUTER_BOUND ( 'NONE', #4966, .T. ) ;
#7087 = EDGE_CURVE ( 'NONE', #4429, #2382, #5360, .T. ) ;
#7088 = CARTESIAN_POINT ( 'NONE',  ( -28.40296816629087928, 22.07699040570500770, 88.49999999999998579 ) ) ;
#7089 = AXIS2_PLACEMENT_3D ( 'NONE', #6682, #7344, #1100 ) ;
#7090 = CARTESIAN_POINT ( 'NONE',  ( -13.90000000000000213, 0.000000000000000000, 100.0746282148217858 ) ) ;
#7091 = DIRECTION ( 'NONE',  ( -1.000000000000000000, 0.000000000000000000, 0.000000000000000000 ) ) ;
#7092 = VERTEX_POINT ( 'NONE', #6528 ) ;
#7093 = VERTEX_POINT ( 'NONE', #3162 ) ;
#7094 = LINE ( 'NONE', #1957, #2714 ) ;
#7095 = CARTESIAN_POINT ( 'NONE',  ( -44.39999999999999147, 0.000000000000000000, 0.000000000000000000 ) ) ;
#7096 = FACE_OUTER_BOUND ( 'NONE', #6397, .T. ) ;
#7097 = EDGE_LOOP ( 'NONE', ( #2277, #3939, #5631, #4081 ) ) ;
#7098 = CARTESIAN_POINT ( 'NONE',  ( 38.25214779810285393, 28.64443133430576793, 79.55107389905118964 ) ) ;
#7099 = LINE ( 'NONE', #2051, #1436 ) ;
#7100 = ORIENTED_EDGE ( 'NONE', *, *, #5888, .F. ) ;
#7101 = ORIENTED_EDGE ( 'NONE', *, *, #2499, .F. ) ;
#7102 = LINE ( 'NONE', #2544, #42 ) ;
#7103 = CARTESIAN_POINT ( 'NONE',  ( -48.73333333333332007, 12.39990205162180104, 74.68086223971096160 ) ) ;
#7104 = ORIENTED_EDGE ( 'NONE', *, *, #6126, .F. ) ;
#7105 = LINE ( 'NONE', #3184, #5616 ) ;
#7106 = DIRECTION ( 'NONE',  ( 0.000000000000000000, 4.956352788505160310E-16, 1.000000000000000000 ) ) ;
#7107 = VECTOR ( 'NONE', #2068, 999.9999999999998863 ) ;
#7108 = EDGE_CURVE ( 'NONE', #2717, #49, #5287, .T. ) ;
#7109 = LINE ( 'NONE', #4231, #5738 ) ;
#7110 = EDGE_LOOP ( 'NONE', ( #4606, #4673, #5615, #4192, #228, #6735, #3708 ) ) ;
#7111 = ORIENTED_EDGE ( 'NONE', *, *, #6030, .T. ) ;
#7112 = AXIS2_PLACEMENT_3D ( 'NONE', #314, #2113, #7209 ) ;
#7113 =( BOUNDED_CURVE ( )  B_SPLINE_CURVE ( 3, ( #6683, #2034, #4328, #4926 ),
 .UNSPECIFIED., .F., .F. ) 
 B_SPLINE_CURVE_WITH_KNOTS ( ( 4, 4 ),
 ( 5.435123228198085243, 6.283185307179586232 ),
 .UNSPECIFIED. ) 
 CURVE ( )  GEOMETRIC_REPRESENTATION_ITEM ( )  RATIONAL_B_SPLINE_CURVE ( ( 1.000000000000000000, 0.9409585518440956031, 0.9409585518440956031, 1.000000000000000000 ) ) 
 REPRESENTATION_ITEM ( '' )  );
#7114 = ORIENTED_EDGE ( 'NONE', *, *, #3528, .F. ) ;
#7115 = DIRECTION ( 'NONE',  ( -0.000000000000000000, 1.000000000000000000, 2.041077998578920060E-17 ) ) ;
#7116 = VERTEX_POINT ( 'NONE', #5850 ) ;
#7117 = DIRECTION ( 'NONE',  ( -0.000000000000000000, 0.000000000000000000, -1.000000000000000000 ) ) ;
#7118 = LINE ( 'NONE', #5961, #4716 ) ;
#7119 = DIRECTION ( 'NONE',  ( 0.000000000000000000, 1.000000000000000000, 0.000000000000000000 ) ) ;
#7120 = CARTESIAN_POINT ( 'NONE',  ( 45.40000000000000568, 29.56066017177980143, 63.42656699521430141 ) ) ;
#7121 = AXIS2_PLACEMENT_3D ( 'NONE', #1504, #1949, #3805 ) ;
#7122 = EDGE_CURVE ( 'NONE', #7357, #7075, #2732, .T. ) ;
#7123 = ADVANCED_FACE ( 'NONE', ( #6449 ), #7043, .F. ) ;
#7124 = CARTESIAN_POINT ( 'NONE',  ( 38.14999999999999858, 22.99999999999998224, 3.500000000000000888 ) ) ;
#7125 = CARTESIAN_POINT ( 'NONE',  ( 31.19999999999999574, 4.800000000000000711, 1.700000000000007061 ) ) ;
#7126 = VECTOR ( 'NONE', #4932, 1000.000000000000000 ) ;
#7127 = DIRECTION ( 'NONE',  ( -0.000000000000000000, 0.7660444431189792347, -0.6427876096865379196 ) ) ;
#7128 = AXIS2_PLACEMENT_3D ( 'NONE', #1598, #3893, #3146 ) ;
#7129 = FACE_OUTER_BOUND ( 'NONE', #1928, .T. ) ;
#7130 = DIRECTION ( 'NONE',  ( -1.826024711554535885E-16, 1.000000000000000000, 0.000000000000000000 ) ) ;
#7131 = VECTOR ( 'NONE', #6467, 1000.000000000000000 ) ;
#7132 = EDGE_CURVE ( 'NONE', #1445, #357, #5269, .T. ) ;
#7133 = VECTOR ( 'NONE', #3077, 1000.000000000000000 ) ;
#7134 = ORIENTED_EDGE ( 'NONE', *, *, #820, .F. ) ;
#7135 = VERTEX_POINT ( 'NONE', #2442 ) ;
#7136 = LINE ( 'NONE', #995, #3667 ) ;
#7137 = CARTESIAN_POINT ( 'NONE',  ( -49.39999999999999858, 4.499999999999995559, 40.48722716699418100 ) ) ;
#7138 = DIRECTION ( 'NONE',  ( -0.000000000000000000, 0.000000000000000000, -1.000000000000000000 ) ) ;
#7139 = ORIENTED_EDGE ( 'NONE', *, *, #5887, .F. ) ;
#7140 = CARTESIAN_POINT ( 'NONE',  ( 40.14999999999999858, 29.99999999999998579, 80.49999999999998579 ) ) ;
#7141 = PLANE ( 'NONE',  #2285 ) ;
#7142 = ORIENTED_EDGE ( 'NONE', *, *, #3801, .F. ) ;
#7143 = VERTEX_POINT ( 'NONE', #4882 ) ;
#7144 = AXIS2_PLACEMENT_3D ( 'NONE', #7190, #6741, #2127 ) ;
#7145 = SPHERICAL_SURFACE ( 'NONE', #5810, 2.000000000000000000 ) ;
#7146 = CARTESIAN_POINT ( 'NONE',  ( 13.90000000000000213, 5.999999999999989342, 99.07462821482178583 ) ) ;
#7147 = VERTEX_POINT ( 'NONE', #5400 ) ;
#7148 = CARTESIAN_POINT ( 'NONE',  ( 43.39999999999999858, 26.54705882352938318, 3.499999999999999112 ) ) ;
#7149 = AXIS2_PLACEMENT_3D ( 'NONE', #1280, #1872, #730 ) ;
#7150 = CARTESIAN_POINT ( 'NONE',  ( -44.39999999999999147, 22.99999999999998579, 65.35118819767305354 ) ) ;
#7151 = CARTESIAN_POINT ( 'NONE',  ( -5.623857625084458967, -28.94771525016921743, 84.72385762508436358 ) ) ;
#7152 = EDGE_LOOP ( 'NONE', ( #6170, #5466, #5165, #3042 ) ) ;
#7153 = EDGE_LOOP ( 'NONE', ( #1715, #4373, #4301, #5314 ) ) ;
#7154 = EDGE_CURVE ( 'NONE', #370, #927, #7084, .T. ) ;
#7155 = ORIENTED_EDGE ( 'NONE', *, *, #5939, .T. ) ;
#7156 = LINE ( 'NONE', #1421, #4072 ) ;
#7157 = ORIENTED_EDGE ( 'NONE', *, *, #4093, .T. ) ;
#7158 = CIRCLE ( 'NONE', #6438, 1.499999999999999556 ) ;
#7159 = LINE ( 'NONE', #6150, #6054 ) ;
#7160 = DIRECTION ( 'NONE',  ( 1.000000000000000000, -0.000000000000000000, -0.000000000000000000 ) ) ;
#7161 = CARTESIAN_POINT ( 'NONE',  ( 15.40000000000000213, 17.00000000000000000, 70.38578598473668535 ) ) ;
#7162 = DIRECTION ( 'NONE',  ( -1.000000000000000000, 0.000000000000000000, 0.000000000000000000 ) ) ;
#7163 = DIRECTION ( 'NONE',  ( 0.000000000000000000, 1.000000000000000000, -4.956352788505160310E-16 ) ) ;
#7164 = VECTOR ( 'NONE', #6345, 1000.000000000000000 ) ;
#7165 = EDGE_CURVE ( 'NONE', #2360, #49, #6843, .T. ) ;
#7166 = CARTESIAN_POINT ( 'NONE',  ( -49.39999999999999147, 5.378679656440355394, 40.12326613631525873 ) ) ;
#7167 = LINE ( 'NONE', #874, #3566 ) ;
#7168 = DIRECTION ( 'NONE',  ( -1.000000000000000000, 0.000000000000000000, 0.000000000000000000 ) ) ;
#7169 = EDGE_CURVE ( 'NONE', #1324, #6867, #5158, .T. ) ;
#7170 = CYLINDRICAL_SURFACE ( 'NONE', #2094, 2.000000000000001776 ) ;
#7171 = DIRECTION ( 'NONE',  ( 0.000000000000000000, 0.000000000000000000, 1.000000000000000000 ) ) ;
#7172 = CIRCLE ( 'NONE', #3947, 2.000000000000001776 ) ;
#7173 = AXIS2_PLACEMENT_3D ( 'NONE', #1337, #640, #4120 ) ;
#7174 = ORIENTED_EDGE ( 'NONE', *, *, #1879, .T. ) ;
#7175 = AXIS2_PLACEMENT_3D ( 'NONE', #5759, #2919, #6288 ) ;
#7176 = LINE ( 'NONE', #4289, #4387 ) ;
#7177 = AXIS2_PLACEMENT_3D ( 'NONE', #1609, #3905, #6718 ) ;
#7178 = CARTESIAN_POINT ( 'NONE',  ( -27.84422222222221421, 8.888444444444296266, -2.611555555555546526 ) ) ;
#7179 = DIRECTION ( 'NONE',  ( -0.6081204024113461282, 0.6081204024113420203, -0.5102736053747340961 ) ) ;
#7180 = ORIENTED_EDGE ( 'NONE', *, *, #298, .F. ) ;
#7181 = ADVANCED_FACE ( 'NONE', ( #4839 ), #4764, .F. ) ;
#7182 = CIRCLE ( 'NONE', #119, 1.999999999999997780 ) ;
#7183 = CARTESIAN_POINT ( 'NONE',  ( 39.28216840560737921, 29.00230136216366006, 78.76433681121500285 ) ) ;
#7184 = ADVANCED_FACE ( 'NONE', ( #2596 ), #3016, .T. ) ;
#7185 = CARTESIAN_POINT ( 'NONE',  ( -43.39999999999999858, 17.00000000000000000, 73.60254636550102703 ) ) ;
#7186 = VECTOR ( 'NONE', #5196, 1000.000000000000000 ) ;
#7187 = VERTEX_POINT ( 'NONE', #1349 ) ;
#7188 = ORIENTED_EDGE ( 'NONE', *, *, #1296, .F. ) ;
#7189 = CARTESIAN_POINT ( 'NONE',  ( 28.40000000000000213, 27.99999999999998224, 84.55267969074972711 ) ) ;
#7190 = CARTESIAN_POINT ( 'NONE',  ( -30.39999999999999503, 4.800000000000000711, 1.700000000000007061 ) ) ;
#7191 = AXIS2_PLACEMENT_3D ( 'NONE', #3465, #3731, #2524 ) ;
#7192 = ORIENTED_EDGE ( 'NONE', *, *, #7220, .T. ) ;
#7193 = EDGE_CURVE ( 'NONE', #4952, #603, #795, .T. ) ;
#7194 = DIRECTION ( 'NONE',  ( -0.000000000000000000, -1.000000000000000000, -0.000000000000000000 ) ) ;
#7195 = CARTESIAN_POINT ( 'NONE',  ( -31.39999999999999858, 29.53729350067549930, 2.229150262212904465 ) ) ;
#7196 = DIRECTION ( 'NONE',  ( 0.000000000000000000, 1.000000000000000000, 0.000000000000000000 ) ) ;
#7197 = ORIENTED_EDGE ( 'NONE', *, *, #3066, .F. ) ;
#7198 = ORIENTED_EDGE ( 'NONE', *, *, #5706, .T. ) ;
#7199 = CARTESIAN_POINT ( 'NONE',  ( 49.26155224264807941, 9.999999999999994671, 1.268820645879640940 ) ) ;
#7200 = VERTEX_POINT ( 'NONE', #3200 ) ;
#7201 = DIRECTION ( 'NONE',  ( 1.000000000000000000, 0.000000000000000000, 0.000000000000000000 ) ) ;
#7202 = CARTESIAN_POINT ( 'NONE',  ( -43.39999999999999858, 2.999999999999989342, 5.000000000000000000 ) ) ;
#7203 = EDGE_CURVE ( 'NONE', #3818, #4320, #422, .T. ) ;
#7204 = PLANE ( 'NONE',  #1559 ) ;
#7205 = CARTESIAN_POINT ( 'NONE',  ( 39.14999999999998437, 26.99999999999998224, 3.499999999999998668 ) ) ;
#7206 = DIRECTION ( 'NONE',  ( 0.000000000000000000, -0.7660444431189792347, 0.6427876096865379196 ) ) ;
#7207 = FACE_OUTER_BOUND ( 'NONE', #2825, .T. ) ;
#7208 = CARTESIAN_POINT ( 'NONE',  ( -28.40000000000000213, 21.99999999999998224, 78.49999999999998579 ) ) ;
#7209 = DIRECTION ( 'NONE',  ( -1.000000000000000000, 0.000000000000000000, 0.000000000000000000 ) ) ;
#7210 = CARTESIAN_POINT ( 'NONE',  ( 43.65242718725754401, 29.00723787374815998, 64.23903663543124765 ) ) ;
#7211 = EDGE_CURVE ( 'NONE', #6252, #5332, #1203, .T. ) ;
#7212 = VERTEX_POINT ( 'NONE', #4468 ) ;
#7213 = CIRCLE ( 'NONE', #5538, 1.999999999999998890 ) ;
#7214 = FACE_OUTER_BOUND ( 'NONE', #5225, .T. ) ;
#7215 = LINE ( 'NONE', #4969, #7253 ) ;
#7216 = CARTESIAN_POINT ( 'NONE',  ( 47.89999999999999858, 5.999999999999995559, 39.86590682343454972 ) ) ;
#7217 = ORIENTED_EDGE ( 'NONE', *, *, #3882, .F. ) ;
#7218 = CARTESIAN_POINT ( 'NONE',  ( 28.40000000000000213, 21.99999999999998224, 78.49999999999998579 ) ) ;
#7219 = EDGE_LOOP ( 'NONE', ( #4418, #1918, #4153, #6420 ) ) ;
#7220 = EDGE_CURVE ( 'NONE', #1153, #848, #5514, .T. ) ;
#7221 = ORIENTED_EDGE ( 'NONE', *, *, #3928, .T. ) ;
#7222 = EDGE_CURVE ( 'NONE', #4320, #4504, #6646, .T. ) ;
#7223 = DIRECTION ( 'NONE',  ( 0.000000000000000000, 0.000000000000000000, -1.000000000000000000 ) ) ;
#7224 = DIRECTION ( 'NONE',  ( 0.000000000000000000, -0.000000000000000000, -1.000000000000000000 ) ) ;
#7225 = ORIENTED_EDGE ( 'NONE', *, *, #767, .F. ) ;
#7226 = CARTESIAN_POINT ( 'NONE',  ( -49.39999999999999858, -1.368118845532693358E-14, 116.4999999999999716 ) ) ;
#7227 = DIRECTION ( 'NONE',  ( 8.673617379884051249E-15, -1.000000000000000000, 0.000000000000000000 ) ) ;
#7228 = CARTESIAN_POINT ( 'NONE',  ( -37.39999999999996305, -1.354217172000612334E-14, 115.0857864376268935 ) ) ;
#7229 = ORIENTED_EDGE ( 'NONE', *, *, #6956, .F. ) ;
#7230 = EDGE_CURVE ( 'NONE', #6999, #1725, #3907, .T. ) ;
#7231 = EDGE_LOOP ( 'NONE', ( #6844, #489, #3036, #6220 ) ) ;
#7232 = ADVANCED_FACE ( 'NONE', ( #3840 ), #1056, .T. ) ;
#7233 = AXIS2_PLACEMENT_3D ( 'NONE', #4466, #1161, #5063 ) ;
#7234 = DIRECTION ( 'NONE',  ( -0.000000000000000000, 1.000000000000000000, 2.041077998578920060E-17 ) ) ;
#7235 = ORIENTED_EDGE ( 'NONE', *, *, #6167, .T. ) ;
#7236 = SPHERICAL_SURFACE ( 'NONE', #3189, 1.500000000000000000 ) ;
#7237 = CARTESIAN_POINT ( 'NONE',  ( -13.90000000000000213, 1.999999999999988676, 108.5000000000000000 ) ) ;
#7238 = CARTESIAN_POINT ( 'NONE',  ( -29.40000000000000213, 21.99999999999998224, 79.49999999999998579 ) ) ;
#7239 = DIRECTION ( 'NONE',  ( 1.000000000000000000, -0.000000000000000000, -0.000000000000000000 ) ) ;
#7240 = LINE ( 'NONE', #1431, #6847 ) ;
#7241 = CARTESIAN_POINT ( 'NONE',  ( 13.90000000000000213, 27.99999999999998224, 89.99999999999998579 ) ) ;
#7242 = DIRECTION ( 'NONE',  ( -0.000000000000000000, -0.000000000000000000, 1.000000000000000000 ) ) ;
#7243 = CARTESIAN_POINT ( 'NONE',  ( 49.39999999999999858, 8.378679656440350954, 2.000000000000000000 ) ) ;
#7244 = LINE ( 'NONE', #2723, #4369 ) ;
#7245 = FACE_OUTER_BOUND ( 'NONE', #4175, .T. ) ;
#7246 = ORIENTED_EDGE ( 'NONE', *, *, #3055, .T. ) ;
#7247 = LINE ( 'NONE', #2688, #5697 ) ;
#7248 = EDGE_CURVE ( 'NONE', #3643, #1271, #4434, .T. ) ;
#7249 = LINE ( 'NONE', #6691, #3322 ) ;
#7250 = CARTESIAN_POINT ( 'NONE',  ( -14.39322642205476122, 14.86284310686377452, 73.06459195023401776 ) ) ;
#7251 = ORIENTED_EDGE ( 'NONE', *, *, #3475, .T. ) ;
#7252 = CYLINDRICAL_SURFACE ( 'NONE', #3934, 0.8000000000000020428 ) ;
#7253 = VECTOR ( 'NONE', #5977, 1000.000000000000000 ) ;
#7254 = ORIENTED_EDGE ( 'NONE', *, *, #5627, .T. ) ;
#7255 = ORIENTED_EDGE ( 'NONE', *, *, #6865, .T. ) ;
#7256 = CARTESIAN_POINT ( 'NONE',  ( -39.14999999999999858, 27.99999999999998224, 79.49999999999998579 ) ) ;
#7257 = FACE_OUTER_BOUND ( 'NONE', #6888, .T. ) ;
#7258 = ORIENTED_EDGE ( 'NONE', *, *, #2185, .F. ) ;
#7259 = CARTESIAN_POINT ( 'NONE',  ( -48.39355398350434001, 12.05474179840698135, 74.53535031776979736 ) ) ;
#7260 = ADVANCED_FACE ( 'NONE', ( #1537 ), #7204, .T. ) ;
#7261 = DIRECTION ( 'NONE',  ( 0.000000000000000000, 0.7071067811865483499, 0.7071067811865467956 ) ) ;
#7262 = ADVANCED_FACE ( 'NONE', ( #2143 ), #5550, .T. ) ;
#7263 = ORIENTED_EDGE ( 'NONE', *, *, #810, .F. ) ;
#7264 = ORIENTED_EDGE ( 'NONE', *, *, #3434, .F. ) ;
#7265 = ORIENTED_EDGE ( 'NONE', *, *, #7082, .T. ) ;
#7266 = DIRECTION ( 'NONE',  ( 0.6785983445458475538, 0.6785983445458475538, -0.2810846377148177866 ) ) ;
#7267 = AXIS2_PLACEMENT_3D ( 'NONE', #7146, #648, #6023 ) ;
#7268 = ORIENTED_EDGE ( 'NONE', *, *, #1722, .T. ) ;
#7269 = DIRECTION ( 'NONE',  ( -0.000000000000000000, 1.000000000000000000, 0.000000000000000000 ) ) ;
#7270 = LINE ( 'NONE', #1575, #7107 ) ;
#7271 = EDGE_CURVE ( 'NONE', #296, #3712, #1683, .T. ) ;
#7272 = CARTESIAN_POINT ( 'NONE',  ( 28.40000000000000213, 21.99999999999998224, 79.49999999999998579 ) ) ;
#7273 = CARTESIAN_POINT ( 'NONE',  ( -49.39999999999999858, 28.49999999999998224, 0.000000000000000000 ) ) ;
#7274 = ADVANCED_FACE ( 'NONE', ( #3316 ), #5065, .T. ) ;
#7275 = CARTESIAN_POINT ( 'NONE',  ( -28.40000000000000213, 17.00000000000000000, 78.49999999999998579 ) ) ;
#7276 = ORIENTED_EDGE ( 'NONE', *, *, #6221, .F. ) ;
#7277 = CARTESIAN_POINT ( 'NONE',  ( -15.40000000000000213, 17.00000000000000000, 88.49999999999998579 ) ) ;
#7278 = CARTESIAN_POINT ( 'NONE',  ( 45.40000000000000568, 29.56066017177980143, 63.42656699521430141 ) ) ;
#7279 = DIRECTION ( 'NONE',  ( 0.000000000000000000, 0.000000000000000000, -1.000000000000000000 ) ) ;
#7280 = LINE ( 'NONE', #5041, #1139 ) ;
#7281 = CARTESIAN_POINT ( 'NONE',  ( 32.00000000000000000, 29.19999999999999929, 1.700000000000007061 ) ) ;
#7282 = CIRCLE ( 'NONE', #6926, 1.000000000000000888 ) ;
#7283 = PLANE ( 'NONE',  #1792 ) ;
#7284 = DIRECTION ( 'NONE',  ( 0.7071067811865451302, 0.7071067811865500152, 6.950836766040563788E-17 ) ) ;
#7285 = DIRECTION ( 'NONE',  ( 1.000000000000000000, 0.000000000000000000, 0.000000000000000000 ) ) ;
#7286 = CARTESIAN_POINT ( 'NONE',  ( -49.26155224264807941, 9.999999999999994671, 1.268820645879640940 ) ) ;
#7287 = AXIS2_PLACEMENT_3D ( 'NONE', #5406, #2604, #2565 ) ;
#7288 = ORIENTED_EDGE ( 'NONE', *, *, #6423, .F. ) ;
#7289 = DIRECTION ( 'NONE',  ( 0.000000000000000000, -0.000000000000000000, -1.000000000000000000 ) ) ;
#7290 = VECTOR ( 'NONE', #3481, 1000.000000000000000 ) ;
#7291 = VECTOR ( 'NONE', #2026, 1000.000000000000000 ) ;
#7292 = ORIENTED_EDGE ( 'NONE', *, *, #1489, .T. ) ;
#7293 = EDGE_LOOP ( 'NONE', ( #3355, #7326, #4988, #1682 ) ) ;
#7294 = VECTOR ( 'NONE', #2021, 1000.000000000000000 ) ;
#7295 = CARTESIAN_POINT ( 'NONE',  ( -38.14999999999999858, 26.99999999999998224, 3.499999999999998668 ) ) ;
#7296 = FACE_OUTER_BOUND ( 'NONE', #2042, .T. ) ;
#7297 = ORIENTED_EDGE ( 'NONE', *, *, #63, .F. ) ;
#7298 = VECTOR ( 'NONE', #1469, 1000.000000000000000 ) ;
#7299 = VECTOR ( 'NONE', #5075, 1000.000000000000000 ) ;
#7300 = DIRECTION ( 'NONE',  ( 0.7071067811865481278, -0.4545194776720422603, -0.5416752204197021747 ) ) ;
#7301 = EDGE_CURVE ( 'NONE', #6257, #186, #3353, .T. ) ;
#7302 = EDGE_LOOP ( 'NONE', ( #3059, #3970, #4042, #4087 ) ) ;
#7303 = ORIENTED_EDGE ( 'NONE', *, *, #4612, .T. ) ;
#7304 = AXIS2_PLACEMENT_3D ( 'NONE', #2908, #126, #6910 ) ;
#7305 = ORIENTED_EDGE ( 'NONE', *, *, #4412, .F. ) ;
#7306 = CARTESIAN_POINT ( 'NONE',  ( 31.39999999999999858, 22.99999999999998224, 3.500000000000000888 ) ) ;
#7307 = FACE_OUTER_BOUND ( 'NONE', #2018, .T. ) ;
#7308 = LINE ( 'NONE', #1608, #2957 ) ;
#7309 = FACE_OUTER_BOUND ( 'NONE', #6745, .T. ) ;
#7310 = CARTESIAN_POINT ( 'NONE',  ( 0.000000000000000000, 26.99999999999998224, -1.338215252896392376E-14 ) ) ;
#7311 = DIRECTION ( 'NONE',  ( 0.000000000000000000, 0.000000000000000000, -1.000000000000000000 ) ) ;
#7312 = VERTEX_POINT ( 'NONE', #7341 ) ;
#7313 = ADVANCED_FACE ( 'NONE', ( #2218 ), #6040, .T. ) ;
#7314 = LINE ( 'NONE', #5037, #4947 ) ;
#7315 = FACE_OUTER_BOUND ( 'NONE', #5591, .T. ) ;
#7316 = EDGE_CURVE ( 'NONE', #251, #7187, #4359, .T. ) ;
#7317 = DIRECTION ( 'NONE',  ( -0.000000000000000000, -1.000000000000000000, -2.282530889443168501E-16 ) ) ;
#7318 = DIRECTION ( 'NONE',  ( 0.000000000000000000, -1.000000000000000000, 0.000000000000000000 ) ) ;
#7319 = CARTESIAN_POINT ( 'NONE',  ( -43.39999999999999858, 27.99999999999998224, 63.98722716699411706 ) ) ;
#7320 = DIRECTION ( 'NONE',  ( 0.000000000000000000, 0.7660444431189821213, 0.6427876096865345890 ) ) ;
#7321 = EDGE_CURVE ( 'NONE', #2005, #6999, #6076, .T. ) ;
#7322 = CARTESIAN_POINT ( 'NONE',  ( 13.90000000000000213, 17.00000000000000000, 70.38578598473668535 ) ) ;
#7323 = CARTESIAN_POINT ( 'NONE',  ( 38.14999999999999858, 29.99999999999998579, 78.49999999999998579 ) ) ;
#7324 = CARTESIAN_POINT ( 'NONE',  ( -37.39999999999997726, 2.828427124746180077, 116.4999999999999858 ) ) ;
#7325 = CARTESIAN_POINT ( 'NONE',  ( -14.16433683456238057, 15.01679981057679925, 73.35229156100753301 ) ) ;
#7326 = ORIENTED_EDGE ( 'NONE', *, *, #2278, .F. ) ;
#7327 = ORIENTED_EDGE ( 'NONE', *, *, #4899, .T. ) ;
#7328 = ORIENTED_EDGE ( 'NONE', *, *, #3019, .T. ) ;
#7329 = PLANE ( 'NONE',  #1627 ) ;
#7330 = DIRECTION ( 'NONE',  ( 0.000000000000000000, -0.000000000000000000, 1.000000000000000000 ) ) ;
#7331 = VERTEX_POINT ( 'NONE', #2678 ) ;
#7332 = CARTESIAN_POINT ( 'NONE',  ( 45.18532288859283597, 7.785322888610783032, 116.7866107412289125 ) ) ;
#7333 = VERTEX_POINT ( 'NONE', #2106 ) ;
#7334 = ORIENTED_EDGE ( 'NONE', *, *, #1730, .F. ) ;
#7335 = ORIENTED_EDGE ( 'NONE', *, *, #4332, .T. ) ;
#7336 = EDGE_CURVE ( 'NONE', #2626, #102, #4397, .T. ) ;
#7337 = CARTESIAN_POINT ( 'NONE',  ( -39.28216840560737921, 29.00230136216366006, 78.76433681121500285 ) ) ;
#7338 = DIRECTION ( 'NONE',  ( 0.000000000000000000, -0.7660444431189793457, 0.6427876096865379196 ) ) ;
#7339 = CARTESIAN_POINT ( 'NONE',  ( 49.39999999999999858, 1.000000000000000888, 2.041077998578924066E-17 ) ) ;
#7340 = DIRECTION ( 'NONE',  ( -1.000000000000000000, 0.000000000000000000, 0.000000000000000000 ) ) ;
#7341 = CARTESIAN_POINT ( 'NONE',  ( -44.90000000000000568, 5.999999999999995559, 6.500000000000000000 ) ) ;
#7342 = ORIENTED_EDGE ( 'NONE', *, *, #2995, .T. ) ;
#7343 = ORIENTED_EDGE ( 'NONE', *, *, #1380, .T. ) ;
#7344 = DIRECTION ( 'NONE',  ( 0.000000000000000000, -1.000000000000000000, -0.000000000000000000 ) ) ;
#7345 = PLANE ( 'NONE',  #3448 ) ;
#7346 = CARTESIAN_POINT ( 'NONE',  ( 15.41301367209554840, 17.00000000000000000, 74.08440617919282545 ) ) ;
#7347 = LINE ( 'NONE', #577, #777 ) ;
#7348 = CARTESIAN_POINT ( 'NONE',  ( -43.39999999999999858, 29.17157287525379417, 64.28012038580757803 ) ) ;
#7349 = ADVANCED_FACE ( 'NONE', ( #679 ), #2402, .F. ) ;
#7350 = AXIS2_PLACEMENT_3D ( 'NONE', #5284, #1905, #4762 ) ;
#7351 = EDGE_CURVE ( 'NONE', #1194, #2884, #1724, .T. ) ;
#7352 = CARTESIAN_POINT ( 'NONE',  ( 29.40000000000000213, 0.000000000000000000, 79.49999999999998579 ) ) ;
#7353 = DIRECTION ( 'NONE',  ( -0.5598087876773540916, -0.8278331560322514937, -0.03614397616329827895 ) ) ;
#7354 = DIRECTION ( 'NONE',  ( -1.000000000000000000, 0.000000000000000000, 0.000000000000000000 ) ) ;
#7355 = DIRECTION ( 'NONE',  ( 1.000000000000000000, 0.000000000000000000, 0.000000000000000000 ) ) ;
#7356 =( BOUNDED_CURVE ( )  B_SPLINE_CURVE ( 3, ( #4536, #44, #2327, #5132 ),
 .UNSPECIFIED., .F., .F. ) 
 B_SPLINE_CURVE_WITH_KNOTS ( ( 4, 4 ),
 ( 0.000000000000000000, 1.493729657094185148 ),
 .UNSPECIFIED. ) 
 CURVE ( )  GEOMETRIC_REPRESENTATION_ITEM ( )  RATIONAL_B_SPLINE_CURVE ( ( 1.000000000000000000, 0.8225482158418110368, 0.8225482158418110368, 1.000000000000000000 ) ) 
 REPRESENTATION_ITEM ( '' )  );
#7357 = VERTEX_POINT ( 'NONE', #3422 ) ;
#7358 = CARTESIAN_POINT ( 'NONE',  ( 47.89999999999999858, 5.999999999999995559, 6.500000000000000000 ) ) ;
#7359 = EDGE_CURVE ( 'NONE', #4817, #4873, #2967, .T. ) ;
#7360 = ADVANCED_FACE ( 'NONE', ( #6371 ), #5662, .F. ) ;
#7361 = ORIENTED_EDGE ( 'NONE', *, *, #3868, .T. ) ;
#7362 = VERTEX_POINT ( 'NONE', #535 ) ;
#7363 = CARTESIAN_POINT ( 'NONE',  ( -42.39999999999998437, 26.99999999999998579, 10.50000000000000355 ) ) ;
#7364 = DIRECTION ( 'NONE',  ( 0.000000000000000000, 0.000000000000000000, 1.000000000000000000 ) ) ;
#7365 = ORIENTED_EDGE ( 'NONE', *, *, #3343, .F. ) ;
#7366 = VECTOR ( 'NONE', #683, 1000.000000000000000 ) ;
#7367 = CARTESIAN_POINT ( 'NONE',  ( 31.19999999999999574, 4.000000000000000000, 1.700000000000007061 ) ) ;
#7368 = ORIENTED_EDGE ( 'NONE', *, *, #7108, .T. ) ;
#7369 = ORIENTED_EDGE ( 'NONE', *, *, #6584, .F. ) ;
#7370 = VERTEX_POINT ( 'NONE', #5137 ) ;
#7371 = FACE_OUTER_BOUND ( 'NONE', #4354, .T. ) ;
#7372 = CARTESIAN_POINT ( 'NONE',  ( -32.00000000000000000, 22.99999999999997868, 1.700000000000007061 ) ) ;
#7373 = FACE_OUTER_BOUND ( 'NONE', #6859, .T. ) ;
#7374 = LINE ( 'NONE', #569, #1075 ) ;
#7375 = APPLICATION_PROTOCOL_DEFINITION ( 'draft international standard', 'automotive_design', 1998, #1826 ) ;
#7376 = ORIENTED_EDGE ( 'NONE', *, *, #7087, .F. ) ;
#7377 = EDGE_CURVE ( 'NONE', #379, #7093, #12, .T. ) ;
#7378 = ORIENTED_EDGE ( 'NONE', *, *, #1135, .T. ) ;
#7379 = CARTESIAN_POINT ( 'NONE',  ( 13.90000000000000391, 16.37867965644036161, 89.12132034355961707 ) ) ;
#7380 = AXIS2_PLACEMENT_3D ( 'NONE', #4095, #3109, #5990 ) ;
#7381 = CARTESIAN_POINT ( 'NONE',  ( -48.39999999999999858, -1.044187211523073769E-14, 42.35118819767313170 ) ) ;
#7382 = CARTESIAN_POINT ( 'NONE',  ( -31.39999999999999858, 22.99999999999998224, 3.500000000000000888 ) ) ;
#7383 = CARTESIAN_POINT ( 'NONE',  ( 49.40000881912935426, 12.69752669922418953, 75.24647778451182489 ) ) ;
#7384 = AXIS2_PLACEMENT_3D ( 'NONE', #5709, #582, #2872 ) ;
#7385 = CARTESIAN_POINT ( 'NONE',  ( -44.87650409063153489, 29.94794529507751335, 64.47421349076373076 ) ) ;
#7386 = CARTESIAN_POINT ( 'NONE',  ( 38.14999999999999858, 22.99999999999998224, 3.500000000000000888 ) ) ;
#7387 = EDGE_CURVE ( 'NONE', #5656, #3229, #1947, .T. ) ;
#7388 = CARTESIAN_POINT ( 'NONE',  ( -28.40000000000000213, 17.00000000000000000, 88.49999999999998579 ) ) ;
#7389 = DIRECTION ( 'NONE',  ( 0.000000000000000000, -9.829967624376073786E-17, 1.000000000000000000 ) ) ;
#7390 = EDGE_CURVE ( 'NONE', #6751, #4260, #5099, .T. ) ;
#7391 = DIRECTION ( 'NONE',  ( -1.000000000000000000, 0.000000000000000000, -0.000000000000000000 ) ) ;
#7392 = EDGE_LOOP ( 'NONE', ( #4526, #1510, #5155, #4496, #1111, #4600 ) ) ;
#7393 = CARTESIAN_POINT ( 'NONE',  ( 49.39999999999999858, 5.189339828220176365, 5.189339828220175477 ) ) ;
#7394 = LINE ( 'NONE', #5715, #589 ) ;
#7395 = AXIS2_PLACEMENT_3D ( 'NONE', #6262, #1092, #6188 ) ;
#7396 = ORIENTED_EDGE ( 'NONE', *, *, #5915, .F. ) ;
#7397 = ORIENTED_EDGE ( 'NONE', *, *, #1996, .T. ) ;
#7398 = EDGE_CURVE ( 'NONE', #5524, #3819, #3494, .T. ) ;
#7399 = CARTESIAN_POINT ( 'NONE',  ( 36.57157287525377853, 2.828427124746180077, 118.5000000000000000 ) ) ;
#7400 = DIRECTION ( 'NONE',  ( -0.7071067811865500152, 0.7071067811865451302, -0.000000000000000000 ) ) ;
#7401 = VERTEX_POINT ( 'NONE', #6866 ) ;
ENDSEC;
END-ISO-10303-21;
