ISO-10303-21;
HEADER;
FILE_DESCRIPTION (( 'STEP AP214' ),
    '1' );
FILE_NAME ('fall2025badge_joystick.STEP',
    '2025-09-25T22:12:53',
    ( '' ),
    ( '' ),
    'SwSTEP 2.0',
    'SolidWorks 2024',
    '' );
FILE_SCHEMA (( 'AUTOMOTIVE_DESIGN' ));
ENDSEC;

DATA;
#1 = FACE_OUTER_BOUND ( 'NONE', #2632, .T. ) ;
#2 = DIRECTION ( 'NONE',  ( 0.02646051115848327417, 0.000000000000000000, 0.9996498593753873063 ) ) ;
#3 = CARTESIAN_POINT ( 'NONE',  ( 0.2500000000000000555, 3.005712183954391215, 2.713188406089532823 ) ) ;
#4 = CARTESIAN_POINT ( 'NONE',  ( 0.1229117232768493495, 4.882611422337022944, -10.85052885808650558 ) ) ;
#5 = ORIENTED_EDGE ( 'NONE', *, *, #869, .F. ) ;
#6 = CARTESIAN_POINT ( 'NONE',  ( -0.6521739130434782705, 3.899999999999999911, 0.6374376799666064963 ) ) ;
#7 = AXIS2_PLACEMENT_3D ( 'NONE', #923, #907, #1307 ) ;
#8 = CARTESIAN_POINT ( 'NONE',  ( -9.318593096069973214, 4.816254974526745336, -4.327854122396567860 ) ) ;
#9 = B_SPLINE_CURVE_WITH_KNOTS ( 'NONE', 3,
 ( #824, #1732, #1893, #1022, #1940, #2347, #590, #2331, #167, #1285, #1907, #812, #850, #381, #1718, #2790 ),
 .UNSPECIFIED., .F., .F.,
 ( 4, 2, 2, 2, 2, 2, 2, 4 ),
 ( 0.0005098447844805774690, 0.0008080665738543591848, 0.001106288363228140901, 0.001404510152601922508, 0.001702731941975704332, 0.002299175520723267547, 0.002597397310097047420, 0.002895619099470827292 ),
 .UNSPECIFIED. ) ;
#10 = FACE_OUTER_BOUND ( 'NONE', #2248, .T. ) ;
#11 = B_SPLINE_CURVE_WITH_KNOTS ( 'NONE', 3,
 ( #952, #1647, #337, #1817, #2296, #1833 ),
 .UNSPECIFIED., .F., .F.,
 ( 4, 2, 4 ),
 ( 0.000000000000000000, 0.002687190208182732229, 0.005374380416365464458 ),
 .UNSPECIFIED. ) ;
#12 = CARTESIAN_POINT ( 'NONE',  ( 9.548270704961975497, 4.836647600037917272, -4.259891376278454267 ) ) ;
#13 = EDGE_CURVE ( 'NONE', #2128, #1120, #2398, .T. ) ;
#14 = LINE ( 'NONE', #1768, #2694 ) ;
#15 = CARTESIAN_POINT ( 'NONE',  ( 0.2500000000000102141, 2.197635656235982449, 3.521787018213328402 ) ) ;
#16 = CARTESIAN_POINT ( 'NONE',  ( -6.168820087095116200, 3.022603524283493215, 2.004371148814406922 ) ) ;
#17 = VERTEX_POINT ( 'NONE', #1529 ) ;
#18 = CIRCLE ( 'NONE', #2720, 1.000000000000005995 ) ;
#19 = B_SPLINE_CURVE_WITH_KNOTS ( 'NONE', 3,
 ( #451, #3, #1318, #2188, #872, #242, #1981, #1107, #2205, #49, #35, #81 ),
 .UNSPECIFIED., .F., .F.,
 ( 4, 2, 2, 2, 2, 4 ),
 ( 0.000000000000000000, 0.0006253375237548097114, 0.001250675047509619423, 0.001876012571264429243, 0.002188681333141834478, 0.002501350095019240147 ),
 .UNSPECIFIED. ) ;
#20 = ADVANCED_FACE ( 'NONE', ( #2432 ), #1957, .T. ) ;
#21 = CARTESIAN_POINT ( 'NONE',  ( 0.5614657603417652076, 3.972607498589057595, 7.407208642039726953 ) ) ;
#22 = ORIENTED_EDGE ( 'NONE', *, *, #1372, .T. ) ;
#23 = CARTESIAN_POINT ( 'NONE',  ( -0.1670371182666763044, 5.500000000000000000, 6.736930549927086176 ) ) ;
#24 = B_SPLINE_CURVE_WITH_KNOTS ( 'NONE', 3,
 ( #874, #2444, #703, #904, #1790, #667, #2000 ),
 .UNSPECIFIED., .F., .F.,
 ( 4, 3, 4 ),
 ( 0.000000000000000000, 0.0002011065620178296499, 0.0002205645886585695594 ),
 .UNSPECIFIED. ) ;
#25 = ORIENTED_EDGE ( 'NONE', *, *, #1030, .F. ) ;
#26 = CARTESIAN_POINT ( 'NONE',  ( 1.005197216061720633, 2.398494270593732658, 4.036365123676042721 ) ) ;
#27 = DIRECTION ( 'NONE',  ( 0.000000000000000000, 0.000000000000000000, 1.000000000000000000 ) ) ;
#28 = EDGE_LOOP ( 'NONE', ( #1162, #1113, #1820, #2253 ) ) ;
#29 = CARTESIAN_POINT ( 'NONE',  ( 10.18012368525770306, 4.065029421196332926, -2.102850707016300724 ) ) ;
#30 = CARTESIAN_POINT ( 'NONE',  ( 6.855409320787875238, 3.922394763470731238, 2.227457514062674893 ) ) ;
#31 = FACE_OUTER_BOUND ( 'NONE', #315, .T. ) ;
#32 = CARTESIAN_POINT ( 'NONE',  ( 4.716043035064472200, 3.103295377188404647, -4.969093958872226935 ) ) ;
#33 = VERTEX_POINT ( 'NONE', #1342 ) ;
#34 = CARTESIAN_POINT ( 'NONE',  ( 9.593803850423853419, 3.946921730866574496, -2.584707826322853119 ) ) ;
#35 = CARTESIAN_POINT ( 'NONE',  ( 0.2500000000000000555, 1.422118033390796121, 1.384738242412623777 ) ) ;
#36 = ORIENTED_EDGE ( 'NONE', *, *, #1655, .T. ) ;
#37 = EDGE_CURVE ( 'NONE', #2206, #254, #644, .T. ) ;
#38 = CARTESIAN_POINT ( 'NONE',  ( 6.855409320787875238, 0.000000000000000000, 2.227457514062674893 ) ) ;
#39 = ORIENTED_EDGE ( 'NONE', *, *, #105, .F. ) ;
#40 = CARTESIAN_POINT ( 'NONE',  ( -0.5250000000000000222, 4.899999999999999467, -0.6500000000000000222 ) ) ;
#41 = CARTESIAN_POINT ( 'NONE',  ( -9.717798872468470961, 4.005885676602921386, -2.951245699458070249 ) ) ;
#42 = VERTEX_POINT ( 'NONE', #1296 ) ;
#43 = CARTESIAN_POINT ( 'NONE',  ( -5.355383419649403898, 4.105386300841151304, 9.079627823727657088 ) ) ;
#44 = CARTESIAN_POINT ( 'NONE',  ( 4.095004290334871122, 5.500000000000000000, -5.352109350112149500 ) ) ;
#45 = CIRCLE ( 'NONE', #92, 0.9000000000000000222 ) ;
#46 = LINE ( 'NONE', #647, #2341 ) ;
#47 = CARTESIAN_POINT ( 'NONE',  ( 6.995637495030756270, 4.816254974526745336, 7.525128213724185500 ) ) ;
#48 = ORIENTED_EDGE ( 'NONE', *, *, #1282, .F. ) ;
#49 = CARTESIAN_POINT ( 'NONE',  ( 0.2500000000000000555, 1.524522849174584582, 1.396548243661049682 ) ) ;
#50 = ORIENTED_EDGE ( 'NONE', *, *, #173, .T. ) ;
#51 = LINE ( 'NONE', #257, #600 ) ;
#52 = ADVANCED_FACE ( 'NONE', ( #10 ), #358, .T. ) ;
#53 = ORIENTED_EDGE ( 'NONE', *, *, #889, .F. ) ;
#54 = CARTESIAN_POINT ( 'NONE',  ( -0.2500000000000000000, 3.109723489824535392, 3.129475856833196179 ) ) ;
#55 = CARTESIAN_POINT ( 'NONE',  ( -10.35712780464772464, 4.882632289976912787, -3.237757798969117751 ) ) ;
#56 = EDGE_CURVE ( 'NONE', #1816, #2411, #798, .T. ) ;
#57 = CIRCLE ( 'NONE', #771, 0.9000000000000002442 ) ;
#58 = B_SPLINE_CURVE_WITH_KNOTS ( 'NONE', 3,
 ( #435, #2201, #1315, #1345, #269, #237 ),
 .UNSPECIFIED., .F., .F.,
 ( 4, 2, 4 ),
 ( 0.000000000000000000, 0.002902276939797760521, 0.005804553879595521042 ),
 .UNSPECIFIED. ) ;
#59 = VERTEX_POINT ( 'NONE', #813 ) ;
#60 = CARTESIAN_POINT ( 'NONE',  ( -6.913799268128168585, 4.137742420145078981, 8.111290683928162437 ) ) ;
#61 =( NAMED_UNIT ( * ) PLANE_ANGLE_UNIT ( ) SI_UNIT ( $, .RADIAN. ) );
#62 = CARTESIAN_POINT ( 'NONE',  ( 6.242297213895153796, 3.946921730866584266, 7.730168973655082709 ) ) ;
#63 = CARTESIAN_POINT ( 'NONE',  ( 6.972434251927380977, 4.629609045400269629, 6.648534463648289261 ) ) ;
#64 = VERTEX_POINT ( 'NONE', #1839 ) ;
#65 = VECTOR ( 'NONE', #2801, 1000.000000000000000 ) ;
#66 = CARTESIAN_POINT ( 'NONE',  ( 0.8356138042014851219, 2.139477384829616469, 3.110605088528825224 ) ) ;
#67 = DIRECTION ( 'NONE',  ( 0.000000000000000000, 1.000000000000000000, 0.000000000000000000 ) ) ;
#68 = EDGE_LOOP ( 'NONE', ( #1123, #1409, #71, #485 ) ) ;
#69 = CARTESIAN_POINT ( 'NONE',  ( -9.652688163228061669, 3.967631434606087470, -2.663253105941384646 ) ) ;
#70 = AXIS2_PLACEMENT_3D ( 'NONE', #224, #1739, #1101 ) ;
#71 = ORIENTED_EDGE ( 'NONE', *, *, #2264, .T. ) ;
#72 = CARTESIAN_POINT ( 'NONE',  ( 0.000000000000000000, 0.000000000000000000, -12.00000000000000000 ) ) ;
#73 = CARTESIAN_POINT ( 'NONE',  ( -10.39680491601346901, 4.170125270833372255, -2.820679789177074070 ) ) ;
#74 = ADVANCED_FACE ( 'NONE', ( #1652 ), #1881, .T. ) ;
#75 = CARTESIAN_POINT ( 'NONE',  ( -6.221372203506917664, 3.984169267213542032, 7.925013959366984828 ) ) ;
#76 = DIRECTION ( 'NONE',  ( -2.650271977186788704E-15, 0.000000000000000000, 1.000000000000000000 ) ) ;
#77 = VERTEX_POINT ( 'NONE', #2334 ) ;
#78 = CARTESIAN_POINT ( 'NONE',  ( -5.422851651424282160, 3.946921730866590483, 8.325531024175473860 ) ) ;
#79 = EDGE_LOOP ( 'NONE', ( #2639, #2011, #195, #1172 ) ) ;
#80 = DIRECTION ( 'NONE',  ( -0.9425467651446755024, 0.000000000000000000, -0.3340742365333005948 ) ) ;
#81 = CARTESIAN_POINT ( 'NONE',  ( 0.2500000000000000000, 1.317478221209520628, 1.384738242412623110 ) ) ;
#82 = ORIENTED_EDGE ( 'NONE', *, *, #768, .T. ) ;
#83 = CARTESIAN_POINT ( 'NONE',  ( -6.855409320787920535, 0.000000000000000000, 2.227457514062654909 ) ) ;
#84 = ORIENTED_EDGE ( 'NONE', *, *, #458, .F. ) ;
#85 = CARTESIAN_POINT ( 'NONE',  ( -6.242297213895217745, 3.946921730866590483, 7.730168973655062281 ) ) ;
#86 = CARTESIAN_POINT ( 'NONE',  ( -10.35276124876443049, 4.192046823551589974, -3.251117405984712772 ) ) ;
#87 = CARTESIAN_POINT ( 'NONE',  ( -6.155351694901505688, 4.001356074919225847, 8.056900580857908167 ) ) ;
#88 = PRESENTATION_STYLE_ASSIGNMENT (( #1129 ) ) ;
#89 = EDGE_CURVE ( 'NONE', #2443, #699, #1865, .T. ) ;
#90 = DIRECTION ( 'NONE',  ( 0.000000000000000000, 0.000000000000000000, -1.000000000000000000 ) ) ;
#91 = VERTEX_POINT ( 'NONE', #1177 ) ;
#92 = AXIS2_PLACEMENT_3D ( 'NONE', #1286, #2356, #2593 ) ;
#93 = CARTESIAN_POINT ( 'NONE',  ( -1.235471271963634265, 2.186811464869682808, 3.132207374257895971 ) ) ;
#94 = CARTESIAN_POINT ( 'NONE',  ( -6.183226633706350839, 3.103295377188226567, 2.949688979688387391 ) ) ;
#95 = ADVANCED_FACE ( 'NONE', ( #999 ), #488, .T. ) ;
#96 = ORIENTED_EDGE ( 'NONE', *, *, #2101, .T. ) ;
#97 = CARTESIAN_POINT ( 'NONE',  ( -3.017990713324496344E-14, 3.922394763470739676, 7.208203932499416489 ) ) ;
#98 = VERTEX_POINT ( 'NONE', #1445 ) ;
#99 = CARTESIAN_POINT ( 'NONE',  ( -6.215826270400826914, 3.560087264838677434, 5.833726772296546237 ) ) ;
#100 = CIRCLE ( 'NONE', #2410, 1.499999999999999556 ) ;
#101 = CYLINDRICAL_SURFACE ( 'NONE', #1125, 0.6500000000000000222 ) ;
#102 = CARTESIAN_POINT ( 'NONE',  ( 0.2499999999999997780, 1.200715786640248695, 3.138439423866392186 ) ) ;
#103 = CARTESIAN_POINT ( 'NONE',  ( -6.690193815129417132, 4.178295538999180714, 8.480792830934058557 ) ) ;
#104 = VERTEX_POINT ( 'NONE', #370 ) ;
#105 = EDGE_CURVE ( 'NONE', #2679, #1848, #1418, .T. ) ;
#106 = ORIENTED_EDGE ( 'NONE', *, *, #2133, .T. ) ;
#107 = CARTESIAN_POINT ( 'NONE',  ( -0.4154679552762773342, 2.421724045784730883, 4.243529084522815076 ) ) ;
#108 = ORIENTED_EDGE ( 'NONE', *, *, #1056, .F. ) ;
#109 = AXIS2_PLACEMENT_3D ( 'NONE', #2123, #165, #366 ) ;
#110 = CARTESIAN_POINT ( 'NONE',  ( -0.2500000000000000000, 3.056144708529846987, 2.915517796436957187 ) ) ;
#111 = EDGE_CURVE ( 'NONE', #649, #1326, #362, .T. ) ;
#112 = CARTESIAN_POINT ( 'NONE',  ( 6.062869729776213745, 4.011787139860785167, 8.175262813530055794 ) ) ;
#113 = CONICAL_SURFACE ( 'NONE', #1510, 2.700000000000000178, 1.308996938995750092 ) ;
#114 = DIRECTION ( 'NONE',  ( 0.000000000000000000, 0.000000000000000000, 1.000000000000000000 ) ) ;
#115 = CIRCLE ( 'NONE', #2148, 0.8999999999999999112 ) ;
#116 = CARTESIAN_POINT ( 'NONE',  ( 0.2500000000000459632, 1.719351994946704210, 2.877716838330006688 ) ) ;
#117 = CARTESIAN_POINT ( 'NONE',  ( 9.374609664247849139, 3.967631434606075924, -3.519090724295073080 ) ) ;
#118 = CARTESIAN_POINT ( 'NONE',  ( 0.000000000000000000, 5.500000000000000000, 0.000000000000000000 ) ) ;
#119 = ORIENTED_EDGE ( 'NONE', *, *, #2462, .T. ) ;
#120 = CARTESIAN_POINT ( 'NONE',  ( -11.41267819554188279, 0.000000000000000000, -3.708203932499366307 ) ) ;
#121 = CARTESIAN_POINT ( 'NONE',  ( -6.974945826946949090, 3.874222866748117777, 6.743419086210828084 ) ) ;
#122 = ORIENTED_EDGE ( 'NONE', *, *, #111, .F. ) ;
#123 = DIRECTION ( 'NONE',  ( 0.000000000000000000, 0.000000000000000000, 1.000000000000000000 ) ) ;
#124 = EDGE_CURVE ( 'NONE', #801, #1970, #2673, .T. ) ;
#125 = CARTESIAN_POINT ( 'NONE',  ( 6.545387561609892657, 4.189277979485503955, 8.642432716879810073 ) ) ;
#126 = CARTESIAN_POINT ( 'NONE',  ( -4.119968255444916849E-15, 5.500000000000000000, -9.350630497331502866 ) ) ;
#127 = CARTESIAN_POINT ( 'NONE',  ( 1.416227603697001847, 2.017012907714215153, 2.675473565102302498 ) ) ;
#128 = CARTESIAN_POINT ( 'NONE',  ( -3.779022909878155811, 3.019586913459447075, -5.257842767983767374 ) ) ;
#129 = LINE ( 'NONE', #144, #1540 ) ;
#130 = EDGE_LOOP ( 'NONE', ( #2192, #1319, #2189, #1334 ) ) ;
#131 = APPLICATION_PROTOCOL_DEFINITION ( 'draft international standard', 'automotive_design', 1998, #2682 ) ;
#132 = CARTESIAN_POINT ( 'NONE',  ( 0.4275955383310501845, 4.178295538999186043, -10.79350278551017617 ) ) ;
#133 = ORIENTED_EDGE ( 'NONE', *, *, #177, .T. ) ;
#134 = VECTOR ( 'NONE', #1550, 1000.000000000000000 ) ;
#135 = CARTESIAN_POINT ( 'NONE',  ( -3.340308551297288542, 4.453674048553382114, 8.392135669710347301 ) ) ;
#136 = CIRCLE ( 'NONE', #2311, 1.499999999999999556 ) ;
#137 = VECTOR ( 'NONE', #299, 1000.000000000000114 ) ;
#138 = LINE ( 'NONE', #1635, #2525 ) ;
#139 = EDGE_CURVE ( 'NONE', #2543, #77, #2815, .T. ) ;
#140 = CARTESIAN_POINT ( 'NONE',  ( -4.236875967039763324, 0.000000000000000000, -5.831559480312312971 ) ) ;
#141 = EDGE_CURVE ( 'NONE', #1954, #445, #1827, .T. ) ;
#142 = CARTESIAN_POINT ( 'NONE',  ( 0.2500000000000001110, 2.716547594480203554, 2.166457052968160824 ) ) ;
#143 = FACE_OUTER_BOUND ( 'NONE', #1357, .T. ) ;
#144 = CARTESIAN_POINT ( 'NONE',  ( -6.995637495030818442, 5.000000000000002665, 7.525128213724162407 ) ) ;
#145 = EDGE_LOOP ( 'NONE', ( #1050, #501, #2605, #2459, #277 ) ) ;
#146 = ORIENTED_EDGE ( 'NONE', *, *, #2619, .F. ) ;
#147 = DIRECTION ( 'NONE',  ( 0.5661724415900365459, 0.000000000000000000, -0.8242868228862916258 ) ) ;
#148 = PLANE ( 'NONE',  #2642 ) ;
#149 = DIRECTION ( 'NONE',  ( 0.000000000000000000, 0.000000000000000000, 1.000000000000000000 ) ) ;
#150 = VECTOR ( 'NONE', #641, 1000.000000000000000 ) ;
#151 = B_SPLINE_CURVE_WITH_KNOTS ( 'NONE', 3,
 ( #522, #1390, #2259, #2777 ),
 .UNSPECIFIED., .F., .F.,
 ( 4, 4 ),
 ( 5.790086258895599897E-18, 0.001137064097644401809 ),
 .UNSPECIFIED. ) ;
#152 = LINE ( 'NONE', #1919, #1964 ) ;
#153 = CARTESIAN_POINT ( 'NONE',  ( -0.5250000000000000222, 4.899999999999999467, 0.6500000000000000222 ) ) ;
#154 = CARTESIAN_POINT ( 'NONE',  ( -1.145901355879797245, 4.065029421196331150, -10.33168957265638532 ) ) ;
#155 = VECTOR ( 'NONE', #2335, 1000.000000000000114 ) ;
#156 = CARTESIAN_POINT ( 'NONE',  ( 1.697536456313482045, 1.521436665417000400, 2.127848913277747389 ) ) ;
#157 = PLANE ( 'NONE',  #1727 ) ;
#158 = ORIENTED_EDGE ( 'NONE', *, *, #2772, .T. ) ;
#159 = ADVANCED_FACE ( 'NONE', ( #2216 ), #1617, .T. ) ;
#160 = VERTEX_POINT ( 'NONE', #680 ) ;
#161 = CARTESIAN_POINT ( 'NONE',  ( 0.1000210568960173407, 4.011778406719131773, -10.17755712035526372 ) ) ;
#162 = CARTESIAN_POINT ( 'NONE',  ( -0.6488009980574349633, 3.267538914980844922, 7.438163554775044872 ) ) ;
#163 = B_SPLINE_CURVE_WITH_KNOTS ( 'NONE', 3,
 ( #2480, #309, #324, #2059, #780, #547 ),
 .UNSPECIFIED., .F., .F.,
 ( 4, 2, 4 ),
 ( 2.168404344971008868E-19, 0.002687190208182732229, 0.005374380416365464458 ),
 .UNSPECIFIED. ) ;
#164 = CARTESIAN_POINT ( 'NONE',  ( 10.38048635634531713, 4.881133464537360744, -3.117670893777156227 ) ) ;
#165 = DIRECTION ( 'NONE',  ( 0.000000000000000000, -1.000000000000000000, 0.000000000000000000 ) ) ;
#166 = DIRECTION ( 'NONE',  ( 0.000000000000000000, 0.000000000000000000, -1.000000000000000000 ) ) ;
#167 = CARTESIAN_POINT ( 'NONE',  ( 6.501379022115358453, 4.882134390736875496, 8.682602345414249356 ) ) ;
#168 = CARTESIAN_POINT ( 'NONE',  ( 1.605537337185191760, 1.746947204025329548, 2.298779267345633759 ) ) ;
#169 = LINE ( 'NONE', #826, #1245 ) ;
#170 = CARTESIAN_POINT ( 'NONE',  ( -0.2500000000000000000, 2.359310539667927031, 1.792061370378331242 ) ) ;
#171 = ORIENTED_EDGE ( 'NONE', *, *, #1539, .T. ) ;
#172 = CARTESIAN_POINT ( 'NONE',  ( -0.2500000000000000555, 2.961844934535985185, 3.160240310256498208 ) ) ;
#173 = EDGE_CURVE ( 'NONE', #699, #2320, #1175, .T. ) ;
#174 = CARTESIAN_POINT ( 'NONE',  ( -3.017990713324496344E-14, 3.922394763470739676, 7.208203932499416489 ) ) ;
#175 = CARTESIAN_POINT ( 'NONE',  ( 9.176721419365073018, 5.500000000000000000, -3.848403992196393286 ) ) ;
#176 =( BOUNDED_SURFACE ( )  B_SPLINE_SURFACE ( 3, 2, ( 
 ( #724, #2449, #1840 ),
 ( #491, #1178, #1609 ),
 ( #75, #60, #523 ),
 ( #87, #281, #1798 ),
 ( #973, #103, #1593 ),
 ( #1626, #928, #943 ),
 ( #1144, #1810, #756 ),
 ( #2007, #2706, #312 ),
 ( #507, #2214, #2022 ),
 ( #693, #1377, #1561 ),
 ( #538, #2246, #1160 ),
 ( #249, #1825, #1114 ),
 ( #1989, #43, #2657 ),
 ( #2434, #474, #1343 ) ),
 .UNSPECIFIED., .F., .F., .T. ) 
 B_SPLINE_SURFACE_WITH_KNOTS ( ( 4, 2, 2, 2, 2, 2, 4 ),
 ( 3, 3 ),
 ( 2.710505431213761085E-20, 0.0002916144502916319338, 0.0004374216754374479006, 0.0005832289005832638675, 0.0007290361257290798886, 0.0008748433508748958013, 0.001166457801166527735 ),
 ( 0.000000000000000000, 1.000000000000000000 ),
 .UNSPECIFIED. ) 
 GEOMETRIC_REPRESENTATION_ITEM ( )  RATIONAL_B_SPLINE_SURFACE ( (
 ( 1.000000000000000000, 0.7606641873261105191, 1.000000000000000000),
 ( 1.000000000000000000, 0.7710063201837294988, 1.000000000000000000),
 ( 1.000000000000000000, 0.7793065196092481273, 1.000000000000000000),
 ( 1.000000000000000000, 0.7876401718753703873, 1.000000000000000000),
 ( 1.000000000000000000, 0.7897820606216071626, 1.000000000000000000),
 ( 1.000000000000000000, 0.7926350131787810449, 1.000000000000000000),
 ( 1.000000000000000000, 0.7933482184071635190, 1.000000000000000000),
 ( 1.000000000000000000, 0.7933584081430128387, 1.000000000000000000),
 ( 1.000000000000000000, 0.7926391432104559209, 1.000000000000000000),
 ( 1.000000000000000000, 0.7898138623160267935, 1.000000000000000000),
 ( 1.000000000000000000, 0.7876652215139886559, 1.000000000000000000),
 ( 1.000000000000000000, 0.7793279875930104739, 1.000000000000000000),
 ( 1.000000000000000000, 0.7710636768690578569, 1.000000000000000000),
 ( 1.000000000000000000, 0.7606641873261107412, 1.000000000000000000) ) ) 
 REPRESENTATION_ITEM ( '' )  SURFACE ( )  );
#177 = EDGE_CURVE ( 'NONE', #1813, #1105, #252, .T. ) ;
#178 = CARTESIAN_POINT ( 'NONE',  ( -3.925069023326873907, 5.500000000000000000, -5.402394040308517553 ) ) ;
#179 = VECTOR ( 'NONE', #1528, 1000.000000000000000 ) ;
#180 = CARTESIAN_POINT ( 'NONE',  ( -3.300392392056961111, 3.392745889145772242, -7.194979904908924695 ) ) ;
#181 = CARTESIAN_POINT ( 'NONE',  ( -0.2499999999999999445, 1.422238062535253089, 1.384738242412623332 ) ) ;
#182 = CARTESIAN_POINT ( 'NONE',  ( -1.572424718334048066, 1.797475495941726287, 2.361923194105360668 ) ) ;
#183 = EDGE_LOOP ( 'NONE', ( #2005, #2614, #714, #233 ) ) ;
#184 =( LENGTH_UNIT ( ) NAMED_UNIT ( * ) SI_UNIT ( .MILLI., .METRE. ) );
#185 = CARTESIAN_POINT ( 'NONE',  ( 1.101730270213356677, 4.836510646338243014, -10.39599797269996451 ) ) ;
#186 = ADVANCED_FACE ( 'NONE', ( #1164 ), #1117, .T. ) ;
#187 = CARTESIAN_POINT ( 'NONE',  ( 10.23085896049699883, 4.881142307618424603, -3.578461594646720201 ) ) ;
#188 = LINE ( 'NONE', #412, #2191 ) ;
#189 = EDGE_CURVE ( 'NONE', #1750, #2002, #2453, .T. ) ;
#190 = PLANE ( 'NONE',  #1281 ) ;
#191 = CARTESIAN_POINT ( 'NONE',  ( -3.929236422732121703, 3.075800814175836617, -5.408129973504353316 ) ) ;
#192 = AXIS2_PLACEMENT_3D ( 'NONE', #2132, #584, #2326 ) ;
#193 = CARTESIAN_POINT ( 'NONE',  ( -0.2500000000000000000, 3.056144708529846987, 2.915517796436957187 ) ) ;
#194 = FACE_OUTER_BOUND ( 'NONE', #483, .T. ) ;
#195 = ORIENTED_EDGE ( 'NONE', *, *, #2582, .T. ) ;
#196 = CARTESIAN_POINT ( 'NONE',  ( 0.7500000000000000000, 3.899999999999999911, 1.127774356863995964 ) ) ;
#197 = CARTESIAN_POINT ( 'NONE',  ( -1.236430234329441546, 4.816254974526739119, -10.19988915971655707 ) ) ;
#198 = LINE ( 'NONE', #611, #2810 ) ;
#199 = CARTESIAN_POINT ( 'NONE',  ( -6.856906928253676092, 4.864111815590194787, 8.203836442391272854 ) ) ;
#200 = CARTESIAN_POINT ( 'NONE',  ( 1.375014648029812970E-13, 4.013288415475922299, -10.18356763792376896 ) ) ;
#201 = PRODUCT_DEFINITION ( 'UNKNOWN', '', #1891, #2587 ) ;
#202 = CARTESIAN_POINT ( 'NONE',  ( -6.747300611368253875, 3.106146008434062189, 1.232947955078615321 ) ) ;
#203 = ORIENTED_EDGE ( 'NONE', *, *, #2533, .T. ) ;
#204 = CARTESIAN_POINT ( 'NONE',  ( -4.191790474764242269, 3.512075990375468137, -5.769504623868745519 ) ) ;
#205 = CARTESIAN_POINT ( 'NONE',  ( 0.4052721812012098357, 2.421663404166913391, 4.243542229121090692 ) ) ;
#206 = ORIENTED_EDGE ( 'NONE', *, *, #1505, .F. ) ;
#207 = CARTESIAN_POINT ( 'NONE',  ( 10.36107814468276445, 4.137742420145107403, -2.498342762496732483 ) ) ;
#208 = DIRECTION ( 'NONE',  ( 1.000000000000000000, 0.000000000000000000, -0.000000000000000000 ) ) ;
#209 = CARTESIAN_POINT ( 'NONE',  ( -3.225926071547655205, 4.429354497324061946, 8.351594191018538282 ) ) ;
#210 = CARTESIAN_POINT ( 'NONE',  ( -5.694960746750660441, 4.864675845441245094, 9.054942779197657998 ) ) ;
#211 = CARTESIAN_POINT ( 'NONE',  ( 6.736119107850427667, 3.103295377188115101, 1.248060914185755710 ) ) ;
#212 = LINE ( 'NONE', #2442, #2595 ) ;
#213 = CARTESIAN_POINT ( 'NONE',  ( 0.5064452095373099816, 3.946921730866573608, -9.922968311830832278 ) ) ;
#214 = ORIENTED_EDGE ( 'NONE', *, *, #2633, .F. ) ;
#215 = CARTESIAN_POINT ( 'NONE',  ( 1.149999999999999689, 3.056144708529846987, 2.915517796436957187 ) ) ;
#216 = EDGE_CURVE ( 'NONE', #2382, #763, #2590, .T. ) ;
#217 = AXIS2_PLACEMENT_3D ( 'NONE', #218, #404, #27 ) ;
#218 = CARTESIAN_POINT ( 'NONE',  ( -8.892978065955357891, 0.000000000000000000, -2.889503731796094321 ) ) ;
#219 = MECHANICAL_DESIGN_GEOMETRIC_PRESENTATION_REPRESENTATION (  '', ( #1044 ), #2404 ) ;
#220 = EDGE_CURVE ( 'NONE', #98, #2683, #526, .T. ) ;
#221 = ORIENTED_EDGE ( 'NONE', *, *, #688, .T. ) ;
#222 = CARTESIAN_POINT ( 'NONE',  ( 10.24207794333870325, 4.189277979485471981, -3.554374909888454059 ) ) ;
#223 = DIRECTION ( 'NONE',  ( 0.000000000000000000, 0.000000000000000000, -1.000000000000000000 ) ) ;
#224 = CARTESIAN_POINT ( 'NONE',  ( -0.5250000000000000222, 4.899999999999999467, -3.214697847761803062E-17 ) ) ;
#225 = ORIENTED_EDGE ( 'NONE', *, *, #997, .T. ) ;
#226 = DIRECTION ( 'NONE',  ( -0.000000000000000000, 1.000000000000000000, -0.000000000000000000 ) ) ;
#227 = ORIENTED_EDGE ( 'NONE', *, *, #1505, .T. ) ;
#228 = CARTESIAN_POINT ( 'NONE',  ( 3.257342541685076753, 3.106189849310001527, -6.036476152921085969 ) ) ;
#229 = ORIENTED_EDGE ( 'NONE', *, *, #782, .T. ) ;
#230 = CARTESIAN_POINT ( 'NONE',  ( 1.679167419940574391, 3.874222866750778760, -9.555310933552823016 ) ) ;
#231 = CARTESIAN_POINT ( 'NONE',  ( 9.723542983050922572, 4.007169344211582995, -2.949746822452075090 ) ) ;
#232 = AXIS2_PLACEMENT_3D ( 'NONE', #1246, #1443, #2111 ) ;
#233 = ORIENTED_EDGE ( 'NONE', *, *, #2802, .F. ) ;
#234 = DIRECTION ( 'NONE',  ( -0.000000000000000000, 1.000000000000000000, -0.000000000000000000 ) ) ;
#235 = CARTESIAN_POINT ( 'NONE',  ( 5.904578361974537337, 4.013267847640742403, 8.297553452476183367 ) ) ;
#236 = EDGE_CURVE ( 'NONE', #1807, #2754, #811, .T. ) ;
#237 = CARTESIAN_POINT ( 'NONE',  ( 6.242297213895153796, 3.946921730866583378, 7.730168973655082709 ) ) ;
#238 = CARTESIAN_POINT ( 'NONE',  ( -1.667309463717733475, 1.609305608839296742, 2.183722973782225907 ) ) ;
#239 = VERTEX_POINT ( 'NONE', #2026 ) ;
#240 = CARTESIAN_POINT ( 'NONE',  ( -0.2500000000000000000, 7.786483990622643070, 3.110605088528824336 ) ) ;
#241 = CIRCLE ( 'NONE', #1842, 0.9000000000000000222 ) ;
#242 = CARTESIAN_POINT ( 'NONE',  ( 0.2499999999999999445, 2.282230275674736131, 1.720546100513964394 ) ) ;
#243 = ORIENTED_EDGE ( 'NONE', *, *, #2282, .T. ) ;
#244 = CARTESIAN_POINT ( 'NONE',  ( -0.2500000000000000000, 7.786483990622643070, 1.384738242412623110 ) ) ;
#245 = VERTEX_POINT ( 'NONE', #78 ) ;
#246 = DIRECTION ( 'NONE',  ( 0.000000000000000000, -1.000000000000000000, 0.000000000000000000 ) ) ;
#247 = CARTESIAN_POINT ( 'NONE',  ( -10.02286719287966577, 4.870689318967037273, -3.883434887433053984 ) ) ;
#248 = ORIENTED_EDGE ( 'NONE', *, *, #2245, .F. ) ;
#249 = CARTESIAN_POINT ( 'NONE',  ( -5.614877860069868554, 3.984212993590138918, 8.365870341796721732 ) ) ;
#250 = DIRECTION ( 'NONE',  ( 0.5828588021056154700, 0.7071067811865444641, -0.4003443727692590492 ) ) ;
#251 = CARTESIAN_POINT ( 'NONE',  ( -5.496162705967736706, 5.000000000000002665, 7.564818980461891051 ) ) ;
#252 = LINE ( 'NONE', #509, #1636 ) ;
#253 = ADVANCED_FACE ( 'NONE', ( #1852 ), #2734, .T. ) ;
#254 = VERTEX_POINT ( 'NONE', #351 ) ;
#255 = CARTESIAN_POINT ( 'NONE',  ( 0.6488009980577956748, 3.267538914980809395, 7.438163554773645103 ) ) ;
#256 = ORIENTED_EDGE ( 'NONE', *, *, #1486, .T. ) ;
#257 = CARTESIAN_POINT ( 'NONE',  ( 0.8242868228862950675, 5.500000000000000000, -9.916802938921540189 ) ) ;
#258 = EDGE_CURVE ( 'NONE', #652, #2679, #163, .T. ) ;
#259 = EDGE_LOOP ( 'NONE', ( #1224, #225, #1553, #1759 ) ) ;
#260 = CARTESIAN_POINT ( 'NONE',  ( 2.299114884132735792, 4.429354497324045958, -8.652733400498805238 ) ) ;
#261 =( BOUNDED_SURFACE ( )  B_SPLINE_SURFACE ( 3, 2, ( 
 ( #1927, #1210, #1266 ),
 ( #1660, #2107, #185 ),
 ( #1052, #2119, #345 ),
 ( #1466, #582, #2077 ),
 ( #1451, #132, #830 ),
 ( #161, #2771, #1479 ),
 ( #1041, #1029, #2340 ),
 ( #1003, #1874, #1702 ),
 ( #2573, #2756, #360 ),
 ( #790, #646, #1516 ),
 ( #882, #856, #2181 ),
 ( #461, #677, #1100 ),
 ( #1065, #1298, #1936 ),
 ( #1724, #1959, #197 ) ),
 .UNSPECIFIED., .F., .F., .F. ) 
 B_SPLINE_SURFACE_WITH_KNOTS ( ( 4, 2, 2, 2, 2, 2, 4 ),
 ( 3, 3 ),
 ( -2.710505431213761085E-20, 0.0002916144502916316627, 0.0004374216754374475212, 0.0005832289005832633254, 0.0007290361257290792381, 0.0008748433508748950423, 0.001166457801166526651 ),
 ( 0.000000000000000000, 1.000000000000000000 ),
 .UNSPECIFIED. ) 
 GEOMETRIC_REPRESENTATION_ITEM ( )  RATIONAL_B_SPLINE_SURFACE ( (
 ( 1.000000000000000000, 0.7606641873261092979, 1.000000000000000000),
 ( 1.000000000000000000, 0.7710063201837108471, 1.000000000000000000),
 ( 1.000000000000000000, 0.7793065196092692215, 1.000000000000000000),
 ( 1.000000000000000000, 0.7876401718753590631, 1.000000000000000000),
 ( 1.000000000000000000, 0.7897820606216086059, 1.000000000000000000),
 ( 1.000000000000000000, 0.7926350131787771591, 1.000000000000000000),
 ( 1.000000000000000000, 0.7933482184071541932, 1.000000000000000000),
 ( 1.000000000000000000, 0.7933584081430199442, 1.000000000000000000),
 ( 1.000000000000000000, 0.7926391432104500367, 1.000000000000000000),
 ( 1.000000000000000000, 0.7898138623160317895, 1.000000000000000000),
 ( 1.000000000000000000, 0.7876652215139853253, 1.000000000000000000),
 ( 1.000000000000000000, 0.7793279875930151368, 1.000000000000000000),
 ( 1.000000000000000000, 0.7710636768690528609, 1.000000000000000000),
 ( 1.000000000000000000, 0.7606641873261097420, 1.000000000000000000) ) ) 
 REPRESENTATION_ITEM ( '' )  SURFACE ( )  );
#262 = FACE_OUTER_BOUND ( 'NONE', #2655, .T. ) ;
#263 = VECTOR ( 'NONE', #1682, 1000.000000000000000 ) ;
#264 = VERTEX_POINT ( 'NONE', #1622 ) ;
#265 = CARTESIAN_POINT ( 'NONE',  ( 0.2500000000000000000, 1.524559869168044202, 1.396552497775471746 ) ) ;
#266 = FACE_OUTER_BOUND ( 'NONE', #68, .T. ) ;
#267 = CARTESIAN_POINT ( 'NONE',  ( 6.531834302977935991, 3.190789842845481505, 2.122321617567314966 ) ) ;
#268 = AXIS2_PLACEMENT_3D ( 'NONE', #1879, #1495, #1930 ) ;
#269 = CARTESIAN_POINT ( 'NONE',  ( 6.228116258200496524, 3.747225787388780205, 6.783689261739659138 ) ) ;
#270 = CARTESIAN_POINT ( 'NONE',  ( 9.318593096069943016, 4.816254974526736454, -4.327854122396544767 ) ) ;
#271 = ORIENTED_EDGE ( 'NONE', *, *, #653, .F. ) ;
#272 = CARTESIAN_POINT ( 'NONE',  ( 0.4184356630264693400, 2.118010553825251829, 3.110605088528825224 ) ) ;
#273 = CARTESIAN_POINT ( 'NONE',  ( -9.754351669453585671, 4.852299440335216651, -4.123442574066342736 ) ) ;
#274 = EDGE_LOOP ( 'NONE', ( #951, #573, #2506, #1361, #1153, #1872, #2783, #1560 ) ) ;
#275 = EDGE_CURVE ( 'NONE', #2027, #1643, #2494, .T. ) ;
#276 = DIRECTION ( 'NONE',  ( 0.000000000000000000, 1.000000000000000000, 0.000000000000000000 ) ) ;
#277 = ORIENTED_EDGE ( 'NONE', *, *, #311, .F. ) ;
#278 = DIRECTION ( 'NONE',  ( 0.000000000000000000, -1.000000000000000000, 0.000000000000000000 ) ) ;
#279 = CARTESIAN_POINT ( 'NONE',  ( -10.28565328305459303, 4.192007708696090518, -3.457126931415729576 ) ) ;
#280 = AXIS2_PLACEMENT_3D ( 'NONE', #797, #340, #1404 ) ;
#281 = CARTESIAN_POINT ( 'NONE',  ( -6.753845353109579008, 4.170028781614408153, 8.392131555446114888 ) ) ;
#282 = CARTESIAN_POINT ( 'NONE',  ( -3.017990713324496344E-14, 3.922394763470739676, 7.208203932499416489 ) ) ;
#283 = ORIENTED_EDGE ( 'NONE', *, *, #236, .F. ) ;
#284 = CARTESIAN_POINT ( 'NONE',  ( 4.896933875031296957, 3.267538914983082243, -5.636245064420859485 ) ) ;
#285 = ORIENTED_EDGE ( 'NONE', *, *, #427, .T. ) ;
#286 = PLANE ( 'NONE',  #2345 ) ;
#287 = CARTESIAN_POINT ( 'NONE',  ( -6.871171584864384840, 3.972607498588944797, 2.822939021320764574 ) ) ;
#288 = ORIENTED_EDGE ( 'NONE', *, *, #2282, .F. ) ;
#289 = CARTESIAN_POINT ( 'NONE',  ( 0.7500000000000000000, 0.000000000000000000, 1.127774356863995964 ) ) ;
#290 = AXIS2_PLACEMENT_3D ( 'NONE', #196, #446, #1935 ) ;
#291 = B_SPLINE_CURVE_WITH_KNOTS ( 'NONE', 3,
 ( #2162, #2607, #2820, #1484, #1309, #1719 ),
 .UNSPECIFIED., .F., .F.,
 ( 4, 2, 4 ),
 ( 0.000000000000000000, 0.002902276939797760087, 0.005804553879595520174 ),
 .UNSPECIFIED. ) ;
#292 = B_SPLINE_CURVE_WITH_KNOTS ( 'NONE', 3,
 ( #2276, #2484, #267, #1378, #2008, #2064 ),
 .UNSPECIFIED., .F., .F.,
 ( 4, 2, 4 ),
 ( -7.582031947808976975E-06, 0.0006095933556397105683, 0.001226768743227230236 ),
 .UNSPECIFIED. ) ;
#293 = ORIENTED_EDGE ( 'NONE', *, *, #1233, .T. ) ;
#294 = CARTESIAN_POINT ( 'NONE',  ( 6.221322822944959086, 3.984212993590143359, 7.925262285373359639 ) ) ;
#295 = ADVANCED_FACE ( 'NONE', ( #2406 ), #1534, .F. ) ;
#296 = CARTESIAN_POINT ( 'NONE',  ( -7.053423027509726495, 0.000000000000000000, 9.708203932499408495 ) ) ;
#297 = EDGE_CURVE ( 'NONE', #1750, #1426, #1021, .T. ) ;
#298 = CARTESIAN_POINT ( 'NONE',  ( 9.318593096069944792, 4.816254974526736454, -4.327854122396543879 ) ) ;
#299 = DIRECTION ( 'NONE',  ( 0.7068591943765126784, -0.7071067811865499042, -0.01871040687382551776 ) ) ;
#300 = ORIENTED_EDGE ( 'NONE', *, *, #688, .F. ) ;
#301 = CARTESIAN_POINT ( 'NONE',  ( 6.902486887310874231, 4.145322675387113520, 4.005997712042336900 ) ) ;
#302 = ORIENTED_EDGE ( 'NONE', *, *, #13, .T. ) ;
#303 = CARTESIAN_POINT ( 'NONE',  ( -5.422851651424282160, 3.946921730866590483, 8.325531024175473860 ) ) ;
#304 = CARTESIAN_POINT ( 'NONE',  ( -0.2500000000000000000, 3.899999999999999911, 1.127774356863995964 ) ) ;
#305 = ORIENTED_EDGE ( 'NONE', *, *, #1214, .T. ) ;
#306 = CARTESIAN_POINT ( 'NONE',  ( 0.6521739130434782705, 3.899999999999999911, 0.6374376799666064963 ) ) ;
#307 = ORIENTED_EDGE ( 'NONE', *, *, #2633, .T. ) ;
#308 = CARTESIAN_POINT ( 'NONE',  ( 5.614626428570522521, 3.984169267213530041, 8.365840568545788614 ) ) ;
#309 = CARTESIAN_POINT ( 'NONE',  ( -1.732907294880565718, 4.629609045400261635, -9.477071394640772084 ) ) ;
#310 = DIRECTION ( 'NONE',  ( -0.02646051115848641749, 0.000000000000000000, 0.9996498593753873063 ) ) ;
#311 = EDGE_CURVE ( 'NONE', #1643, #160, #100, .T. ) ;
#312 = CARTESIAN_POINT ( 'NONE',  ( -6.279819157444584299, 4.882632289976919004, 8.849691705160401156 ) ) ;
#313 = LINE ( 'NONE', #2450, #2460 ) ;
#314 = ADVANCED_FACE ( 'NONE', ( #1757 ), #2812, .T. ) ;
#315 = EDGE_LOOP ( 'NONE', ( #2255, #1832, #2359, #48 ) ) ;
#316 = CONICAL_SURFACE ( 'NONE', #1911, 1.000000000000006883, 0.7853981633974445042 ) ;
#317 = CARTESIAN_POINT ( 'NONE',  ( 1.228685801955049728, 2.465991771962287693, 4.234314320314413571 ) ) ;
#318 = DIRECTION ( 'NONE',  ( 0.000000000000000000, 0.000000000000000000, -1.000000000000000000 ) ) ;
#319 = DIRECTION ( 'NONE',  ( 0.5956433963585976432, -0.2081837199595081567, 0.7758018323761654012 ) ) ;
#320 = EDGE_LOOP ( 'NONE', ( #2685, #902, #953, #2701 ) ) ;
#321 = AXIS2_PLACEMENT_3D ( 'NONE', #1277, #2154, #2141 ) ;
#322 = CARTESIAN_POINT ( 'NONE',  ( -0.2500000000000000000, 3.108141489845259287, 3.123185735657723505 ) ) ;
#323 = CARTESIAN_POINT ( 'NONE',  ( 5.894338409922084132, 4.170028781614403712, 9.016599902787826082 ) ) ;
#324 = CARTESIAN_POINT ( 'NONE',  ( -2.230407197437911826, 4.453674048553367015, -8.752764480454773732 ) ) ;
#325 = AXIS2_PLACEMENT_3D ( 'NONE', #1034, #1906, #1741 ) ;
#326 = CARTESIAN_POINT ( 'NONE',  ( 6.168820087095071791, 3.022603524283483889, 2.004371148814426906 ) ) ;
#327 = CARTESIAN_POINT ( 'NONE',  ( -1.219519950138317377, 2.372142180322778682, 3.872647371436066521 ) ) ;
#328 = CARTESIAN_POINT ( 'NONE',  ( 0.2499999999999998890, 2.104409510726685362, 1.609866494154641670 ) ) ;
#329 = CYLINDRICAL_SURFACE ( 'NONE', #1559, 1.499999999999999556 ) ;
#330 = DIRECTION ( 'NONE',  ( 0.02588075446913419564, -0.2081837199595086008, -0.9777472706645258249 ) ) ;
#331 = ORIENTED_EDGE ( 'NONE', *, *, #189, .F. ) ;
#332 = FACE_OUTER_BOUND ( 'NONE', #1199, .T. ) ;
#333 = EDGE_CURVE ( 'NONE', #1384, #2726, #2277, .T. ) ;
#334 = CARTESIAN_POINT ( 'NONE',  ( -10.08274900560356535, 4.816254974526746224, -1.976024059789855958 ) ) ;
#335 = ORIENTED_EDGE ( 'NONE', *, *, #2748, .T. ) ;
#336 = AXIS2_PLACEMENT_3D ( 'NONE', #83, #2476, #1385 ) ;
#337 = CARTESIAN_POINT ( 'NONE',  ( 3.229562819428888343, 4.145322675387104638, -7.298100224972873029 ) ) ;
#338 = CARTESIAN_POINT ( 'NONE',  ( 6.913647488381188033, 4.137825532027990860, 8.111821570095228751 ) ) ;
#339 = DIRECTION ( 'NONE',  ( -0.000000000000000000, 1.000000000000000000, -0.000000000000000000 ) ) ;
#340 = DIRECTION ( 'NONE',  ( 0.000000000000000000, -1.000000000000000000, 0.000000000000000000 ) ) ;
#341 = CARTESIAN_POINT ( 'NONE',  ( 0.2499999999999997780, 1.239545179699217181, 3.036835180411629143 ) ) ;
#342 = CARTESIAN_POINT ( 'NONE',  ( 7.053423027509658105, 0.000000000000000000, 9.708203932499429811 ) ) ;
#343 = CARTESIAN_POINT ( 'NONE',  ( -0.2500000000000000000, 1.421960322247762143, 1.384738250780373381 ) ) ;
#344 = ORIENTED_EDGE ( 'NONE', *, *, #1329, .F. ) ;
#345 = CARTESIAN_POINT ( 'NONE',  ( 0.9158204836934786819, 4.853502510098421041, -10.56284630600498886 ) ) ;
#346 = EDGE_LOOP ( 'NONE', ( #1597, #1782, #2487, #1975, #863 ) ) ;
#347 = ADVANCED_FACE ( 'NONE', ( #2186 ), #1728, .F. ) ;
#348 = DIRECTION ( 'NONE',  ( 0.000000000000000000, 0.000000000000000000, -1.000000000000000000 ) ) ;
#349 = EDGE_CURVE ( 'NONE', #2308, #2027, #1520, .T. ) ;
#350 = CARTESIAN_POINT ( 'NONE',  ( 6.277592154082348941, 4.882610914951601266, 8.851047331196982171 ) ) ;
#351 = CARTESIAN_POINT ( 'NONE',  ( -9.318593096069971438, 5.000000000000002665, -4.327854122396569636 ) ) ;
#352 = CARTESIAN_POINT ( 'NONE',  ( 6.747604182577084053, 3.106189849310005968, 1.232543132683329157 ) ) ;
#353 = CARTESIAN_POINT ( 'NONE',  ( 1.724999999999999867, 1.317478221209520628, 2.077107363618934777 ) ) ;
#354 = CARTESIAN_POINT ( 'NONE',  ( -0.2500000000000000000, 3.231315416026357301, 3.110605088528824336 ) ) ;
#355 = CARTESIAN_POINT ( 'NONE',  ( -0.2500000000000000000, 2.926893096946248995, 2.522783580725540542 ) ) ;
#356 = ORIENTED_EDGE ( 'NONE', *, *, #2377, .T. ) ;
#357 = ORIENTED_EDGE ( 'NONE', *, *, #502, .T. ) ;
#358 =( BOUNDED_SURFACE ( )  B_SPLINE_SURFACE ( 3, 2, ( 
 ( #2466, #911, #2417 ),
 ( #2656, #2433, #506 ),
 ( #2213, #1376, #265 ),
 ( #156, #1855, #769 ),
 ( #1431, #102, #1218 ),
 ( #2102, #341, #592 ),
 ( #1234, #2737, #328 ),
 ( #2087, #2073, #1205 ),
 ( #1894, #2751, #1192 ),
 ( #784, #755, #2288 ),
 ( #127, #116, #142 ),
 ( #972, #1640, #2778 ),
 ( #2049, #1023, #550 ),
 ( #537, #2062, #1009 ) ),
 .UNSPECIFIED., .F., .F., .T. ) 
 B_SPLINE_SURFACE_WITH_KNOTS ( ( 4, 2, 2, 2, 2, 2, 4 ),
 ( 3, 3 ),
 ( 0.001651958491030884818, 0.001960709485695204691, 0.002269460480359524347, 0.002578211475023844436, 0.002886962469688164092, 0.003504464459016803837, 0.004121966448345443582 ),
 ( 0.000000000000000000, 1.000000000000000000 ),
 .UNSPECIFIED. ) 
 GEOMETRIC_REPRESENTATION_ITEM ( )  RATIONAL_B_SPLINE_SURFACE ( (
 ( 1.000000000000000000, 0.4249182927993990222, 1.000000000000000000),
 ( 1.000000000000000000, 0.4248994495470893029, 1.000000000000000000),
 ( 1.000000000000000000, 0.4287851241805673008, 1.000000000000000000),
 ( 1.000000000000000000, 0.4425613238894961499, 1.000000000000000000),
 ( 1.000000000000000000, 0.4525585853077000453, 1.000000000000000000),
 ( 1.000000000000000000, 0.4755655917934626387, 1.000000000000000000),
 ( 1.000000000000000000, 0.4884592470535594755, 1.000000000000000000),
 ( 1.000000000000000000, 0.5150581681927112188, 1.000000000000000000),
 ( 1.000000000000000000, 0.5288138689165159390, 1.000000000000000000),
 ( 1.000000000000000000, 0.5686104307475362551, 1.000000000000000000),
 ( 1.000000000000000000, 0.5937785722959800783, 1.000000000000000000),
 ( 1.000000000000000000, 0.6374692223076168229, 1.000000000000000000),
 ( 1.000000000000000000, 0.6562937139311416646, 1.000000000000000000),
 ( 1.000000000000000000, 0.6726930652386737819, 1.000000000000000000) ) ) 
 REPRESENTATION_ITEM ( '' )  SURFACE ( )  );
#359 = CARTESIAN_POINT ( 'NONE',  ( -0.2892481879887821017, 2.828302925101298104, 3.228174004136798558 ) ) ;
#360 = CARTESIAN_POINT ( 'NONE',  ( -0.2434648472013069276, 4.881120383707481025, -10.83571259468122427 ) ) ;
#361 = ORIENTED_EDGE ( 'NONE', *, *, #372, .T. ) ;
#362 = CIRCLE ( 'NONE', #1488, 0.8999999999999999112 ) ;
#363 = CARTESIAN_POINT ( 'NONE',  ( -10.08274900560356535, 0.000000000000000000, -1.976024059789855958 ) ) ;
#364 = CIRCLE ( 'NONE', #585, 0.9000000000000002442 ) ;
#365 = VECTOR ( 'NONE', #694, 1000.000000000000114 ) ;
#366 = DIRECTION ( 'NONE',  ( 0.000000000000000000, 0.000000000000000000, -1.000000000000000000 ) ) ;
#367 = DIRECTION ( 'NONE',  ( -0.000000000000000000, -1.000000000000000000, -0.000000000000000000 ) ) ;
#368 = ADVANCED_FACE ( 'NONE', ( #754 ), #1603, .T. ) ;
#369 = CARTESIAN_POINT ( 'NONE',  ( -0.2500000000000000000, 2.399987236009817781, 4.258286480724476242 ) ) ;
#370 = CARTESIAN_POINT ( 'NONE',  ( 9.593803850423853419, 3.946921730866574496, -2.584707826322853563 ) ) ;
#371 = DIRECTION ( 'NONE',  ( 0.000000000000000000, 1.000000000000000000, 0.000000000000000000 ) ) ;
#372 = EDGE_CURVE ( 'NONE', #2679, #2206, #2322, .T. ) ;
#373 = CARTESIAN_POINT ( 'NONE',  ( -0.2500000000000220934, 1.239956392159423659, 3.036260295761175065 ) ) ;
#374 = ORIENTED_EDGE ( 'NONE', *, *, #2415, .F. ) ;
#375 = ORIENTED_EDGE ( 'NONE', *, *, #395, .F. ) ;
#376 = CARTESIAN_POINT ( 'NONE',  ( -6.168820087095116200, 3.022603524283493215, 2.004371148814406922 ) ) ;
#377 = CARTESIAN_POINT ( 'NONE',  ( 0.5064452095373099816, 3.946921730866573608, -9.922968311830832278 ) ) ;
#378 = AXIS2_PLACEMENT_3D ( 'NONE', #1400, #1213, #2239 ) ;
#379 = LINE ( 'NONE', #2788, #2332 ) ;
#380 = CARTESIAN_POINT ( 'NONE',  ( 9.026180485217441429, 3.747287716843587635, -1.827559889951186456 ) ) ;
#381 = CARTESIAN_POINT ( 'NONE',  ( 6.990931522589391989, 4.832619447782722233, 7.724884414337123140 ) ) ;
#382 = EDGE_CURVE ( 'NONE', #499, #2726, #1880, .T. ) ;
#383 = VECTOR ( 'NONE', #1193, 1000.000000000000114 ) ;
#384 = CARTESIAN_POINT ( 'NONE',  ( 3.812540484307842092, 3.022603524283477228, -5.247511793665711188 ) ) ;
#385 = LINE ( 'NONE', #2103, #383 ) ;
#386 = DIRECTION ( 'NONE',  ( 0.000000000000000000, -1.000000000000000000, 0.000000000000000000 ) ) ;
#387 = VERTEX_POINT ( 'NONE', #2763 ) ;
#388 = ADVANCED_FACE ( 'NONE', ( #535 ), #2100, .T. ) ;
#389 = EDGE_LOOP ( 'NONE', ( #2149, #735, #1500, #758 ) ) ;
#390 = CARTESIAN_POINT ( 'NONE',  ( -4.995051351167790976, 4.816254974526752441, 8.978639128178908635 ) ) ;
#391 = LINE ( 'NONE', #2134, #65 ) ;
#392 = CARTESIAN_POINT ( 'NONE',  ( -1.599634362828391776, 3.560021254463501705, -8.373286164990698666 ) ) ;
#393 = LINE ( 'NONE', #1061, #179 ) ;
#394 = DIRECTION ( 'NONE',  ( -0.02646051115848642096, 0.000000000000000000, 0.9996498593753873063 ) ) ;
#395 = EDGE_CURVE ( 'NONE', #2754, #1063, #151, .T. ) ;
#396 = ORIENTED_EDGE ( 'NONE', *, *, #1509, .F. ) ;
#397 = CARTESIAN_POINT ( 'NONE',  ( -0.5250000000000000222, 3.899999999999999911, 0.6500000000000000222 ) ) ;
#398 = ADVANCED_FACE ( 'NONE', ( #1608 ), #1649, .T. ) ;
#399 = CARTESIAN_POINT ( 'NONE',  ( 0.2500000000000000000, 3.109723489824535392, 3.129475856833196179 ) ) ;
#400 = AXIS2_PLACEMENT_3D ( 'NONE', #2765, #2528, #1669 ) ;
#401 = CARTESIAN_POINT ( 'NONE',  ( 4.236875967039741120, 3.922394763470725021, -5.831559480312301424 ) ) ;
#402 = AXIS2_PLACEMENT_3D ( 'NONE', #1280, #2762, #753 ) ;
#403 = CARTESIAN_POINT ( 'NONE',  ( -4.236875967039762436, 3.713753801702823765, -5.831559480312313859 ) ) ;
#404 = DIRECTION ( 'NONE',  ( 0.000000000000000000, 1.000000000000000000, 0.000000000000000000 ) ) ;
#405 = CARTESIAN_POINT ( 'NONE',  ( -9.822696352618144999, 5.500000000000000000, -2.458352155533741534 ) ) ;
#406 = EDGE_CURVE ( 'NONE', #1399, #699, #9, .T. ) ;
#407 = ORIENTED_EDGE ( 'NONE', *, *, #2579, .T. ) ;
#408 = CARTESIAN_POINT ( 'NONE',  ( 9.565016768536336755, 4.001408011457955993, -3.363984920701945214 ) ) ;
#409 = CARTESIAN_POINT ( 'NONE',  ( -9.318593096069971438, 5.000000000000002665, -4.327854122396569636 ) ) ;
#410 = LINE ( 'NONE', #1692, #2065 ) ;
#411 = EDGE_CURVE ( 'NONE', #2744, #1658, #864, .T. ) ;
#412 = CARTESIAN_POINT ( 'NONE',  ( 4.995051351167724363, 5.000000000000002665, 8.978639128178924622 ) ) ;
#413 = CARTESIAN_POINT ( 'NONE',  ( -9.280803497490262899, 3.946921730866583378, -3.548023859676730396 ) ) ;
#414 = CARTESIAN_POINT ( 'NONE',  ( -6.995637495030818442, 5.000000000000002665, 7.525128213724162407 ) ) ;
#415 = CARTESIAN_POINT ( 'NONE',  ( -3.812540484307868738, 3.022603524283483445, -5.247511793665720958 ) ) ;
#416 = VECTOR ( 'NONE', #1304, 1000.000000000000000 ) ;
#417 = CARTESIAN_POINT ( 'NONE',  ( 0.5250000000000000222, 4.899999999999999467, -0.6500000000000000222 ) ) ;
#418 = CIRCLE ( 'NONE', #1325, 0.8999999999999999112 ) ;
#419 = VERTEX_POINT ( 'NONE', #2136 ) ;
#420 = B_SPLINE_CURVE_WITH_KNOTS ( 'NONE', 3,
 ( #2323, #622, #2585, #2307, #1490, #376 ),
 .UNSPECIFIED., .F., .F.,
 ( 4, 2, 4 ),
 ( 0.000000000000000000, 0.0006166113489113577957, 0.001233222697822715591 ),
 .UNSPECIFIED. ) ;
#421 = CARTESIAN_POINT ( 'NONE',  ( -6.949183205504211536, 4.453674048553382114, 5.770134755188363940 ) ) ;
#422 = LINE ( 'NONE', #1289, #1591 ) ;
#423 = CARTESIAN_POINT ( 'NONE',  ( 0.8242868228862950675, 5.500000000000000000, -9.916802938921540189 ) ) ;
#424 = DIRECTION ( 'NONE',  ( 0.9425467651446755024, 0.000000000000000000, 0.3340742365333005948 ) ) ;
#425 = EDGE_CURVE ( 'NONE', #2502, #42, #1248, .T. ) ;
#426 = CARTESIAN_POINT ( 'NONE',  ( -9.600329199057432206, 4.007169344211590989, -3.328959857002026013 ) ) ;
#427 = EDGE_CURVE ( 'NONE', #1573, #652, #1920, .T. ) ;
#428 = VERTEX_POINT ( 'NONE', #1695 ) ;
#429 = DIRECTION ( 'NONE',  ( -0.000000000000000000, -1.000000000000000000, -0.000000000000000000 ) ) ;
#430 = FACE_OUTER_BOUND ( 'NONE', #1438, .T. ) ;
#431 = ORIENTED_EDGE ( 'NONE', *, *, #1918, .F. ) ;
#432 = CARTESIAN_POINT ( 'NONE',  ( 9.373175119161869517, 3.967314725583294344, -3.519533160187291454 ) ) ;
#433 = DIRECTION ( 'NONE',  ( 0.000000000000000000, -1.000000000000000000, 0.000000000000000000 ) ) ;
#434 = CARTESIAN_POINT ( 'NONE',  ( 1.219519950138314268, 2.372142180322601046, 3.872647371435377295 ) ) ;
#435 = CARTESIAN_POINT ( 'NONE',  ( 6.168820087095071791, 3.022603524283483889, 2.004371148814426906 ) ) ;
#436 = ORIENTED_EDGE ( 'NONE', *, *, #2038, .F. ) ;
#437 = LINE ( 'NONE', #1743, #1077 ) ;
#438 = ORIENTED_EDGE ( 'NONE', *, *, #707, .F. ) ;
#439 = CARTESIAN_POINT ( 'NONE',  ( -0.5917749957899817170, 4.870879398066749744, -10.73424003496746337 ) ) ;
#440 = ORIENTED_EDGE ( 'NONE', *, *, #216, .T. ) ;
#441 = DIRECTION ( 'NONE',  ( 0.000000000000000000, -1.000000000000000000, 0.000000000000000000 ) ) ;
#442 = AXIS2_PLACEMENT_3D ( 'NONE', #2526, #767, #996 ) ;
#443 = ADVANCED_FACE ( 'NONE', ( #2566 ), #1923, .T. ) ;
#444 = CARTESIAN_POINT ( 'NONE',  ( -0.5250000000000000222, 8.185609800399156200, -3.214697847761803062E-17 ) ) ;
#445 = VERTEX_POINT ( 'NONE', #415 ) ;
#446 = DIRECTION ( 'NONE',  ( -0.000000000000000000, 1.000000000000000000, -0.000000000000000000 ) ) ;
#447 = LINE ( 'NONE', #2400, #1725 ) ;
#448 = CARTESIAN_POINT ( 'NONE',  ( 0.2500000000000000000, 2.399987236009822222, 4.258286480724490453 ) ) ;
#449 = ORIENTED_EDGE ( 'NONE', *, *, #2183, .T. ) ;
#450 = DIRECTION ( 'NONE',  ( -0.5661724415900336593, 0.000000000000000000, -0.8242868228862935132 ) ) ;
#451 = CARTESIAN_POINT ( 'NONE',  ( 0.2500000000000000000, 3.056144708529846987, 2.915517796436957187 ) ) ;
#452 = EDGE_LOOP ( 'NONE', ( #1644, #2175, #331, #510 ) ) ;
#453 = CARTESIAN_POINT ( 'NONE',  ( 0.000000000000000000, 2.186811464869681032, 0.000000000000000000 ) ) ;
#454 = EDGE_LOOP ( 'NONE', ( #1762, #1316, #248, #773 ) ) ;
#455 = CARTESIAN_POINT ( 'NONE',  ( 1.599634362828345813, 3.560021254463471951, -8.373286164990593861 ) ) ;
#456 =( BOUNDED_SURFACE ( )  B_SPLINE_SURFACE ( 3, 2, ( 
 ( #1972, #2177, #8 ),
 ( #892, #1765, #1474 ),
 ( #2348, #1324, #1780 ),
 ( #2194, #2414, #247 ),
 ( #457, #2671, #1341 ),
 ( #487, #472, #2431 ),
 ( #2244, #279, #1360 ),
 ( #1158, #86, #55 ),
 ( #2465, #1809, #2704 ),
 ( #41, #706, #2654 ),
 ( #689, #73, #1112 ),
 ( #2228, #1141, #2021 ),
 ( #1607, #1126, #1575 ),
 ( #2034, #1389, #672 ) ),
 .UNSPECIFIED., .F., .F., .T. ) 
 B_SPLINE_SURFACE_WITH_KNOTS ( ( 4, 2, 2, 2, 2, 2, 4 ),
 ( 3, 3 ),
 ( 0.000000000000000000, 0.0002916144502916313917, 0.0004374216754374470875, 0.0005832289005832627833, 0.0007290361257290784791, 0.0008748433508748941750, 0.001166457801166525567 ),
 ( 0.000000000000000000, 1.000000000000000000 ),
 .UNSPECIFIED. ) 
 GEOMETRIC_REPRESENTATION_ITEM ( )  RATIONAL_B_SPLINE_SURFACE ( (
 ( 1.000000000000000000, 0.7606641873261104081, 1.000000000000000000),
 ( 1.000000000000000000, 0.7710063201837163982, 1.000000000000000000),
 ( 1.000000000000000000, 0.7793065196092644475, 1.000000000000000000),
 ( 1.000000000000000000, 0.7876401718753623937, 1.000000000000000000),
 ( 1.000000000000000000, 0.7897820606216017225, 1.000000000000000000),
 ( 1.000000000000000000, 0.7926350131787864850, 1.000000000000000000),
 ( 1.000000000000000000, 0.7933482184071635190, 1.000000000000000000),
 ( 1.000000000000000000, 0.7933584081430128387, 1.000000000000000000),
 ( 1.000000000000000000, 0.7926391432104724633, 1.000000000000000000),
 ( 1.000000000000000000, 0.7898138623160109173, 1.000000000000000000),
 ( 1.000000000000000000, 0.7876652215139781088, 1.000000000000000000),
 ( 1.000000000000000000, 0.7793279875930322342, 1.000000000000000000),
 ( 1.000000000000000000, 0.7710636768690419807, 1.000000000000000000),
 ( 1.000000000000000000, 0.7606641873261106301, 1.000000000000000000) ) ) 
 REPRESENTATION_ITEM ( '' )  SURFACE ( )  );
#457 = CARTESIAN_POINT ( 'NONE',  ( -9.596044270812791765, 4.005819356673403497, -3.325116284802696942 ) ) ;
#458 = EDGE_CURVE ( 'NONE', #1934, #967, #2578, .T. ) ;
#459 = VERTEX_POINT ( 'NONE', #1483 ) ;
#460 = CARTESIAN_POINT ( 'NONE',  ( 10.39784243683821607, 4.875152600222468990, -2.872408939709756748 ) ) ;
#461 = CARTESIAN_POINT ( 'NONE',  ( -0.3748035993630147167, 3.984212993590148688, -10.06847367882352451 ) ) ;
#462 = CARTESIAN_POINT ( 'NONE',  ( 0.2499999999999998890, 3.241481274537633350, 3.650277690542830467 ) ) ;
#463 = EDGE_CURVE ( 'NONE', #2679, #445, #2714, .T. ) ;
#464 = CARTESIAN_POINT ( 'NONE',  ( -5.890905329646110467, 4.873096632585572685, 9.015393989770048577 ) ) ;
#465 = CARTESIAN_POINT ( 'NONE',  ( -1.605295572703627105, 1.747312172722034651, 2.299235565691069461 ) ) ;
#466 = ORIENTED_EDGE ( 'NONE', *, *, #1253, .F. ) ;
#467 = CARTESIAN_POINT ( 'NONE',  ( -0.1666900192079968923, 3.291693648463605459, 3.110605088528824336 ) ) ;
#468 = ORIENTED_EDGE ( 'NONE', *, *, #2292, .F. ) ;
#469 = CARTESIAN_POINT ( 'NONE',  ( 0.2426654747974441861, 4.881133464537361633, -10.83584248056042476 ) ) ;
#470 = ORIENTED_EDGE ( 'NONE', *, *, #2718, .F. ) ;
#471 = DIRECTION ( 'NONE',  ( -0.000000000000000000, 1.000000000000000000, -0.000000000000000000 ) ) ;
#472 = CARTESIAN_POINT ( 'NONE',  ( -10.24177654587000319, 4.189261976790418451, -3.555085643941553020 ) ) ;
#473 = ORIENTED_EDGE ( 'NONE', *, *, #1137, .T. ) ;
#474 = CARTESIAN_POINT ( 'NONE',  ( -5.145761091287348599, 4.065029421196347137, 9.032056362453584342 ) ) ;
#475 = ADVANCED_FACE ( 'NONE', ( #2818 ), #760, .T. ) ;
#476 = CARTESIAN_POINT ( 'NONE',  ( -6.495812565343131340, 5.500000000000000000, 7.538358469303405585 ) ) ;
#477 = CARTESIAN_POINT ( 'NONE',  ( 8.477732701473103205, 4.629609045400260747, -4.576668892780215714 ) ) ;
#478 = CARTESIAN_POINT ( 'NONE',  ( -1.412087882771407843, 2.021717391141093501, 2.684795913541034640 ) ) ;
#479 = ORIENTED_EDGE ( 'NONE', *, *, #382, .F. ) ;
#480 = CARTESIAN_POINT ( 'NONE',  ( -0.3926620389471419115, 3.291057289254287976, 3.110605088528824780 ) ) ;
#481 = EDGE_CURVE ( 'NONE', #1807, #801, #1012, .T. ) ;
#482 = CARTESIAN_POINT ( 'NONE',  ( 1.451155211411165880, 4.107236758687569989, 7.722548246512423553 ) ) ;
#483 = EDGE_LOOP ( 'NONE', ( #2394, #2448, #669, #1556, #791, #544, #2139 ) ) ;
#484 = CARTESIAN_POINT ( 'NONE',  ( -9.374606578502223897, 3.967630753362191065, -3.519091676048056172 ) ) ;
#485 = ORIENTED_EDGE ( 'NONE', *, *, #1159, .F. ) ;
#486 = CARTESIAN_POINT ( 'NONE',  ( 3.268551745628994087, 3.103295377188108439, -6.020757939563053718 ) ) ;
#487 = CARTESIAN_POINT ( 'NONE',  ( -9.648523812903908592, 4.011778406719161083, -3.240163789339233880 ) ) ;
#488 = CONICAL_SURFACE ( 'NONE', #1992, 1.000000000000006439, 0.7853981633974447263 ) ;
#489 = AXIS2_PLACEMENT_3D ( 'NONE', #1956, #1513, #2381 ) ;
#490 = ORIENTED_EDGE ( 'NONE', *, *, #1509, .T. ) ;
#491 = CARTESIAN_POINT ( 'NONE',  ( -6.243735627469798821, 3.967177921003151031, 7.826175322834002301 ) ) ;
#492 = DIRECTION ( 'NONE',  ( 0.000000000000000000, -1.000000000000000000, 0.000000000000000000 ) ) ;
#493 = CIRCLE ( 'NONE', #2086, 0.9000000000000001332 ) ;
#494 = CARTESIAN_POINT ( 'NONE',  ( 10.08274900560353160, 4.816254974526736454, -1.976024059789830867 ) ) ;
#495 = CARTESIAN_POINT ( 'NONE',  ( -4.293635367211305898, 7.538852015211040758, 1.395086699249179718 ) ) ;
#496 = ORIENTED_EDGE ( 'NONE', *, *, #2330, .T. ) ;
#497 = CARTESIAN_POINT ( 'NONE',  ( 1.375014648029812970E-13, 4.013288415475922299, -10.18356763792376896 ) ) ;
#498 = CARTESIAN_POINT ( 'NONE',  ( -7.312751184944583649, 3.237903514227879143, 0.4714280438371582505 ) ) ;
#499 = VERTEX_POINT ( 'NONE', #6 ) ;
#500 = DIRECTION ( 'NONE',  ( 0.000000000000000000, -0.000000000000000000, -1.000000000000000000 ) ) ;
#501 = ORIENTED_EDGE ( 'NONE', *, *, #1868, .F. ) ;
#502 = EDGE_CURVE ( 'NONE', #1844, #2128, #2368, .T. ) ;
#503 = CARTESIAN_POINT ( 'NONE',  ( 3.832723324861705638, 3.019586913459441302, -5.218827132726652884 ) ) ;
#504 = DIRECTION ( 'NONE',  ( 8.673617379883983210E-16, 0.000000000000000000, -1.000000000000000000 ) ) ;
#505 = VECTOR ( 'NONE', #615, 1000.000000000000000 ) ;
#506 = CARTESIAN_POINT ( 'NONE',  ( 0.2500000000000000000, 1.422133340886972741, 1.384738252730874475 ) ) ;
#507 = CARTESIAN_POINT ( 'NONE',  ( -5.901607190050853546, 4.011787139860778950, 8.292426906814649001 ) ) ;
#508 = ORIENTED_EDGE ( 'NONE', *, *, #297, .F. ) ;
#509 = CARTESIAN_POINT ( 'NONE',  ( 0.6521739130434782705, 8.185609800399156200, 0.6374376799666064963 ) ) ;
#510 = ORIENTED_EDGE ( 'NONE', *, *, #2393, .F. ) ;
#511 = CARTESIAN_POINT ( 'NONE',  ( -0.3739304863477876939, 3.984368283405436362, -10.06908532586341209 ) ) ;
#512 = CARTESIAN_POINT ( 'NONE',  ( -8.939704055526052073, 4.429354497323643614, -0.4872534762835709632 ) ) ;
#513 = ORIENTED_EDGE ( 'NONE', *, *, #1624, .F. ) ;
#514 = LINE ( 'NONE', #968, #926 ) ;
#515 = AXIS2_PLACEMENT_3D ( 'NONE', #251, #712, #2231 ) ;
#516 = EDGE_CURVE ( 'NONE', #1970, #1835, #2012, .T. ) ;
#517 = VERTEX_POINT ( 'NONE', #40 ) ;
#518 = CARTESIAN_POINT ( 'NONE',  ( 10.08274900560353160, 4.816254974526736454, -1.976024059789830867 ) ) ;
#519 = DIRECTION ( 'NONE',  ( 0.7931806264321363820, 0.000000000000000000, 0.6089864480041603523 ) ) ;
#520 = DIRECTION ( 'NONE',  ( -0.9996498593753873063, 0.000000000000000000, -0.02646051115848641749 ) ) ;
#521 = ADVANCED_FACE ( 'NONE', ( #2412 ), #1081, .T. ) ;
#522 = CARTESIAN_POINT ( 'NONE',  ( -1.235471271963634265, 2.186811464869682808, 3.132207374257895971 ) ) ;
#523 = CARTESIAN_POINT ( 'NONE',  ( -6.949599616006466363, 4.853502510098435252, 8.007216396466432684 ) ) ;
#524 = CARTESIAN_POINT ( 'NONE',  ( -3.067615986141022644E-14, 3.512078374910923451, 7.131500878363137730 ) ) ;
#525 = VERTEX_POINT ( 'NONE', #2621 ) ;
#526 = LINE ( 'NONE', #495, #134 ) ;
#527 = EDGE_LOOP ( 'NONE', ( #2293, #1687, #1252, #2770 ) ) ;
#528 = LINE ( 'NONE', #1830, #1155 ) ;
#529 = DIRECTION ( 'NONE',  ( 0.000000000000000000, -1.000000000000000000, 0.000000000000000000 ) ) ;
#530 = ORIENTED_EDGE ( 'NONE', *, *, #1420, .F. ) ;
#531 = CARTESIAN_POINT ( 'NONE',  ( -0.2500000000000000000, 3.109723489824535392, 3.129475856833196179 ) ) ;
#532 = ORIENTED_EDGE ( 'NONE', *, *, #1706, .T. ) ;
#533 = CARTESIAN_POINT ( 'NONE',  ( -6.228112881512721799, 3.747178236936108853, 6.783463891419276415 ) ) ;
#534 = DIRECTION ( 'NONE',  ( -0.8242868228862916258, 0.000000000000000000, -0.5661724415900365459 ) ) ;
#535 = FACE_OUTER_BOUND ( 'NONE', #2470, .T. ) ;
#536 = EDGE_CURVE ( 'NONE', #595, #2076, #2161, .T. ) ;
#537 = CARTESIAN_POINT ( 'NONE',  ( 1.235471271963635154, 2.186811464869709898, 3.132207374257893306 ) ) ;
#538 = CARTESIAN_POINT ( 'NONE',  ( -5.760960391904451861, 4.001408011457990632, 8.343696764144898026 ) ) ;
#539 = ORIENTED_EDGE ( 'NONE', *, *, #372, .F. ) ;
#540 = ORIENTED_EDGE ( 'NONE', *, *, #1408, .F. ) ;
#541 = CONICAL_SURFACE ( 'NONE', #1269, 1.000000000000005995, 0.7853981633974447263 ) ;
#542 = DIRECTION ( 'NONE',  ( 0.5608633996559564405, 0.7071067811865503483, -0.4306184470344471271 ) ) ;
#543 = DIRECTION ( 'NONE',  ( 0.7068591943765171193, 0.7071067811865455743, -0.01871040687382588899 ) ) ;
#544 = ORIENTED_EDGE ( 'NONE', *, *, #2819, .T. ) ;
#545 = CARTESIAN_POINT ( 'NONE',  ( 0.000000000000000000, 5.500000000000000000, -10.00000000000000000 ) ) ;
#546 = CARTESIAN_POINT ( 'NONE',  ( 6.566039260152173540, 4.881120383707510335, 8.623170588623255028 ) ) ;
#547 = CARTESIAN_POINT ( 'NONE',  ( -4.236875967039763324, 3.922394763470731238, -5.831559480312312971 ) ) ;
#548 = CARTESIAN_POINT ( 'NONE',  ( 7.318474488952279700, 3.239421324660084256, 0.4637382013977418005 ) ) ;
#549 = DIRECTION ( 'NONE',  ( -0.6089864480041602413, 0.000000000000000000, 0.7931806264321362709 ) ) ;
#550 = CARTESIAN_POINT ( 'NONE',  ( 0.2500000000000000000, 3.005628714664121848, 2.712853524630264523 ) ) ;
#551 = CARTESIAN_POINT ( 'NONE',  ( -0.2500000000000000000, 3.293082441334743038, 3.110605088528824336 ) ) ;
#552 = CARTESIAN_POINT ( 'NONE',  ( -1.724999999999999201, 1.317478221209520406, 2.077107363618939218 ) ) ;
#553 = ORIENTED_EDGE ( 'NONE', *, *, #1214, .F. ) ;
#554 = VERTEX_POINT ( 'NONE', #1590 ) ;
#555 =( BOUNDED_SURFACE ( )  B_SPLINE_SURFACE ( 3, 2, ( 
 ( #2557, #1922, #2767 ),
 ( #1642, #1011, #1207 ),
 ( #786, #2780, #355 ),
 ( #772, #1001, #1461 ),
 ( #2115, #568, #2336 ),
 ( #2126, #2516, #170 ),
 ( #182, #1433, #1447 ),
 ( #2542, #827, #1698 ),
 ( #800, #373, #1883 ),
 ( #1654, #2753, #2318 ),
 ( #2075, #1421, #1236 ),
 ( #2530, #2303, #1871 ),
 ( #2349, #2104, #343 ),
 ( #552, #815, #1684 ) ),
 .UNSPECIFIED., .F., .F., .T. ) 
 B_SPLINE_SURFACE_WITH_KNOTS ( ( 4, 2, 2, 2, 2, 2, 4 ),
 ( 3, 3 ),
 ( 0.001996619999419421611, 0.002614580343502309091, 0.003232540687585197005, 0.003541520859626640962, 0.003850501031668084918, 0.004159481203709528875, 0.004468461375750972832 ),
 ( 0.000000000000000000, 1.000000000000000000 ),
 .UNSPECIFIED. ) 
 GEOMETRIC_REPRESENTATION_ITEM ( )  RATIONAL_B_SPLINE_SURFACE ( (
 ( 1.000000000000000000, 0.6726930652386730047, 1.000000000000000000),
 ( 1.000000000000000000, 0.6562929536695313315, 1.000000000000000000),
 ( 1.000000000000000000, 0.6376035575241815190, 1.000000000000000000),
 ( 1.000000000000000000, 0.5937112867421138196, 1.000000000000000000),
 ( 1.000000000000000000, 0.5687024203207834416, 1.000000000000000000),
 ( 1.000000000000000000, 0.5290191535839136039, 1.000000000000000000),
 ( 1.000000000000000000, 0.5152642597076437792, 1.000000000000000000),
 ( 1.000000000000000000, 0.4886066989748341083, 1.000000000000000000),
 ( 1.000000000000000000, 0.4757179627830651070, 1.000000000000000000),
 ( 1.000000000000000000, 0.4527594649881148126, 1.000000000000000000),
 ( 1.000000000000000000, 0.4426619662023771884, 1.000000000000000000),
 ( 1.000000000000000000, 0.4287764714524867626, 1.000000000000000000),
 ( 1.000000000000000000, 0.4248978460946379876, 1.000000000000000000),
 ( 1.000000000000000000, 0.4249182927993991887, 1.000000000000000000) ) ) 
 REPRESENTATION_ITEM ( '' )  SURFACE ( )  );
#556 = DIRECTION ( 'NONE',  ( -0.9378905060135062088, 0.2081837199595091836, 0.2775264626545548285 ) ) ;
#557 = DIRECTION ( 'NONE',  ( 0.000000000000000000, -1.000000000000000000, -0.000000000000000000 ) ) ;
#558 = ADVANCED_FACE ( 'NONE', ( #657 ), #2003, .T. ) ;
#559 = ORIENTED_EDGE ( 'NONE', *, *, #502, .F. ) ;
#560 = CIRCLE ( 'NONE', #232, 1.499999999999999556 ) ;
#561 = DIRECTION ( 'NONE',  ( -0.2362261580724114296, 0.7071067811865516806, -0.6664812092192414772 ) ) ;
#562 = CARTESIAN_POINT ( 'NONE',  ( -6.183397131225980559, 3.106189849310016626, 2.968993886184931430 ) ) ;
#563 = LINE ( 'NONE', #1204, #2746 ) ;
#564 = B_SPLINE_CURVE_WITH_KNOTS ( 'NONE', 3,
 ( #399, #1042, #2309, #832 ),
 .UNSPECIFIED., .F., .F.,
 ( 4, 4 ),
 ( 0.000000000000000000, 0.0001843274558911937183 ),
 .UNSPECIFIED. ) ;
#565 = CARTESIAN_POINT ( 'NONE',  ( -0.2500000000000000000, 3.147785030576682797, 3.283168046066303081 ) ) ;
#566 = DIRECTION ( 'NONE',  ( -0.3340742365333007058, 0.000000000000000000, 0.9425467651446755024 ) ) ;
#567 = DIRECTION ( 'NONE',  ( -1.000000000000000000, 0.000000000000000000, 0.000000000000000000 ) ) ;
#568 = CARTESIAN_POINT ( 'NONE',  ( -0.2499999999999782396, 1.594738412649546744, 2.860014532972947610 ) ) ;
#569 = ORIENTED_EDGE ( 'NONE', *, *, #2415, .T. ) ;
#570 = ORIENTED_EDGE ( 'NONE', *, *, #2549, .F. ) ;
#571 = FACE_OUTER_BOUND ( 'NONE', #1477, .T. ) ;
#572 = DIRECTION ( 'NONE',  ( 0.000000000000000000, 0.000000000000000000, -1.000000000000000000 ) ) ;
#573 = ORIENTED_EDGE ( 'NONE', *, *, #1619, .T. ) ;
#574 = CARTESIAN_POINT ( 'NONE',  ( 9.766553051486466686, 4.853779742815838461, -4.132547873317987452 ) ) ;
#575 = CARTESIAN_POINT ( 'NONE',  ( 0.8060928930034521045, 4.859434704893036638, -10.62135221590150280 ) ) ;
#576 = DIRECTION ( 'NONE',  ( 0.000000000000000000, 1.000000000000000000, 0.000000000000000000 ) ) ;
#577 = DIRECTION ( 'NONE',  ( 0.000000000000000000, -1.000000000000000000, 0.000000000000000000 ) ) ;
#578 = DIRECTION ( 'NONE',  ( -0.3340742365333006503, 0.000000000000000000, 0.9425467651446756134 ) ) ;
#579 = DIRECTION ( 'NONE',  ( 0.000000000000000000, 0.000000000000000000, 1.000000000000000000 ) ) ;
#580 = ORIENTED_EDGE ( 'NONE', *, *, #1677, .F. ) ;
#581 = ORIENTED_EDGE ( 'NONE', *, *, #964, .T. ) ;
#582 = CARTESIAN_POINT ( 'NONE',  ( 0.5312045044563290519, 4.170028781614372626, -10.75918774220805929 ) ) ;
#583 = CARTESIAN_POINT ( 'NONE',  ( -1.559029545367372149, 3.392745889146214999, 7.760782992086729948 ) ) ;
#584 = DIRECTION ( 'NONE',  ( 0.000000000000000000, -1.000000000000000000, 0.000000000000000000 ) ) ;
#585 = AXIS2_PLACEMENT_3D ( 'NONE', #1174, #2048, #971 ) ;
#586 = VECTOR ( 'NONE', #1344, 1000.000000000000000 ) ;
#587 = CARTESIAN_POINT ( 'NONE',  ( -5.496162705967736706, 5.500000000000000000, 7.564818980461891051 ) ) ;
#588 = CARTESIAN_POINT ( 'NONE',  ( 7.218176508274784631, 3.972607498589262320, 1.754967681221724529 ) ) ;
#589 = EDGE_CURVE ( 'NONE', #1970, #64, #2471, .T. ) ;
#590 = CARTESIAN_POINT ( 'NONE',  ( 6.258635414791805296, 4.882253462124611865, 8.860433434956853205 ) ) ;
#591 = PRODUCT_DEFINITION_SHAPE ( 'NONE', 'NONE',  #201 ) ;
#592 = CARTESIAN_POINT ( 'NONE',  ( 0.2500000000000000000, 2.014368274187857022, 1.559297759452260346 ) ) ;
#593 = CARTESIAN_POINT ( 'NONE',  ( 0.5250000000000000222, 3.899999999999999911, 0.6500000000000000222 ) ) ;
#594 = CARTESIAN_POINT ( 'NONE',  ( 0.000000000000000000, 0.000000000000000000, 0.000000000000000000 ) ) ;
#595 = VERTEX_POINT ( 'NONE', #2395 ) ;
#596 = ORIENTED_EDGE ( 'NONE', *, *, #2313, .T. ) ;
#597 = CARTESIAN_POINT ( 'NONE',  ( 4.995051351167724363, 4.816254974526746224, 8.978639128178924622 ) ) ;
#598 = CARTESIAN_POINT ( 'NONE',  ( -5.145761091287348599, 4.065029421196348913, 9.032056362453587894 ) ) ;
#599 = DIRECTION ( 'NONE',  ( -1.000000000000000000, 0.000000000000000000, 0.000000000000000000 ) ) ;
#600 = VECTOR ( 'NONE', #1554, 1000.000000000000000 ) ;
#601 = DIRECTION ( 'NONE',  ( -0.000000000000000000, 1.000000000000000000, -0.000000000000000000 ) ) ;
#602 = EDGE_CURVE ( 'NONE', #1312, #1156, #1237, .T. ) ;
#603 = CARTESIAN_POINT ( 'NONE',  ( -0.5064452095373191964, 3.946921730866573608, -9.922968311830832278 ) ) ;
#604 = AXIS2_PLACEMENT_3D ( 'NONE', #845, #2575, #1257 ) ;
#605 = EDGE_CURVE ( 'NONE', #1120, #525, #57, .T. ) ;
#606 = CARTESIAN_POINT ( 'NONE',  ( 5.649136190342429309, 3.239566726364682125, -4.676568221109628887 ) ) ;
#607 = CARTESIAN_POINT ( 'NONE',  ( 9.318593096069944792, 5.000000000000002665, -4.327854122396544767 ) ) ;
#608 = LINE ( 'NONE', #1475, #1688 ) ;
#609 = ORIENTED_EDGE ( 'NONE', *, *, #2333, .T. ) ;
#610 = CARTESIAN_POINT ( 'NONE',  ( -2.168404344971008868E-14, 6.429037005416874173, 5.692059526447045492 ) ) ;
#611 = CARTESIAN_POINT ( 'NONE',  ( 9.176721419365073018, 5.500000000000000000, -3.848403992196393286 ) ) ;
#612 = CARTESIAN_POINT ( 'NONE',  ( 10.35744798703225200, 4.882611422337022944, -3.236101819752974951 ) ) ;
#613 = UNCERTAINTY_MEASURE_WITH_UNIT (LENGTH_MEASURE( 1.000000000000000082E-05 ), #184, 'distance_accuracy_value', 'NONE');
#614 = FACE_OUTER_BOUND ( 'NONE', #1628, .T. ) ;
#615 = DIRECTION ( 'NONE',  ( -0.000000000000000000, -1.000000000000000000, -0.000000000000000000 ) ) ;
#616 = CARTESIAN_POINT ( 'NONE',  ( -0.2500000000000000000, 2.716360160174005056, 2.166050263075624649 ) ) ;
#617 = PLANE ( 'NONE',  #2791 ) ;
#618 = EDGE_CURVE ( 'NONE', #428, #2485, #1974, .T. ) ;
#619 = CARTESIAN_POINT ( 'NONE',  ( 5.162088469434372939, 5.500000000000000000, 8.507365745606591645 ) ) ;
#620 = VERTEX_POINT ( 'NONE', #54 ) ;
#621 = CARTESIAN_POINT ( 'NONE',  ( 9.459866819635355029, 3.984212993590158014, -3.467788879678274316 ) ) ;
#622 = CARTESIAN_POINT ( 'NONE',  ( -6.855409320787919647, 3.713753801702832646, 2.227457514062654909 ) ) ;
#623 = CARTESIAN_POINT ( 'NONE',  ( -6.458819007571857007, 5.500000000000000000, 1.922964290060580339 ) ) ;
#624 = CARTESIAN_POINT ( 'NONE',  ( 10.39160776108892037, 4.870828349748385300, -2.753017560115672335 ) ) ;
#625 = CARTESIAN_POINT ( 'NONE',  ( 0.5250000000000000222, 0.000000000000000000, -3.214697847761803062E-17 ) ) ;
#626 = AXIS2_PLACEMENT_3D ( 'NONE', #899, #1612, #1149 ) ;
#627 = DIRECTION ( 'NONE',  ( 0.000000000000000000, -1.000000000000000000, 0.000000000000000000 ) ) ;
#628 = CARTESIAN_POINT ( 'NONE',  ( 9.318593096069943016, 0.000000000000000000, -4.327854122396544767 ) ) ;
#629 = CARTESIAN_POINT ( 'NONE',  ( -0.2500000000000000555, 2.926933686223421205, 2.522882600809488451 ) ) ;
#630 = VERTEX_POINT ( 'NONE', #1574 ) ;
#631 = CARTESIAN_POINT ( 'NONE',  ( -6.995637495030818442, 4.816254974526751553, 7.525128213724162407 ) ) ;
#632 = EDGE_CURVE ( 'NONE', #2278, #1238, #1084, .T. ) ;
#633 = DIRECTION ( 'NONE',  ( 0.000000000000000000, 0.000000000000000000, -1.000000000000000000 ) ) ;
#634 = CARTESIAN_POINT ( 'NONE',  ( -5.987777579035141073, 4.876399862217252412, 8.985460821756303673 ) ) ;
#635 = CARTESIAN_POINT ( 'NONE',  ( 6.855409320787876126, 5.000000000000002665, 2.227457514062675337 ) ) ;
#636 = ADVANCED_FACE ( 'NONE', ( #1401 ), #1190, .T. ) ;
#637 = CARTESIAN_POINT ( 'NONE',  ( 1.149999999999999911, 5.500000000000000000, 1.384738242412623110 ) ) ;
#638 = VECTOR ( 'NONE', #429, 1000.000000000000000 ) ;
#639 = DIRECTION ( 'NONE',  ( -0.000000000000000000, 1.000000000000000000, -0.000000000000000000 ) ) ;
#640 = EDGE_LOOP ( 'NONE', ( #22, #2691, #1254, #1366 ) ) ;
#641 = DIRECTION ( 'NONE',  ( -0.000000000000000000, -1.000000000000000000, -0.000000000000000000 ) ) ;
#642 = CARTESIAN_POINT ( 'NONE',  ( 0.6521739130434782705, 0.000000000000000000, 0.6374376799666064963 ) ) ;
#643 = VECTOR ( 'NONE', #709, 1000.000000000000114 ) ;
#644 = LINE ( 'NONE', #1514, #2552 ) ;
#645 = CARTESIAN_POINT ( 'NONE',  ( 9.596563133777776144, 4.005885676602927603, -3.324370936543789679 ) ) ;
#646 = CARTESIAN_POINT ( 'NONE',  ( -0.4256907118111221688, 4.178418035019065613, -10.79401151129436798 ) ) ;
#647 = CARTESIAN_POINT ( 'NONE',  ( 9.686158692387468960, 5.500000000000000000, -2.280517283791906991 ) ) ;
#648 = CARTESIAN_POINT ( 'NONE',  ( -6.956804710593766927, 4.846750943013406143, 7.920318580140613740 ) ) ;
#649 = VERTEX_POINT ( 'NONE', #752 ) ;
#650 = DIRECTION ( 'NONE',  ( 0.000000000000000000, 0.000000000000000000, 1.000000000000000000 ) ) ;
#651 = CYLINDRICAL_SURFACE ( 'NONE', #2789, 0.9000000000000000222 ) ;
#652 = VERTEX_POINT ( 'NONE', #1648 ) ;
#653 = EDGE_CURVE ( 'NONE', #387, #1519, #138, .T. ) ;
#654 = CARTESIAN_POINT ( 'NONE',  ( 1.599730524176816715, 3.560087264838659671, -8.373155111881688484 ) ) ;
#655 = ORIENTED_EDGE ( 'NONE', *, *, #1388, .T. ) ;
#656 = ADVANCED_FACE ( 'NONE', ( #2509 ), #2387, .T. ) ;
#657 = FACE_OUTER_BOUND ( 'NONE', #1337, .T. ) ;
#658 = FACE_OUTER_BOUND ( 'NONE', #1536, .T. ) ;
#659 = DIRECTION ( 'NONE',  ( 0.000000000000000000, 1.000000000000000000, 0.000000000000000000 ) ) ;
#660 = CARTESIAN_POINT ( 'NONE',  ( -6.972434251927443150, 4.629609045400276734, 6.648534463648267945 ) ) ;
#661 = CARTESIAN_POINT ( 'NONE',  ( 5.515745848941174145, 3.967630753362192841, 8.357260463573942033 ) ) ;
#662 = CARTESIAN_POINT ( 'NONE',  ( 1.235471271963636930, 2.186811464869683697, 3.132207374257897747 ) ) ;
#663 = VERTEX_POINT ( 'NONE', #1605 ) ;
#664 = CARTESIAN_POINT ( 'NONE',  ( 7.862709860429190734, 3.392745889146626670, 0.9154886259927839109 ) ) ;
#665 = CARTESIAN_POINT ( 'NONE',  ( -10.38030571732368124, 4.881142307618436149, -3.118511771477131322 ) ) ;
#666 = VERTEX_POINT ( 'NONE', #518 ) ;
#667 = CARTESIAN_POINT ( 'NONE',  ( 0.2500000000000000000, 3.108141489845258842, 3.123185735657723505 ) ) ;
#668 = EDGE_CURVE ( 'NONE', #1997, #2265, #1173, .T. ) ;
#669 = ORIENTED_EDGE ( 'NONE', *, *, #618, .F. ) ;
#670 = CARTESIAN_POINT ( 'NONE',  ( 4.436700319399538905, 3.888920157119603704, -5.540636488583152719 ) ) ;
#671 = VECTOR ( 'NONE', #2729, 1000.000000000000000 ) ;
#672 = CARTESIAN_POINT ( 'NONE',  ( -10.08274900560356357, 4.816254974526746224, -1.976024059789855736 ) ) ;
#673 = EDGE_CURVE ( 'NONE', #1238, #2741, #2630, .T. ) ;
#674 = CIRCLE ( 'NONE', #2554, 2.700000000000000178 ) ;
#675 = ORIENTED_EDGE ( 'NONE', *, *, #1941, .T. ) ;
#676 = CARTESIAN_POINT ( 'NONE',  ( 9.700773062792169554, 4.013277671436199512, -3.098669295951729019 ) ) ;
#677 = CARTESIAN_POINT ( 'NONE',  ( -0.8252492230880008606, 4.137825532027853193, -10.62634153876374299 ) ) ;
#678 = CARTESIAN_POINT ( 'NONE',  ( 6.846070373645722462, 3.888920157119609033, 1.874642062333407688 ) ) ;
#679 = CARTESIAN_POINT ( 'NONE',  ( 4.236875967039741120, 3.922394763470725021, -5.831559480312301424 ) ) ;
#680 = CARTESIAN_POINT ( 'NONE',  ( 5.496162705967675421, 5.000000000000002665, 9.064818980461909703 ) ) ;
#681 = EDGE_LOOP ( 'NONE', ( #702, #1013, #2713, #271 ) ) ;
#682 = CARTESIAN_POINT ( 'NONE',  ( 9.511597456913991167, 4.616631415792730841, -1.232121884853156102 ) ) ;
#683 = CARTESIAN_POINT ( 'NONE',  ( -4.403533314256132214E-05, 3.290996647891851978, 3.110605088528824336 ) ) ;
#684 = ORIENTED_EDGE ( 'NONE', *, *, #2120, .F. ) ;
#685 = CARTESIAN_POINT ( 'NONE',  ( -9.723574098871205607, 4.007223406015252287, -2.950344892477169356 ) ) ;
#686 = EDGE_LOOP ( 'NONE', ( #1166, #1169, #1663, #2212 ) ) ;
#687 = CARTESIAN_POINT ( 'NONE',  ( 0.4179839112318222694, 2.619851244985772709, 3.401588299886814326 ) ) ;
#688 = EDGE_CURVE ( 'NONE', #763, #98, #2550, .T. ) ;
#689 = CARTESIAN_POINT ( 'NONE',  ( -9.715561842550158644, 4.001408011457967540, -2.900654824806918164 ) ) ;
#690 = AXIS2_PLACEMENT_3D ( 'NONE', #289, #1587, #981 ) ;
#691 = ADVANCED_FACE ( 'NONE', ( #614 ), #1143, .T. ) ;
#692 = ORIENTED_EDGE ( 'NONE', *, *, #2038, .T. ) ;
#693 = CARTESIAN_POINT ( 'NONE',  ( -5.809766453168177414, 4.005885676602939149, 8.330190865998346794 ) ) ;
#694 = DIRECTION ( 'NONE',  ( 0.2006368493126391150, 0.7071067811865502373, 0.6780448766106071945 ) ) ;
#695 = CARTESIAN_POINT ( 'NONE',  ( 1.214108048391775885, 2.466660036897448727, 4.241111458152972524 ) ) ;
#696 = CARTESIAN_POINT ( 'NONE',  ( 5.093285047927195386, 4.012904324918751264, -5.578143776368162499 ) ) ;
#697 = CARTESIAN_POINT ( 'NONE',  ( -1.724999999999999645, 1.382478405534206534, 2.077107363618934333 ) ) ;
#698 = B_SPLINE_CURVE_WITH_KNOTS ( 'NONE', 3,
 ( #2837, #868, #913, #1752, #2361, #235, #2641, #1737, #661, #1990 ),
 .UNSPECIFIED., .F., .F.,
 ( 4, 2, 2, 2, 4 ),
 ( 0.000000000000000000, 0.0002980951126043703383, 0.0005961902252087406765, 0.0008942853378131110148, 0.001192380450417481353 ),
 .UNSPECIFIED. ) ;
#699 = VERTEX_POINT ( 'NONE', #1067 ) ;
#700 = DIRECTION ( 'NONE',  ( -0.2837433534097419940, 0.000000000000000000, -0.9589002604003161734 ) ) ;
#701 = CARTESIAN_POINT ( 'NONE',  ( 0.2500000000000000000, 3.293082441334743038, 3.110605088528824336 ) ) ;
#702 = ORIENTED_EDGE ( 'NONE', *, *, #1476, .F. ) ;
#703 = CARTESIAN_POINT ( 'NONE',  ( 0.2500000000000000000, 3.088639619555468396, 3.045591379022118517 ) ) ;
#704 = EDGE_LOOP ( 'NONE', ( #2536, #2388, #1188, #396 ) ) ;
#705 = CARTESIAN_POINT ( 'NONE',  ( -1.149999999999999911, 1.317478221209520628, 1.384738242412623332 ) ) ;
#706 = CARTESIAN_POINT ( 'NONE',  ( -10.39726064907867098, 4.178418035019011434, -2.930677069074484997 ) ) ;
#707 = EDGE_CURVE ( 'NONE', #1422, #1912, #152, .T. ) ;
#708 = ORIENTED_EDGE ( 'NONE', *, *, #258, .F. ) ;
#709 = DIRECTION ( 'NONE',  ( -0.02646051115848327071, 0.000000000000000000, -0.9996498593753873063 ) ) ;
#710 = CARTESIAN_POINT ( 'NONE',  ( 1.149999999999999911, 0.000000000000000000, 1.384738242412623110 ) ) ;
#711 = EDGE_CURVE ( 'NONE', #98, #1861, #379, .T. ) ;
#712 = DIRECTION ( 'NONE',  ( 0.000000000000000000, -1.000000000000000000, 0.000000000000000000 ) ) ;
#713 = CARTESIAN_POINT ( 'NONE',  ( 9.471917699569406324, 4.065029421196331150, -4.282484610098159727 ) ) ;
#714 = ORIENTED_EDGE ( 'NONE', *, *, #2511, .F. ) ;
#715 = CARTESIAN_POINT ( 'NONE',  ( -0.6521739130434782705, 0.000000000000000000, 0.6374376799666064963 ) ) ;
#716 = DIRECTION ( 'NONE',  ( 0.5608633996559592161, 0.7071067811865452413, 0.4306184470344520121 ) ) ;
#717 = ORIENTED_EDGE ( 'NONE', *, *, #2436, .F. ) ;
#718 = CARTESIAN_POINT ( 'NONE',  ( -0.2500000000000000000, 3.072357874296240521, 2.980563121308767105 ) ) ;
#719 = EDGE_LOOP ( 'NONE', ( #2492, #1613, #1744, #2474, #893 ) ) ;
#720 = CARTESIAN_POINT ( 'NONE',  ( 4.401807010912309082, 3.190317696170851480, -5.591437432394819496 ) ) ;
#721 = FACE_OUTER_BOUND ( 'NONE', #2478, .T. ) ;
#722 = AXIS2_PLACEMENT_3D ( 'NONE', #126, #2061, #1667 ) ;
#723 = VECTOR ( 'NONE', #910, 1000.000000000000000 ) ;
#724 = CARTESIAN_POINT ( 'NONE',  ( -6.242297213895217745, 3.946921730866589595, 7.730168973655061393 ) ) ;
#725 = CARTESIAN_POINT ( 'NONE',  ( 1.149999999999999911, 0.000000000000000000, 2.284738242412623244 ) ) ;
#726 = ORIENTED_EDGE ( 'NONE', *, *, #1918, .T. ) ;
#727 = CARTESIAN_POINT ( 'NONE',  ( 7.658828150864356310, 3.695972679917641557, -4.818986819792841381 ) ) ;
#728 = EDGE_CURVE ( 'NONE', #2726, #1586, #2060, .T. ) ;
#729 = ORIENTED_EDGE ( 'NONE', *, *, #189, .T. ) ;
#730 = CARTESIAN_POINT ( 'NONE',  ( -6.027353027138907748, 5.500000000000000000, -10.15954270441292095 ) ) ;
#731 = LINE ( 'NONE', #304, #1537 ) ;
#732 = ORIENTED_EDGE ( 'NONE', *, *, #2718, .T. ) ;
#733 = LINE ( 'NONE', #1602, #2475 ) ;
#734 = EDGE_CURVE ( 'NONE', #801, #2650, #391, .T. ) ;
#735 = ORIENTED_EDGE ( 'NONE', *, *, #1677, .T. ) ;
#736 = CARTESIAN_POINT ( 'NONE',  ( 6.995637495030756270, 4.816254974526746224, 7.525128213724185500 ) ) ;
#737 = DIRECTION ( 'NONE',  ( 0.000000000000000000, 0.000000000000000000, -1.000000000000000000 ) ) ;
#738 = CARTESIAN_POINT ( 'NONE',  ( -0.2500000000000000000, 3.056144708529844767, 2.915517796436948750 ) ) ;
#739 = CYLINDRICAL_SURFACE ( 'NONE', #2243, 1.499999999999999556 ) ;
#740 = LINE ( 'NONE', #2262, #586 ) ;
#741 = AXIS2_PLACEMENT_3D ( 'NONE', #2760, #1428, #995 ) ;
#742 = ORIENTED_EDGE ( 'NONE', *, *, #673, .F. ) ;
#743 = DIRECTION ( 'NONE',  ( -0.000000000000000000, 1.000000000000000000, -0.000000000000000000 ) ) ;
#744 = ORIENTED_EDGE ( 'NONE', *, *, #1476, .T. ) ;
#745 = CARTESIAN_POINT ( 'NONE',  ( -6.066827221816086357, 4.013267847640748620, 8.179672755680941876 ) ) ;
#746 = CARTESIAN_POINT ( 'NONE',  ( -6.873623383669304587, 3.267538914982115017, 2.915565362346705047 ) ) ;
#747 = ORIENTED_EDGE ( 'NONE', *, *, #427, .F. ) ;
#748 = CARTESIAN_POINT ( 'NONE',  ( -0.8418035140526897164, 4.012904324918767252, 7.506570949042115970 ) ) ;
#749 = CIRCLE ( 'NONE', #515, 1.499999999999999556 ) ;
#750 = EDGE_CURVE ( 'NONE', #1934, #2308, #560, .T. ) ;
#751 = ORIENTED_EDGE ( 'NONE', *, *, #734, .F. ) ;
#752 = CARTESIAN_POINT ( 'NONE',  ( 5.422851651424217323, 3.946921730866585154, 8.325531024175489847 ) ) ;
#753 = DIRECTION ( 'NONE',  ( 0.000000000000000000, 0.000000000000000000, 1.000000000000000000 ) ) ;
#754 = FACE_OUTER_BOUND ( 'NONE', #686, .T. ) ;
#755 = CARTESIAN_POINT ( 'NONE',  ( 0.2500000000000641154, 1.594245000800399437, 2.859932421001091907 ) ) ;
#756 = CARTESIAN_POINT ( 'NONE',  ( -6.477963581005389493, 4.882610914951628800, 8.705468968140300134 ) ) ;
#757 = DIRECTION ( 'NONE',  ( -0.000000000000000000, 1.000000000000000000, -0.000000000000000000 ) ) ;
#758 = ORIENTED_EDGE ( 'NONE', *, *, #1941, .F. ) ;
#759 = VERTEX_POINT ( 'NONE', #1259 ) ;
#760 =( BOUNDED_SURFACE ( )  B_SPLINE_SURFACE ( 3, 2, ( 
 ( #1111, #1808, #2446 ),
 ( #877, #230, #1955 ),
 ( #260, #2686, #455 ),
 ( #1793, #2670, #1358 ),
 ( #1557, #1748, #486 ),
 ( #670, #720, #503 ) ),
 .UNSPECIFIED., .F., .F., .F. ) 
 B_SPLINE_SURFACE_WITH_KNOTS ( ( 4, 2, 4 ),
 ( 3, 3 ),
 ( 0.000000000000000000, 0.002856917329923054638, 0.005713834659846109276 ),
 ( 0.000000000000000000, 1.000000000000000000 ),
 .UNSPECIFIED. ) 
 GEOMETRIC_REPRESENTATION_ITEM ( )  RATIONAL_B_SPLINE_SURFACE ( (
 ( 1.000000000000000000, 0.7606641873261102971, 1.000000000000000000),
 ( 1.000000000000000000, 0.7646006905912644536, 1.000000000000000000),
 ( 1.000000000000000000, 0.7692918713867955560, 1.000000000000000000),
 ( 1.000000000000000000, 0.7793880885368200673, 1.000000000000000000),
 ( 1.000000000000000000, 0.7848477781066194314, 1.000000000000000000),
 ( 1.000000000000000000, 0.7887930771276833175, 1.000000000000000000) ) ) 
 REPRESENTATION_ITEM ( '' )  SURFACE ( )  );
#761 = CARTESIAN_POINT ( 'NONE',  ( -5.616113894124945993, 3.984396705940977057, 8.365866508559429704 ) ) ;
#762 = PLANE ( 'NONE',  #1359 ) ;
#763 = VERTEX_POINT ( 'NONE', #414 ) ;
#764 = DIRECTION ( 'NONE',  ( 1.000000000000000000, 0.000000000000000000, -0.000000000000000000 ) ) ;
#765 = CARTESIAN_POINT ( 'NONE',  ( 6.025927543753942572, 4.013299046171993290, 8.209541484019069912 ) ) ;
#766 = EDGE_CURVE ( 'NONE', #630, #1573, #1033, .T. ) ;
#767 = DIRECTION ( 'NONE',  ( 0.2362261580724146770, 0.7071067811865439090, 0.6664812092192484716 ) ) ;
#768 = EDGE_CURVE ( 'NONE', #1861, #254, #2424, .T. ) ;
#769 = CARTESIAN_POINT ( 'NONE',  ( 0.2500000000000000000, 1.725395110565017820, 1.441373548752406641 ) ) ;
#770 = DIRECTION ( 'NONE',  ( -0.000000000000000000, 1.000000000000000000, 0.000000000000000000 ) ) ;
#771 = AXIS2_PLACEMENT_3D ( 'NONE', #705, #1779, #2176 ) ;
#772 = CARTESIAN_POINT ( 'NONE',  ( -1.416379371467818338, 2.016857347417579049, 2.675108817231864666 ) ) ;
#773 = ORIENTED_EDGE ( 'NONE', *, *, #139, .F. ) ;
#774 = VERTEX_POINT ( 'NONE', #1892 ) ;
#775 = DIRECTION ( 'NONE',  ( 0.2837433534097412169, 0.000000000000000000, 0.9589002604003163954 ) ) ;
#776 = FACE_OUTER_BOUND ( 'NONE', #704, .T. ) ;
#777 = ORIENTED_EDGE ( 'NONE', *, *, #605, .F. ) ;
#778 = CARTESIAN_POINT ( 'NONE',  ( -9.013607423117825590, 4.453674048553375897, -0.5835096731069943088 ) ) ;
#779 = CARTESIAN_POINT ( 'NONE',  ( 7.001975366844883197, 4.836647600037890626, 7.764566243843233018 ) ) ;
#780 = CARTESIAN_POINT ( 'NONE',  ( -3.731218350340914203, 4.012904324918755705, -6.567743158144442539 ) ) ;
#781 = DIRECTION ( 'NONE',  ( 0.000000000000000000, 0.000000000000000000, -1.000000000000000000 ) ) ;
#782 = EDGE_CURVE ( 'NONE', #759, #1807, #834, .T. ) ;
#783 = CARTESIAN_POINT ( 'NONE',  ( -0.2500000000000000000, 3.241481274537965973, 3.650277690543474840 ) ) ;
#784 = CARTESIAN_POINT ( 'NONE',  ( 1.469294935432741367, 1.951382877766429713, 2.564389851113609620 ) ) ;
#785 = CARTESIAN_POINT ( 'NONE',  ( -9.176721419365101440, 5.500000000000000000, -3.848403992196416379 ) ) ;
#786 = CARTESIAN_POINT ( 'NONE',  ( -1.319098007392704774, 2.122185658822023147, 2.901286116253091851 ) ) ;
#787 = VECTOR ( 'NONE', #2112, 1000.000000000000000 ) ;
#788 = ADVANCED_FACE ( 'NONE', ( #1705 ), #190, .T. ) ;
#789 = ORIENTED_EDGE ( 'NONE', *, *, #1137, .F. ) ;
#790 = CARTESIAN_POINT ( 'NONE',  ( -0.1961635458528178944, 4.005885676602925827, -10.15416101741537247 ) ) ;
#791 = ORIENTED_EDGE ( 'NONE', *, *, #1472, .F. ) ;
#792 = VECTOR ( 'NONE', #276, 1000.000000000000000 ) ;
#793 = CARTESIAN_POINT ( 'NONE',  ( 10.21816693388220010, 4.835893390466066144, -2.176451128133862323 ) ) ;
#794 = CIRCLE ( 'NONE', #604, 0.8999999999999999112 ) ;
#795 = CARTESIAN_POINT ( 'NONE',  ( 5.467770945797154170, 4.853502510098429923, 9.083827944591101655 ) ) ;
#796 = FACE_OUTER_BOUND ( 'NONE', #876, .T. ) ;
#797 = CARTESIAN_POINT ( 'NONE',  ( -4.119968255444916849E-15, 5.500000000000000000, -9.350630497331502866 ) ) ;
#798 = LINE ( 'NONE', #2316, #263 ) ;
#799 = DIRECTION ( 'NONE',  ( 0.6089864480041603523, 0.000000000000000000, -0.7931806264321362709 ) ) ;
#800 = CARTESIAN_POINT ( 'NONE',  ( -1.642883547783549725, 1.666465629633274492, 2.229152888718419767 ) ) ;
#801 = VERTEX_POINT ( 'NONE', #1020 ) ;
#802 = VERTEX_POINT ( 'NONE', #401 ) ;
#803 = CARTESIAN_POINT ( 'NONE',  ( -0.7860409901853548931, 2.399962455245075788, 3.816710806993480976 ) ) ;
#804 = EDGE_CURVE ( 'NONE', #2069, #1322, #1926, .T. ) ;
#805 = DIRECTION ( 'NONE',  ( 4.125493444811951416E-15, 0.6858932908903467851, -0.7277021324083158271 ) ) ;
#806 = B_SPLINE_CURVE_WITH_KNOTS ( 'NONE', 3,
 ( #174, #2534, #1901, #2561, #1714, #597 ),
 .UNSPECIFIED., .F., .F.,
 ( 4, 2, 4 ),
 ( 8.810078073168312016E-20, 0.002687190208182732229, 0.005374380416365465325 ),
 .UNSPECIFIED. ) ;
#807 = CARTESIAN_POINT ( 'NONE',  ( -5.162088469434438665, 5.500000000000000000, 8.507365745606573881 ) ) ;
#808 = B_SPLINE_CURVE_WITH_KNOTS ( 'NONE', 3,
 ( #2537, #1890, #793, #2363, #1917, #624, #2110, #164, #612, #1481, #187, #1468, #1258, #574, #1268, #2548 ),
 .UNSPECIFIED., .F., .F.,
 ( 4, 2, 2, 2, 2, 2, 2, 4 ),
 ( 0.000000000000000000, 0.0003619523874338529778, 0.0007239047748677059557, 0.001085857162301558879, 0.001447809549735411911, 0.001809761937169264727, 0.002171714324603117759, 0.002895619099470827726 ),
 .UNSPECIFIED. ) ;
#809 = CARTESIAN_POINT ( 'NONE',  ( 1.167404399092063727, 4.826634822600530228, -10.30038343009307766 ) ) ;
#810 = CARTESIAN_POINT ( 'NONE',  ( 9.606531997743898543, 3.874222866748826100, -1.355770348320928465 ) ) ;
#811 = B_SPLINE_CURVE_WITH_KNOTS ( 'NONE', 3,
 ( #1395, #697, #2422, #2439, #238, #465, #1104, #1333, #478, #1993, #1365, #2233 ),
 .UNSPECIFIED., .F., .F.,
 ( 4, 2, 2, 2, 2, 4 ),
 ( 0.000000000000000000, 0.0001929693493424709686, 0.0003859386986849419371, 0.0007718773973698839826, 0.001157816096054826082, 0.001543754794739768399 ),
 .UNSPECIFIED. ) ;
#812 = CARTESIAN_POINT ( 'NONE',  ( 6.929220305957546344, 4.853229595385367467, 8.018944030712921389 ) ) ;
#813 = CARTESIAN_POINT ( 'NONE',  ( 4.995051351167724363, 5.000000000000002665, 8.978639128178924622 ) ) ;
#814 = CARTESIAN_POINT ( 'NONE',  ( -5.295718164047758414, 4.816254974526752441, 8.130347039548698973 ) ) ;
#815 = CARTESIAN_POINT ( 'NONE',  ( -0.2499999999999993339, 1.317478221209521516, 3.302068116522410168 ) ) ;
#816 = EDGE_LOOP ( 'NONE', ( #884, #53, #1731, #890 ) ) ;
#817 = VERTEX_POINT ( 'NONE', #178 ) ;
#818 = CARTESIAN_POINT ( 'NONE',  ( -6.242297213895217745, 3.946921730866590483, 7.730168973655062281 ) ) ;
#819 = CARTESIAN_POINT ( 'NONE',  ( 0.000000000000000000, 2.008072510390587428, 0.000000000000000000 ) ) ;
#820 = AXIS2_PLACEMENT_3D ( 'NONE', #847, #339, #781 ) ;
#821 = CONICAL_SURFACE ( 'NONE', #1180, 1.000000000000005995, 0.7853981633974458365 ) ;
#822 = ADVANCED_FACE ( 'NONE', ( #1717 ), #1482, .T. ) ;
#823 = DIRECTION ( 'NONE',  ( 0.000000000000000000, 0.000000000000000000, 1.000000000000000000 ) ) ;
#824 = CARTESIAN_POINT ( 'NONE',  ( 5.496162705967676310, 4.853610981312450612, 9.064818980461909703 ) ) ;
#825 = CARTESIAN_POINT ( 'NONE',  ( 1.235471271963634265, 2.186811464869682808, 3.132207374257895971 ) ) ;
#826 = CARTESIAN_POINT ( 'NONE',  ( 9.686158692387468960, 5.500000000000000000, -2.280517283791906991 ) ) ;
#827 = CARTESIAN_POINT ( 'NONE',  ( -0.2499999999999537315, 1.276209815900403832, 2.989999929110209731 ) ) ;
#828 = ORIENTED_EDGE ( 'NONE', *, *, #2101, .F. ) ;
#829 = DIRECTION ( 'NONE',  ( -0.5828588021056132495, 0.7071067811865453523, -0.4003443727692605481 ) ) ;
#830 = CARTESIAN_POINT ( 'NONE',  ( 0.4812867782405380601, 4.875152600222492083, -10.77655898213011199 ) ) ;
#831 = CARTESIAN_POINT ( 'NONE',  ( -0.5064452095373179752, 3.946921730866574496, -9.922968311830834054 ) ) ;
#832 = CARTESIAN_POINT ( 'NONE',  ( 0.2500000000000000000, 3.293082441334743038, 3.110605088528824336 ) ) ;
#833 = VECTOR ( 'NONE', #848, 1000.000000000000000 ) ;
#834 = LINE ( 'NONE', #1905, #833 ) ;
#835 = EDGE_CURVE ( 'NONE', #2781, #652, #2725, .T. ) ;
#836 = B_SPLINE_CURVE_WITH_KNOTS ( 'NONE', 3,
 ( #2063, #117, #1048, #2638, #1071, #1933, #231, #1097, #852, #2396 ),
 .UNSPECIFIED., .F., .F.,
 ( 4, 2, 2, 2, 4 ),
 ( 0.000000000000000000, 0.0002980951126043703925, 0.0005961902252087407849, 0.0008942853378131111232, 0.001192380450417481570 ),
 .UNSPECIFIED. ) ;
#837 = CARTESIAN_POINT ( 'NONE',  ( -3.832723324861733172, 3.019586913459447075, -5.218827132726660878 ) ) ;
#838 = B_SPLINE_CURVE_WITH_KNOTS ( 'NONE', 3,
 ( #1811, #2690, #1038, #2290 ),
 .UNSPECIFIED., .F., .F.,
 ( 4, 4 ),
 ( 0.002387374733932209545, 0.002895619099470826859 ),
 .UNSPECIFIED. ) ;
#839 = VECTOR ( 'NONE', #2563, 1000.000000000000000 ) ;
#840 = CARTESIAN_POINT ( 'NONE',  ( 3.210509157021080901E-15, 2.421663404166913391, 4.243542229121090692 ) ) ;
#841 = CARTESIAN_POINT ( 'NONE',  ( -4.119968255444916849E-15, 5.500000000000000000, -9.350630497331502866 ) ) ;
#842 = ORIENTED_EDGE ( 'NONE', *, *, #2802, .T. ) ;
#843 = CARTESIAN_POINT ( 'NONE',  ( 10.02370985524630420, 4.870741255560607996, -3.882502568920849662 ) ) ;
#844 = DIRECTION ( 'NONE',  ( 0.2837433534097452137, 0.000000000000000000, -0.9589002604003152852 ) ) ;
#845 = CARTESIAN_POINT ( 'NONE',  ( 0.4945720937317720223, 4.816254974526735566, -9.690333962285523128 ) ) ;
#846 = FACE_OUTER_BOUND ( 'NONE', #2203, .T. ) ;
#847 = CARTESIAN_POINT ( 'NONE',  ( -8.892978065955357891, 5.500000000000000000, -2.889503731796094321 ) ) ;
#848 = DIRECTION ( 'NONE',  ( -0.000000000000000000, 1.000000000000000000, -0.000000000000000000 ) ) ;
#849 =( BOUNDED_SURFACE ( )  B_SPLINE_SURFACE ( 3, 2, ( 
 ( #1397, #2711, #1350 ),
 ( #2218, #1184, #2013 ),
 ( #480, #932, #107 ),
 ( #1569, #272, #1133 ),
 ( #2488, #66, #1382 ),
 ( #2266, #2664, #317 ) ),
 .UNSPECIFIED., .F., .F., .F. ) 
 B_SPLINE_SURFACE_WITH_KNOTS ( ( 4, 2, 4 ),
 ( 3, 3 ),
 ( 0.01927558702408998029, 0.02041944150010759768, 0.02156329597612521506 ),
 ( 0.000000000000000000, 1.000000000000000000 ),
 .UNSPECIFIED. ) 
 GEOMETRIC_REPRESENTATION_ITEM ( )  RATIONAL_B_SPLINE_SURFACE ( (
 ( 1.000000000000000000, 0.6129569314444810457, 1.000000000000000000),
 ( 1.000000000000000000, 0.6103343857341804179, 1.000000000000000000),
 ( 1.000000000000000000, 0.6087674268640422826, 1.000000000000000000),
 ( 1.000000000000000000, 0.6087554666720170760, 1.000000000000000000),
 ( 1.000000000000000000, 0.6103127550695286452, 1.000000000000000000),
 ( 1.000000000000000000, 0.6129576604076749646, 1.000000000000000000) ) ) 
 REPRESENTATION_ITEM ( '' )  SURFACE ( )  );
#850 = CARTESIAN_POINT ( 'NONE',  ( 6.956563132407315386, 4.846829941519542828, 7.921449535408148890 ) ) ;
#851 = EDGE_CURVE ( 'NONE', #2320, #2027, #1353, .T. ) ;
#852 = CARTESIAN_POINT ( 'NONE',  ( 9.652686226233706535, 3.967630753362182183, -2.663250522201253023 ) ) ;
#853 = EDGE_CURVE ( 'NONE', #525, #1844, #2634, .T. ) ;
#854 = ORIENTED_EDGE ( 'NONE', *, *, #139, .T. ) ;
#855 = CARTESIAN_POINT ( 'NONE',  ( 0.5250000000000000222, 4.899999999999999467, -0.6500000000000000222 ) ) ;
#856 = CARTESIAN_POINT ( 'NONE',  ( -0.5301635123701776697, 4.170125270833404230, -10.75958705456968545 ) ) ;
#857 = DIRECTION ( 'NONE',  ( 2.650271977186788704E-15, 0.000000000000000000, 1.000000000000000000 ) ) ;
#858 = CARTESIAN_POINT ( 'NONE',  ( 9.318593096069943016, 4.816254974526736454, -4.327854122396544767 ) ) ;
#859 = CARTESIAN_POINT ( 'NONE',  ( 3.363592747380323544, 3.695972679917458592, 8.400388469801873370 ) ) ;
#860 = AXIS2_PLACEMENT_3D ( 'NONE', #296, #520, #310 ) ;
#861 = CARTESIAN_POINT ( 'NONE',  ( 1.087659206120068500, 4.835893390466067032, -10.39061463308022581 ) ) ;
#862 = AXIS2_PLACEMENT_3D ( 'NONE', #2198, #250, #1531 ) ;
#863 = ORIENTED_EDGE ( 'NONE', *, *, #835, .F. ) ;
#864 = LINE ( 'NONE', #2380, #638 ) ;
#865 = CARTESIAN_POINT ( 'NONE',  ( 0.8099875723108184156, 2.436579954240021273, 4.240205048935160370 ) ) ;
#866 = CARTESIAN_POINT ( 'NONE',  ( -1.149999999999999911, 5.500000000000000000, 2.284738242412623244 ) ) ;
#867 = CARTESIAN_POINT ( 'NONE',  ( 9.648666752415397951, 4.011787139860758522, -3.239836621089980273 ) ) ;
#868 = CARTESIAN_POINT ( 'NONE',  ( 6.243767866658875398, 3.967631434606087470, 7.828324770352057982 ) ) ;
#869 = EDGE_CURVE ( 'NONE', #1426, #1322, #51, .T. ) ;
#870 = CARTESIAN_POINT ( 'NONE',  ( -5.496162705969350526, 4.853610981312551864, 9.064818980461890163 ) ) ;
#871 = CARTESIAN_POINT ( 'NONE',  ( 6.640474234532934616, 3.888920157119609478, 2.507401914987629432 ) ) ;
#872 = CARTESIAN_POINT ( 'NONE',  ( 0.2499999999999999445, 2.585112037120679940, 2.001964738593859039 ) ) ;
#873 = AXIS2_PLACEMENT_3D ( 'NONE', #72, #2464, #1323 ) ;
#874 = CARTESIAN_POINT ( 'NONE',  ( 0.2500000000000000000, 3.056144708529846987, 2.915517796436957187 ) ) ;
#875 = AXIS2_PLACEMENT_3D ( 'NONE', #1849, #123, #764 ) ;
#876 = EDGE_LOOP ( 'NONE', ( #570, #1545, #1712, #992 ) ) ;
#877 = CARTESIAN_POINT ( 'NONE',  ( 1.767427710380690797, 4.616631415791847992, -9.426813343335039619 ) ) ;
#878 = FACE_OUTER_BOUND ( 'NONE', #1522, .T. ) ;
#879 = CIRCLE ( 'NONE', #70, 0.6500000000000000222 ) ;
#880 = CARTESIAN_POINT ( 'NONE',  ( 0.5250000000000000222, 8.185609800399156200, 0.6500000000000000222 ) ) ;
#881 = CARTESIAN_POINT ( 'NONE',  ( 8.892978065955327693, 5.500000000000000000, -2.889503731796071673 ) ) ;
#882 = CARTESIAN_POINT ( 'NONE',  ( -0.2435870465931354312, 4.001408011457960434, -10.13640003550687574 ) ) ;
#883 = CARTESIAN_POINT ( 'NONE',  ( 6.896148210447476501, 4.107236758687564659, 3.766529268021360455 ) ) ;
#884 = ORIENTED_EDGE ( 'NONE', *, *, #618, .T. ) ;
#885 = DIRECTION ( 'NONE',  ( 0.000000000000000000, -1.000000000000000000, 0.000000000000000000 ) ) ;
#886 = CARTESIAN_POINT ( 'NONE',  ( -10.02517039873778337, 4.870828349748396846, -3.880795797629805755 ) ) ;
#887 = ORIENTED_EDGE ( 'NONE', *, *, #2350, .F. ) ;
#888 = DIRECTION ( 'NONE',  ( 0.9425467651446767237, 0.000000000000000000, -0.3340742365332977082 ) ) ;
#889 = EDGE_CURVE ( 'NONE', #1835, #2485, #24, .T. ) ;
#890 = ORIENTED_EDGE ( 'NONE', *, *, #2547, .F. ) ;
#891 = CARTESIAN_POINT ( 'NONE',  ( 1.214205016591350494, 2.464969063223616086, 4.234518972224779354 ) ) ;
#892 = CARTESIAN_POINT ( 'NONE',  ( -9.372555455722059392, 3.967177921003134600, -3.519724278815740792 ) ) ;
#893 = ORIENTED_EDGE ( 'NONE', *, *, #481, .F. ) ;
#894 = B_SPLINE_CURVE_WITH_KNOTS ( 'NONE', 3,
 ( #531, #322, #2079, #2031, #1806, #718, #110 ),
 .UNSPECIFIED., .F., .F.,
 ( 4, 3, 4 ),
 ( -1.945802664074021781E-05, 0.000000000000000000, 0.0002011065620178295414 ),
 .UNSPECIFIED. ) ;
#895 = CARTESIAN_POINT ( 'NONE',  ( 3.210509157021080901E-15, 2.421663404166913391, 4.243542229121090692 ) ) ;
#896 = PLANE ( 'NONE',  #862 ) ;
#897 = CARTESIAN_POINT ( 'NONE',  ( 6.949836872518844189, 3.695972679917618020, 5.794829597078691386 ) ) ;
#898 = CARTESIAN_POINT ( 'NONE',  ( 7.635139966348770457, 4.453674048553365239, -4.825996271336833843 ) ) ;
#899 = CARTESIAN_POINT ( 'NONE',  ( -3.017990713324496344E-14, 0.000000000000000000, 7.208203932499416489 ) ) ;
#900 = ORIENTED_EDGE ( 'NONE', *, *, #1998, .T. ) ;
#901 = CARTESIAN_POINT ( 'NONE',  ( -10.39173746327742620, 4.870879398066758625, -2.754251126578274089 ) ) ;
#902 = ORIENTED_EDGE ( 'NONE', *, *, #964, .F. ) ;
#903 = EDGE_CURVE ( 'NONE', #1069, #937, #920, .T. ) ;
#904 = CARTESIAN_POINT ( 'NONE',  ( 0.2500000000000000000, 3.104979099596938852, 3.110605088528824336 ) ) ;
#905 = EDGE_CURVE ( 'NONE', #2741, #1954, #1413, .T. ) ;
#906 = ORIENTED_EDGE ( 'NONE', *, *, #946, .F. ) ;
#907 = DIRECTION ( 'NONE',  ( -0.000000000000000000, 1.000000000000000000, -0.000000000000000000 ) ) ;
#908 = CIRCLE ( 'NONE', #1405, 1.499999999999999556 ) ;
#909 = CARTESIAN_POINT ( 'NONE',  ( 0.5250000000000000222, 8.185609800399156200, -3.214697847761803062E-17 ) ) ;
#910 = DIRECTION ( 'NONE',  ( -0.000000000000000000, 1.000000000000000000, -0.000000000000000000 ) ) ;
#911 = CARTESIAN_POINT ( 'NONE',  ( 0.2500000000000006661, 1.317478221209520850, 3.302068116522406616 ) ) ;
#912 = LINE ( 'NONE', #2261, #2020 ) ;
#913 = CARTESIAN_POINT ( 'NONE',  ( 6.220937221790921789, 3.984396705940971728, 7.926436639080352897 ) ) ;
#914 = CARTESIAN_POINT ( 'NONE',  ( -0.5250000000000000222, 0.000000000000000000, -0.6500000000000000222 ) ) ;
#915 = CARTESIAN_POINT ( 'NONE',  ( 5.422851651424217323, 3.946921730866585154, 8.325531024175489847 ) ) ;
#916 = CARTESIAN_POINT ( 'NONE',  ( 9.280803497490232701, 3.946921730866573608, -3.548023859676706859 ) ) ;
#917 = ORIENTED_EDGE ( 'NONE', *, *, #1578, .T. ) ;
#918 = CARTESIAN_POINT ( 'NONE',  ( -10.08274900560356535, 4.816254974526746224, -1.976024059789855958 ) ) ;
#919 = ORIENTED_EDGE ( 'NONE', *, *, #258, .T. ) ;
#920 = LINE ( 'NONE', #2668, #2663 ) ;
#921 = EDGE_CURVE ( 'NONE', #2411, #1384, #1777, .T. ) ;
#922 = ORIENTED_EDGE ( 'NONE', *, *, #905, .T. ) ;
#923 = CARTESIAN_POINT ( 'NONE',  ( -5.496162705967736706, 5.500000000000000000, 7.564818980461891051 ) ) ;
#924 = EDGE_CURVE ( 'NONE', #91, #763, #1538, .T. ) ;
#925 = FACE_OUTER_BOUND ( 'NONE', #1263, .T. ) ;
#926 = VECTOR ( 'NONE', #993, 999.9999999999998863 ) ;
#927 = ORIENTED_EDGE ( 'NONE', *, *, #1391, .T. ) ;
#928 = CARTESIAN_POINT ( 'NONE',  ( -6.545970372922549352, 4.189261976790425557, 8.641926441952149318 ) ) ;
#929 = CARTESIAN_POINT ( 'NONE',  ( 6.847701139664621905, 3.190317696170857698, 1.936250661339819823 ) ) ;
#930 = CARTESIAN_POINT ( 'NONE',  ( 6.949183205504154692, 4.453674048553374121, 5.770134755188387032 ) ) ;
#931 = EDGE_LOOP ( 'NONE', ( #256, #1671, #675, #1568 ) ) ;
#932 = CARTESIAN_POINT ( 'NONE',  ( -0.4234275992652105081, 2.118177565053333655, 3.110605088528824780 ) ) ;
#933 = CARTESIAN_POINT ( 'NONE',  ( -6.899176611926366220, 3.392745889146628890, 3.880939042429613739 ) ) ;
#934 = ORIENTED_EDGE ( 'NONE', *, *, #1014, .F. ) ;
#935 = CARTESIAN_POINT ( 'NONE',  ( -1.149999999999999911, 5.500000000000000000, 1.384738242412623110 ) ) ;
#936 = AXIS2_PLACEMENT_3D ( 'NONE', #2472, #1598, #2680 ) ;
#937 = VERTEX_POINT ( 'NONE', #2016 ) ;
#938 = DIRECTION ( 'NONE',  ( 0.000000000000000000, 0.000000000000000000, 1.000000000000000000 ) ) ;
#939 = B_SPLINE_CURVE_WITH_KNOTS ( 'NONE', 3,
 ( #840, #205, #865, #1082 ),
 .UNSPECIFIED., .F., .F.,
 ( 4, 4 ),
 ( 0.001215010543820838930, 0.002430021215902924102 ),
 .UNSPECIFIED. ) ;
#940 = DIRECTION ( 'NONE',  ( 0.000000000000000000, -1.000000000000000000, 0.000000000000000000 ) ) ;
#941 = ADVANCED_FACE ( 'NONE', ( #1745 ), #2618, .T. ) ;
#942 = B_SPLINE_CURVE_WITH_KNOTS ( 'NONE', 3,
 ( #2122, #2586, #2758, #1876, #2811, #377 ),
 .UNSPECIFIED., .F., .F.,
 ( 4, 2, 4 ),
 ( 0.0005956790631562786011, 0.0008940297567868803023, 0.001192380450417482004 ),
 .UNSPECIFIED. ) ;
#943 = CARTESIAN_POINT ( 'NONE',  ( -6.566690361575070689, 4.881111650490415954, 8.622590007314627769 ) ) ;
#944 = CARTESIAN_POINT ( 'NONE',  ( 1.149999999999999911, 1.317478221209520628, 1.384738242412623110 ) ) ;
#945 = ORIENTED_EDGE ( 'NONE', *, *, #1736, .T. ) ;
#946 = EDGE_CURVE ( 'NONE', #1027, #2543, #2325, .T. ) ;
#947 = CARTESIAN_POINT ( 'NONE',  ( 8.568749459419885639, 3.874222866749880811, -4.549736581691077753 ) ) ;
#948 = EDGE_LOOP ( 'NONE', ( #2040, #1394, #2652, #229 ) ) ;
#949 = CARTESIAN_POINT ( 'NONE',  ( -0.4499889089753961180, 3.967613678503708829, -10.00317362195820081 ) ) ;
#950 = CARTESIAN_POINT ( 'NONE',  ( -6.147776194117209769, 3.019586913459456401, 2.032430218548558098 ) ) ;
#951 = ORIENTED_EDGE ( 'NONE', *, *, #2787, .T. ) ;
#952 = CARTESIAN_POINT ( 'NONE',  ( 4.236875967039741120, 3.922394763470725021, -5.831559480312301424 ) ) ;
#953 = ORIENTED_EDGE ( 'NONE', *, *, #983, .F. ) ;
#954 = CARTESIAN_POINT ( 'NONE',  ( 5.901299244884880224, 4.011778406719149537, 8.292607573751407557 ) ) ;
#955 = DIRECTION ( 'NONE',  ( -0.5537674559730524360, -0.2081837199595087950, 0.8062264839664808891 ) ) ;
#956 = AXIS2_PLACEMENT_3D ( 'NONE', #2665, #226, #1535 ) ;
#957 = AXIS2_PLACEMENT_3D ( 'NONE', #880, #2608, #2624 ) ;
#958 = CARTESIAN_POINT ( 'NONE',  ( 1.219612441863202834, 2.370814443392172510, 3.867418355076048364 ) ) ;
#959 = CIRCLE ( 'NONE', #1079, 0.9000000000000000222 ) ;
#960 = EDGE_LOOP ( 'NONE', ( #729, #2583, #5, #508 ) ) ;
#961 = CARTESIAN_POINT ( 'NONE',  ( -8.376050260260127445, 3.747178236936100859, -3.827081717007053019 ) ) ;
#962 = ORIENTED_EDGE ( 'NONE', *, *, #124, .T. ) ;
#963 = CARTESIAN_POINT ( 'NONE',  ( -5.251492305404392269, 5.500000000000000000, 4.816398702291637690 ) ) ;
#964 = EDGE_CURVE ( 'NONE', #1156, #33, #1093, .T. ) ;
#965 = DIRECTION ( 'NONE',  ( -0.6089864480041602413, 0.000000000000000000, 0.7931806264321362709 ) ) ;
#966 = APPLICATION_CONTEXT ( 'automotive_design' ) ;
#967 = VERTEX_POINT ( 'NONE', #2409 ) ;
#968 = CARTESIAN_POINT ( 'NONE',  ( 7.310083302544323480, 4.549394296387963443, 2.375190046099986851 ) ) ;
#969 = ORIENTED_EDGE ( 'NONE', *, *, #1026, .F. ) ;
#970 = CARTESIAN_POINT ( 'NONE',  ( 5.422851651424217323, 3.946921730866584266, 8.325531024175489847 ) ) ;
#971 = DIRECTION ( 'NONE',  ( 0.000000000000000000, 0.000000000000000000, 1.000000000000000000 ) ) ;
#972 = CARTESIAN_POINT ( 'NONE',  ( 1.319398377758397967, 2.121869190346453493, 2.900575888451518480 ) ) ;
#973 = CARTESIAN_POINT ( 'NONE',  ( -6.127714268556323063, 4.005819356673424814, 8.098862994136402094 ) ) ;
#974 = CARTESIAN_POINT ( 'NONE',  ( 0.2500000000000000000, 3.109723489824535392, 3.129475856833196179 ) ) ;
#975 = ORIENTED_EDGE ( 'NONE', *, *, #395, .T. ) ;
#976 = ORIENTED_EDGE ( 'NONE', *, *, #1655, .F. ) ;
#977 = CARTESIAN_POINT ( 'NONE',  ( -5.810694377923845799, 4.007223406015257616, 8.335961797367462012 ) ) ;
#978 = CARTESIAN_POINT ( 'NONE',  ( -9.606531997745813456, 3.874222866746841909, -1.355770348319591756 ) ) ;
#979 = EDGE_LOOP ( 'NONE', ( #2730, #2693, #1604, #2105, #2698, #1699, #1533, #1080 ) ) ;
#980 = EDGE_CURVE ( 'NONE', #64, #2754, #1701, .T. ) ;
#981 = DIRECTION ( 'NONE',  ( 0.000000000000000000, 0.000000000000000000, 1.000000000000000000 ) ) ;
#982 = CIRCLE ( 'NONE', #290, 0.5000000000000000000 ) ;
#983 = EDGE_CURVE ( 'NONE', #1526, #1156, #2057, .T. ) ;
#984 = CARTESIAN_POINT ( 'NONE',  ( 6.688951799616780214, 4.178418035019054066, 8.482324027675577582 ) ) ;
#985 = CARTESIAN_POINT ( 'NONE',  ( 5.145761091287281985, 4.065029421196342696, 9.032056362453602105 ) ) ;
#986 = CARTESIAN_POINT ( 'NONE',  ( -0.9349154252002315202, 5.500000000000000000, -6.840487595907907448 ) ) ;
#987 = CARTESIAN_POINT ( 'NONE',  ( -9.471917699569432969, 4.065029421196340920, -4.282484610098183708 ) ) ;
#988 = LINE ( 'NONE', #1627, #2170 ) ;
#989 = ORIENTED_EDGE ( 'NONE', *, *, #13, .F. ) ;
#990 = PLANE ( 'NONE',  #1331 ) ;
#991 = CARTESIAN_POINT ( 'NONE',  ( -6.949836872518905473, 3.695972679917252091, 5.794829597078936523 ) ) ;
#992 = ORIENTED_EDGE ( 'NONE', *, *, #311, .T. ) ;
#993 = DIRECTION ( 'NONE',  ( 0.6920858549488082545, -0.6858932908903460079, 0.2248723257570579559 ) ) ;
#994 = ADVANCED_FACE ( 'NONE', ( #1170 ), #2044, .T. ) ;
#995 = DIRECTION ( 'NONE',  ( -0.02646051115848327417, 0.000000000000000000, -0.9996498593753873063 ) ) ;
#996 = DIRECTION ( 'NONE',  ( -0.9425467651446767237, 0.000000000000000000, 0.3340742365332977082 ) ) ;
#997 = EDGE_CURVE ( 'NONE', #264, #2069, #733, .T. ) ;
#998 = CARTESIAN_POINT ( 'NONE',  ( -0.6521739130434782705, 8.185609800399156200, 0.6374376799666064963 ) ) ;
#999 = FACE_OUTER_BOUND ( 'NONE', #640, .T. ) ;
#1000 = LINE ( 'NONE', #785, #155 ) ;
#1001 = CARTESIAN_POINT ( 'NONE',  ( -0.2500000000000002220, 1.718989132791469254, 2.877506558073494425 ) ) ;
#1002 = ORIENTED_EDGE ( 'NONE', *, *, #382, .T. ) ;
#1003 = CARTESIAN_POINT ( 'NONE',  ( -0.04963037737939918204, 4.013299046171998619, -10.18360991819914219 ) ) ;
#1004 = EDGE_LOOP ( 'NONE', ( #2667, #684, #1396, #2164 ) ) ;
#1005 = CYLINDRICAL_SURFACE ( 'NONE', #2375, 1.500000000000000000 ) ;
#1006 = CARTESIAN_POINT ( 'NONE',  ( 5.760459518487839325, 4.001356074919224959, 8.343806540999020527 ) ) ;
#1007 = EDGE_CURVE ( 'NONE', #774, #2027, #514, .T. ) ;
#1008 = CARTESIAN_POINT ( 'NONE',  ( -7.635139966348798879, 4.453674048553375009, -4.825996271336854271 ) ) ;
#1009 = CARTESIAN_POINT ( 'NONE',  ( 0.2500000000000000000, 3.056144708529873633, 2.915517796436953635 ) ) ;
#1010 = CARTESIAN_POINT ( 'NONE',  ( -0.2500000000000000000, 0.000000000000000000, 1.127774356863995964 ) ) ;
#1011 = CARTESIAN_POINT ( 'NONE',  ( -0.2500000000000459077, 2.024609617599755218, 3.056501225101934338 ) ) ;
#1012 = CIRCLE ( 'NONE', #1738, 2.700000000000000178 ) ;
#1013 = ORIENTED_EDGE ( 'NONE', *, *, #177, .F. ) ;
#1014 = EDGE_CURVE ( 'NONE', #1127, #1422, #1165, .T. ) ;
#1015 = ORIENTED_EDGE ( 'NONE', *, *, #1828, .T. ) ;
#1016 = CARTESIAN_POINT ( 'NONE',  ( -4.119968255444916849E-15, 0.000000000000000000, -9.350630497331502866 ) ) ;
#1017 = CARTESIAN_POINT ( 'NONE',  ( 0.000000000000000000, 4.899999999999999467, -10.00000000000000000 ) ) ;
#1018 = PLANE ( 'NONE',  #1969 ) ;
#1019 = VECTOR ( 'NONE', #2675, 1000.000000000000000 ) ;
#1020 = CARTESIAN_POINT ( 'NONE',  ( 1.724999999999999867, 1.317478221209520628, 2.077107363618934777 ) ) ;
#1021 = LINE ( 'NONE', #2389, #1310 ) ;
#1022 = CARTESIAN_POINT ( 'NONE',  ( 5.890397851182476607, 4.873074350338085559, 9.015490708746558113 ) ) ;
#1023 = CARTESIAN_POINT ( 'NONE',  ( 0.2499999999999768241, 2.024550597344668912, 3.056419346186013186 ) ) ;
#1024 = LINE ( 'NONE', #1856, #1889 ) ;
#1025 = CARTESIAN_POINT ( 'NONE',  ( 0.000000000000000000, 3.899999999999999911, -10.00000000000000000 ) ) ;
#1026 = EDGE_CURVE ( 'NONE', #2596, #1239, #1818, .T. ) ;
#1027 = VERTEX_POINT ( 'NONE', #1633 ) ;
#1028 = EDGE_LOOP ( 'NONE', ( #2620, #479, #374, #2305 ) ) ;
#1029 = CARTESIAN_POINT ( 'NONE',  ( 0.1094814330700668581, 4.192007708696059431, -10.85054855272044882 ) ) ;
#1030 = EDGE_CURVE ( 'NONE', #802, #2781, #11, .T. ) ;
#1031 = CARTESIAN_POINT ( 'NONE',  ( -0.5614657603420202259, 3.972607498589098451, 7.407208642039792679 ) ) ;
#1032 = FACE_OUTER_BOUND ( 'NONE', #1028, .T. ) ;
#1033 = LINE ( 'NONE', #2564, #2372 ) ;
#1034 = CARTESIAN_POINT ( 'NONE',  ( -0.5250000000000000222, 0.000000000000000000, -3.214697847761803062E-17 ) ) ;
#1035 = CARTESIAN_POINT ( 'NONE',  ( -1.236430234329442657, 0.000000000000000000, -10.19988915971655530 ) ) ;
#1036 = CARTESIAN_POINT ( 'NONE',  ( 9.280803497490232701, 3.946921730866573608, -3.548023859676707303 ) ) ;
#1037 = LINE ( 'NONE', #593, #1379 ) ;
#1038 = CARTESIAN_POINT ( 'NONE',  ( -5.156410714511578064, 4.830830335428971445, 9.035830991872057183 ) ) ;
#1039 = ORIENTED_EDGE ( 'NONE', *, *, #1984, .T. ) ;
#1040 = CARTESIAN_POINT ( 'NONE',  ( 0.000000000000000000, 0.000000000000000000, 0.000000000000000000 ) ) ;
#1041 = CARTESIAN_POINT ( 'NONE',  ( 0.05069410921884106441, 4.013277671436194183, -10.18352490686590883 ) ) ;
#1042 = CARTESIAN_POINT ( 'NONE',  ( 0.2500000000000000000, 3.170195759704282246, 3.116895288092267791 ) ) ;
#1043 = VECTOR ( 'NONE', #805, 1000.000000000000114 ) ;
#1044 = STYLED_ITEM ( 'NONE', ( #88 ), #2512 ) ;
#1045 = CARTESIAN_POINT ( 'NONE',  ( -6.168820087095116200, 3.022603524283493215, 2.004371148814406922 ) ) ;
#1046 = CARTESIAN_POINT ( 'NONE',  ( -3.268551745629604266, 3.103295377188302506, -6.020757939563510241 ) ) ;
#1047 = AXIS2_PLACEMENT_3D ( 'NONE', #240, #650, #2601 ) ;
#1048 = CARTESIAN_POINT ( 'NONE',  ( 9.460864539071048185, 3.984396705940960626, -3.467059255935257767 ) ) ;
#1049 = DIRECTION ( 'NONE',  ( 0.000000000000000000, -0.000000000000000000, -1.000000000000000000 ) ) ;
#1050 = ORIENTED_EDGE ( 'NONE', *, *, #2533, .F. ) ;
#1051 = CARTESIAN_POINT ( 'NONE',  ( 10.22763499204075721, 4.836510646338073371, -2.164732294365735221 ) ) ;
#1052 = CARTESIAN_POINT ( 'NONE',  ( 0.3749895114411133656, 3.984169267213536259, -10.06830180403025210 ) ) ;
#1053 = CARTESIAN_POINT ( 'NONE',  ( -3.812540484307868738, 3.022603524283483445, -5.247511793665720958 ) ) ;
#1054 = DIRECTION ( 'NONE',  ( 0.000000000000000000, 1.000000000000000000, 0.000000000000000000 ) ) ;
#1055 = FACE_OUTER_BOUND ( 'NONE', #1843, .T. ) ;
#1056 = EDGE_CURVE ( 'NONE', #2744, #387, #1427, .T. ) ;
#1057 = VECTOR ( 'NONE', #1054, 1000.000000000000000 ) ;
#1058 = CARTESIAN_POINT ( 'NONE',  ( -9.026004400012514139, 3.747225787388780649, -1.827325011172926894 ) ) ;
#1059 = ADVANCED_FACE ( 'NONE', ( #2684 ), #2716, .T. ) ;
#1060 = DIRECTION ( 'NONE',  ( -0.000000000000000000, 1.000000000000000000, -0.000000000000000000 ) ) ;
#1061 = CARTESIAN_POINT ( 'NONE',  ( -0.5250000000000000222, 8.185609800399156200, -0.6500000000000000222 ) ) ;
#1062 = DIRECTION ( 'NONE',  ( -0.5608633996559606594, 0.7071067811865446862, 0.4306184470344510684 ) ) ;
#1063 = VERTEX_POINT ( 'NONE', #2491 ) ;
#1064 = CARTESIAN_POINT ( 'NONE',  ( 10.35772889973796573, 4.882610914951591496, -3.235220881426422057 ) ) ;
#1065 = CARTESIAN_POINT ( 'NONE',  ( -0.4508045432396196039, 3.967314725583324098, -10.00201483421863990 ) ) ;
#1066 = CARTESIAN_POINT ( 'NONE',  ( -1.051299391641776770, 3.747225787388771767, -9.148914783439417775 ) ) ;
#1067 = CARTESIAN_POINT ( 'NONE',  ( 6.995637495030756270, 4.816254974526745336, 7.525128213724185500 ) ) ;
#1068 = EDGE_CURVE ( 'NONE', #620, #1766, #894, .T. ) ;
#1069 = VERTEX_POINT ( 'NONE', #2700 ) ;
#1070 = EDGE_CURVE ( 'NONE', #1519, #1813, #1606, .T. ) ;
#1071 = CARTESIAN_POINT ( 'NONE',  ( 9.654556179750603206, 4.013308877769973471, -3.241311871768103092 ) ) ;
#1072 = ORIENTED_EDGE ( 'NONE', *, *, #111, .T. ) ;
#1073 = CARTESIAN_POINT ( 'NONE',  ( 10.39736544587254663, 4.178295538999144298, -2.928708266487431544 ) ) ;
#1074 = CARTESIAN_POINT ( 'NONE',  ( 6.242297213895153796, 3.946921730866583378, 7.730168973655082709 ) ) ;
#1075 = CARTESIAN_POINT ( 'NONE',  ( -5.596036335643516324, 4.859588536033139228, 9.064818980461788911 ) ) ;
#1076 = CARTESIAN_POINT ( 'NONE',  ( -10.28148436443136227, 4.882611422337032714, -3.469893810456034178 ) ) ;
#1077 = VECTOR ( 'NONE', #1301, 1000.000000000000000 ) ;
#1078 = CARTESIAN_POINT ( 'NONE',  ( -9.654083788930005738, 4.013267847640742403, -3.242237672613805355 ) ) ;
#1079 = AXIS2_PLACEMENT_3D ( 'NONE', #944, #1221, #579 ) ;
#1080 = ORIENTED_EDGE ( 'NONE', *, *, #1068, .T. ) ;
#1081 = CYLINDRICAL_SURFACE ( 'NONE', #2098, 0.5000000000000000000 ) ;
#1082 = CARTESIAN_POINT ( 'NONE',  ( 1.214205016591350494, 2.464969063223616086, 4.234518972224779354 ) ) ;
#1083 = ADVANCED_FACE ( 'NONE', ( #2731 ), #2254, .F. ) ;
#1084 = B_SPLINE_CURVE_WITH_KNOTS ( 'NONE', 3,
 ( #85, #533, #99, #2733, #562, #2479 ),
 .UNSPECIFIED., .F., .F.,
 ( 4, 2, 4 ),
 ( 0.000000000000000000, 0.002902799596362385867, 0.005805599192724771734 ),
 .UNSPECIFIED. ) ;
#1085 = EDGE_LOOP ( 'NONE', ( #285, #919, #1672, #1306 ) ) ;
#1086 = CARTESIAN_POINT ( 'NONE',  ( -6.902486887310926633, 4.145322675387123290, 4.005997712042320025 ) ) ;
#1087 = DIRECTION ( 'NONE',  ( -0.9589002604003155072, 0.000000000000000000, -0.2837433534097443255 ) ) ;
#1088 = CARTESIAN_POINT ( 'NONE',  ( 6.945972098115441362, 4.429354497324053064, 5.648822546579117088 ) ) ;
#1089 = ORIENTED_EDGE ( 'NONE', *, *, #2070, .T. ) ;
#1090 = CARTESIAN_POINT ( 'NONE',  ( 9.028651514711945936, 3.695972679917249426, -0.6031040040388743195 ) ) ;
#1091 = CARTESIAN_POINT ( 'NONE',  ( -4.119968255444916849E-15, 5.000000000000003553, -10.85063049733150287 ) ) ;
#1092 = ORIENTED_EDGE ( 'NONE', *, *, #1408, .T. ) ;
#1093 = LINE ( 'NONE', #23, #2761 ) ;
#1094 = AXIS2_PLACEMENT_3D ( 'NONE', #1693, #627, #1938 ) ;
#1095 = ORIENTED_EDGE ( 'NONE', *, *, #2454, .F. ) ;
#1096 = DIRECTION ( 'NONE',  ( 0.000000000000000000, 0.000000000000000000, 1.000000000000000000 ) ) ;
#1097 = CARTESIAN_POINT ( 'NONE',  ( 9.691783895680222471, 3.984354578993632323, -2.755826697506252199 ) ) ;
#1098 = ORIENTED_EDGE ( 'NONE', *, *, #1694, .T. ) ;
#1099 = ADVANCED_FACE ( 'NONE', ( #1200 ), #1154, .T. ) ;
#1100 = CARTESIAN_POINT ( 'NONE',  ( -0.9153668457685493198, 4.853546236365302136, -10.56327546476642709 ) ) ;
#1101 = DIRECTION ( 'NONE',  ( 0.000000000000000000, 0.000000000000000000, -1.000000000000000000 ) ) ;
#1102 =( GEOMETRIC_REPRESENTATION_CONTEXT ( 3 ) GLOBAL_UNCERTAINTY_ASSIGNED_CONTEXT ( ( #613 ) ) GLOBAL_UNIT_ASSIGNED_CONTEXT ( ( #184, #1478, #1436 ) ) REPRESENTATION_CONTEXT ( 'NONE', 'WORKASPACE' ) );
#1103 = CARTESIAN_POINT ( 'NONE',  ( -6.990915158381613814, 4.832605187587112106, 7.724725631519233637 ) ) ;
#1104 = CARTESIAN_POINT ( 'NONE',  ( -1.556848888124832575, 1.824882900582365020, 2.390526165646333911 ) ) ;
#1105 = VERTEX_POINT ( 'NONE', #306 ) ;
#1106 = EDGE_CURVE ( 'NONE', #2046, #1027, #942, .T. ) ;
#1107 = CARTESIAN_POINT ( 'NONE',  ( 0.2500000000000000000, 1.824696831833705124, 1.474825870411469397 ) ) ;
#1108 = ORIENTED_EDGE ( 'NONE', *, *, #946, .T. ) ;
#1109 = CARTESIAN_POINT ( 'NONE',  ( -6.995637495030818442, 0.000000000000000000, 7.525128213724162407 ) ) ;
#1110 = ORIENTED_EDGE ( 'NONE', *, *, #1760, .T. ) ;
#1111 = CARTESIAN_POINT ( 'NONE',  ( 1.236430234329436217, 4.816254974526736454, -10.19988915971655352 ) ) ;
#1112 = CARTESIAN_POINT ( 'NONE',  ( -10.39142937157728674, 4.870741255560639082, -2.750778267211194450 ) ) ;
#1113 = ORIENTED_EDGE ( 'NONE', *, *, #921, .F. ) ;
#1114 = CARTESIAN_POINT ( 'NONE',  ( -5.468390199778575322, 4.853546236365315458, 9.083908499640223511 ) ) ;
#1115 = FACE_OUTER_BOUND ( 'NONE', #960, .T. ) ;
#1116 = CARTESIAN_POINT ( 'NONE',  ( 6.995637495030756270, 4.816254974526746224, 7.525128213724185500 ) ) ;
#1117 = PLANE ( 'NONE',  #626 ) ;
#1118 = EDGE_LOOP ( 'NONE', ( #1924, #407, #1884, #2560 ) ) ;
#1119 = CARTESIAN_POINT ( 'NONE',  ( 0.8945988152899889689, 3.103295377188081794, 6.792102004559849249 ) ) ;
#1120 = VERTEX_POINT ( 'NONE', #2343 ) ;
#1121 = CARTESIAN_POINT ( 'NONE',  ( -0.4763497624774786776, 4.875308522817940471, -10.77810348430919518 ) ) ;
#1122 = VECTOR ( 'NONE', #1380, 1000.000000000000114 ) ;
#1123 = ORIENTED_EDGE ( 'NONE', *, *, #1424, .T. ) ;
#1124 = CARTESIAN_POINT ( 'NONE',  ( 0.2500000000000000000, 3.109723489824535392, 3.129475856833196179 ) ) ;
#1125 = AXIS2_PLACEMENT_3D ( 'NONE', #909, #940, #737 ) ;
#1126 = CARTESIAN_POINT ( 'NONE',  ( -10.29014369535674334, 4.105386300841077585, -2.287512998384819252 ) ) ;
#1127 = VERTEX_POINT ( 'NONE', #390 ) ;
#1128 = LINE ( 'NONE', #2467, #1019 ) ;
#1129 = SURFACE_STYLE_USAGE ( .BOTH. , #1179 ) ;
#1130 = CARTESIAN_POINT ( 'NONE',  ( 7.399304807885179081, 4.012904324918755705, 1.519055275255379867 ) ) ;
#1131 = CARTESIAN_POINT ( 'NONE',  ( 4.808083342320721876, 3.972607498589164177, -5.662536378694891681 ) ) ;
#1132 = ORIENTED_EDGE ( 'NONE', *, *, #1348, .T. ) ;
#1133 = CARTESIAN_POINT ( 'NONE',  ( 0.4105617915704798948, 2.421603121660625302, 4.243555295878857159 ) ) ;
#1134 = CARTESIAN_POINT ( 'NONE',  ( -7.274604452402318344, 3.267538914982486276, 1.681472528383265441 ) ) ;
#1135 = ORIENTED_EDGE ( 'NONE', *, *, #1543, .T. ) ;
#1136 = CARTESIAN_POINT ( 'NONE',  ( -1.236430234329442657, 4.816254974526736454, -10.19988915971655530 ) ) ;
#1137 = EDGE_CURVE ( 'NONE', #666, #967, #808, .T. ) ;
#1138 = AXIS2_PLACEMENT_3D ( 'NONE', #2653, #471, #1527 ) ;
#1139 = ORIENTED_EDGE ( 'NONE', *, *, #1543, .F. ) ;
#1140 = DIRECTION ( 'NONE',  ( -0.000000000000000000, -0.2418593247835856275, -0.9703113247897440230 ) ) ;
#1141 = CARTESIAN_POINT ( 'NONE',  ( -10.36126739934795538, 4.137825532027950004, -2.498861472325184074 ) ) ;
#1142 = ADVANCED_FACE ( 'NONE', ( #1032 ), #1440, .T. ) ;
#1143 = CONICAL_SURFACE ( 'NONE', #2017, 1.000000000000005995, 0.7853981633974456145 ) ;
#1144 = CARTESIAN_POINT ( 'NONE',  ( -6.026738152481645017, 4.013277671436217275, 8.208847462518210847 ) ) ;
#1145 = CARTESIAN_POINT ( 'NONE',  ( 1.214205016591350494, 2.464969063223616086, 4.234518972224779354 ) ) ;
#1146 = CARTESIAN_POINT ( 'NONE',  ( 0.2499999999999998890, 3.335993280557611129, 4.017169792537351292 ) ) ;
#1147 = CIRCLE ( 'NONE', #2481, 1.000000000000006439 ) ;
#1148 = ORIENTED_EDGE ( 'NONE', *, *, #2001, .T. ) ;
#1149 = DIRECTION ( 'NONE',  ( 0.9425467651446767237, 0.000000000000000000, -0.3340742365332977082 ) ) ;
#1150 = VERTEX_POINT ( 'NONE', #175 ) ;
#1151 = CARTESIAN_POINT ( 'NONE',  ( 0.2500000000000000000, 3.899999999999999911, 3.110605088528824336 ) ) ;
#1152 = CARTESIAN_POINT ( 'NONE',  ( -7.862709860429070829, 3.392745889146595140, 0.9154886259931985792 ) ) ;
#1153 = ORIENTED_EDGE ( 'NONE', *, *, #1186, .T. ) ;
#1154 = PLANE ( 'NONE',  #336 ) ;
#1155 = VECTOR ( 'NONE', #542, 999.9999999999998863 ) ;
#1156 = VERTEX_POINT ( 'NONE', #807 ) ;
#1157 = CARTESIAN_POINT ( 'NONE',  ( 5.577814390965262881, 4.137742420145075428, 9.081940513958747019 ) ) ;
#1158 = CARTESIAN_POINT ( 'NONE',  ( -9.700525202158777560, 4.013299046172009277, -3.099707234995923599 ) ) ;
#1159 = EDGE_CURVE ( 'NONE', #1326, #59, #1929, .T. ) ;
#1160 = CARTESIAN_POINT ( 'NONE',  ( -5.827273867578755429, 4.870741255560645300, 9.032799385133893466 ) ) ;
#1161 = CARTESIAN_POINT ( 'NONE',  ( -6.095952621592969578, 4.816254974526752441, 7.548942673766800837 ) ) ;
#1162 = ORIENTED_EDGE ( 'NONE', *, *, #1763, .T. ) ;
#1163 = ADVANCED_FACE ( 'NONE', ( #2576 ), #1903, .T. ) ;
#1164 = FACE_OUTER_BOUND ( 'NONE', #1449, .T. ) ;
#1165 = B_SPLINE_CURVE_WITH_KNOTS ( 'NONE', 3,
 ( #1863, #2523, #135, #2745, #748, #97 ),
 .UNSPECIFIED., .F., .F.,
 ( 4, 2, 4 ),
 ( 0.000000000000000000, 0.002687190208182733530, 0.005374380416365467060 ),
 .UNSPECIFIED. ) ;
#1166 = ORIENTED_EDGE ( 'NONE', *, *, #997, .F. ) ;
#1167 = CARTESIAN_POINT ( 'NONE',  ( -0.09968754521475800545, 4.013288415475927629, -10.18356763792379205 ) ) ;
#1168 = CARTESIAN_POINT ( 'NONE',  ( -4.995051351167790976, 0.000000000000000000, 8.978639128178908635 ) ) ;
#1169 = ORIENTED_EDGE ( 'NONE', *, *, #1998, .F. ) ;
#1170 = FACE_OUTER_BOUND ( 'NONE', #28, .T. ) ;
#1171 = B_SPLINE_CURVE_WITH_KNOTS ( 'NONE', 3,
 ( #701, #1729, #2158, #683, #2172, #467, #2407 ),
 .UNSPECIFIED., .F., .F.,
 ( 4, 3, 4 ),
 ( 0.000000000000000000, 0.0002500527347180354996, 0.0005000173956929327996 ),
 .UNSPECIFIED. ) ;
#1172 = ORIENTED_EDGE ( 'NONE', *, *, #1619, .F. ) ;
#1173 = LINE ( 'NONE', #2047, #1465 ) ;
#1174 = CARTESIAN_POINT ( 'NONE',  ( -1.149999999999999911, 1.317478221209520628, 1.384738242412623332 ) ) ;
#1175 = B_SPLINE_CURVE_WITH_KNOTS ( 'NONE', 3,
 ( #47, #63, #930, #301, #2469, #2202 ),
 .UNSPECIFIED., .F., .F.,
 ( 4, 2, 4 ),
 ( 0.000000000000000000, 0.002687190208182734831, 0.005374380416365469662 ),
 .UNSPECIFIED. ) ;
#1176 = CIRCLE ( 'NONE', #268, 0.6500000000000000222 ) ;
#1177 = CARTESIAN_POINT ( 'NONE',  ( -6.995637495030818442, 4.816254974526751553, 7.525128213724162407 ) ) ;
#1178 = CARTESIAN_POINT ( 'NONE',  ( -6.980463167508648148, 4.105120892554769974, 7.897623818779150540 ) ) ;
#1179 = SURFACE_SIDE_STYLE ('',( #2215 ) ) ;
#1180 = AXIS2_PLACEMENT_3D ( 'NONE', #841, #2138, #1711 ) ;
#1181 = ADVANCED_FACE ( 'NONE', ( #2786 ), #1005, .T. ) ;
#1182 = ORIENTED_EDGE ( 'NONE', *, *, #1796, .F. ) ;
#1183 = EDGE_LOOP ( 'NONE', ( #655, #742, #468, #969 ) ) ;
#1184 = CARTESIAN_POINT ( 'NONE',  ( -0.8387734855512402055, 2.139777436991911586, 3.110605088528489492 ) ) ;
#1185 = CARTESIAN_POINT ( 'NONE',  ( -9.318593096069971438, 4.816254974526745336, -4.327854122396569636 ) ) ;
#1186 = EDGE_CURVE ( 'NONE', #2485, #1658, #564, .T. ) ;
#1187 = DIRECTION ( 'NONE',  ( 0.7931806264321378253, 0.000000000000000000, -0.6089864480041582429 ) ) ;
#1188 = ORIENTED_EDGE ( 'NONE', *, *, #2477, .T. ) ;
#1189 = CARTESIAN_POINT ( 'NONE',  ( -7.399304807885219937, 4.012904324918764587, 1.519055275255360105 ) ) ;
#1190 = PLANE ( 'NONE',  #741 ) ;
#1191 = CARTESIAN_POINT ( 'NONE',  ( 5.496162705967675421, 0.000000000000000000, 7.564818980461910591 ) ) ;
#1192 = CARTESIAN_POINT ( 'NONE',  ( 0.2500000000000000000, 2.358109295081563861, 1.791032893847254392 ) ) ;
#1193 = DIRECTION ( 'NONE',  ( 0.5661724415900336593, 0.000000000000000000, 0.8242868228862935132 ) ) ;
#1194 = VECTOR ( 'NONE', #2159, 1000.000000000000000 ) ;
#1195 = ADVANCED_FACE ( 'NONE', ( #846 ), #113, .T. ) ;
#1196 = ORIENTED_EDGE ( 'NONE', *, *, #2736, .T. ) ;
#1197 = FACE_OUTER_BOUND ( 'NONE', #2056, .T. ) ;
#1198 = CARTESIAN_POINT ( 'NONE',  ( -9.026180485217814464, 3.747287716843673788, -1.827559889951040573 ) ) ;
#1199 = EDGE_LOOP ( 'NONE', ( #2195, #214, #2291, #300 ) ) ;
#1200 = FACE_OUTER_BOUND ( 'NONE', #1886, .T. ) ;
#1201 = VECTOR ( 'NONE', #2529, 1000.000000000000114 ) ;
#1202 = EDGE_CURVE ( 'NONE', #2781, #1322, #410, .T. ) ;
#1203 = CARTESIAN_POINT ( 'NONE',  ( 6.127165737711623095, 4.005885676602922274, 8.099586787418974865 ) ) ;
#1204 = CARTESIAN_POINT ( 'NONE',  ( 10.08274900560353160, 0.000000000000000000, -1.976024059789830867 ) ) ;
#1205 = CARTESIAN_POINT ( 'NONE',  ( 0.2499999999999998890, 2.276205067002659455, 1.725569648676181567 ) ) ;
#1206 = CARTESIAN_POINT ( 'NONE',  ( -8.568749459420114789, 3.874222866749694738, -4.549736581691210091 ) ) ;
#1207 = CARTESIAN_POINT ( 'NONE',  ( -0.2500000000000000000, 3.005659963938555723, 2.712978950998170546 ) ) ;
#1208 = EDGE_LOOP ( 'NONE', ( #2370, #906, #530, #25 ) ) ;
#1209 = ORIENTED_EDGE ( 'NONE', *, *, #2197, .F. ) ;
#1210 = CARTESIAN_POINT ( 'NONE',  ( 1.145901355879792138, 4.065029421196331150, -10.33168957265638532 ) ) ;
#1211 = ORIENTED_EDGE ( 'NONE', *, *, #2413, .F. ) ;
#1212 = PRODUCT_RELATED_PRODUCT_CATEGORY ( 'part', '', ( #1498 ) ) ;
#1213 = DIRECTION ( 'NONE',  ( 0.000000000000000000, 1.000000000000000000, 0.000000000000000000 ) ) ;
#1214 = EDGE_CURVE ( 'NONE', #1861, #2596, #1664, .T. ) ;
#1215 = CARTESIAN_POINT ( 'NONE',  ( 6.242297213895154684, 3.946921730866584266, 7.730168973655082709 ) ) ;
#1216 = LINE ( 'NONE', #2749, #2401 ) ;
#1217 = CARTESIAN_POINT ( 'NONE',  ( -8.477732701473128074, 4.629609045400270517, -4.576668892780239695 ) ) ;
#1218 = CARTESIAN_POINT ( 'NONE',  ( 0.2500000000000000000, 1.824785949325313572, 1.474857917532680140 ) ) ;
#1219 = CARTESIAN_POINT ( 'NONE',  ( -7.469154167118193577, 3.560021254463502594, -4.108830408204565465 ) ) ;
#1220 = AXIS2_PLACEMENT_3D ( 'NONE', #2039, #2661, #90 ) ;
#1221 = DIRECTION ( 'NONE',  ( -0.000000000000000000, -1.000000000000000000, 0.000000000000000000 ) ) ;
#1222 = AXIS2_PLACEMENT_3D ( 'NONE', #1831, #716, #965 ) ;
#1223 = EDGE_LOOP ( 'NONE', ( #989, #559, #2423, #777 ) ) ;
#1224 = ORIENTED_EDGE ( 'NONE', *, *, #1233, .F. ) ;
#1225 = VECTOR ( 'NONE', #1087, 1000.000000000000114 ) ;
#1226 = LINE ( 'NONE', #610, #1043 ) ;
#1227 = ORIENTED_EDGE ( 'NONE', *, *, #1070, .T. ) ;
#1228 = FACE_OUTER_BOUND ( 'NONE', #979, .T. ) ;
#1229 = DIRECTION ( 'NONE',  ( 0.000000000000000000, -1.000000000000000000, 0.000000000000000000 ) ) ;
#1230 = ADVANCED_FACE ( 'NONE', ( #1228 ), #1018, .F. ) ;
#1231 = DIRECTION ( 'NONE',  ( 0.000000000000000000, 0.000000000000000000, 1.000000000000000000 ) ) ;
#1232 = CARTESIAN_POINT ( 'NONE',  ( -0.2500000000000000000, 3.335993280557607132, 4.017169792537337081 ) ) ;
#1233 = EDGE_CURVE ( 'NONE', #264, #630, #18, .T. ) ;
#1234 = CARTESIAN_POINT ( 'NONE',  ( 1.620851991149063975, 1.710943866784935263, 2.270213133132549466 ) ) ;
#1235 = DIRECTION ( 'NONE',  ( 0.000000000000000000, 0.000000000000000000, 1.000000000000000000 ) ) ;
#1236 = CARTESIAN_POINT ( 'NONE',  ( -0.2500000000000000000, 1.726658532571991422, 1.441705320611468055 ) ) ;
#1237 = CIRCLE ( 'NONE', #7, 1.000000000000005995 ) ;
#1238 = VERTEX_POINT ( 'NONE', #16 ) ;
#1239 = VERTEX_POINT ( 'NONE', #1770 ) ;
#1240 = LINE ( 'NONE', #1264, #1973 ) ;
#1241 = AXIS2_PLACEMENT_3D ( 'NONE', #2354, #1496, #1283 ) ;
#1242 = DIRECTION ( 'NONE',  ( 0.000000000000000000, -1.000000000000000000, 0.000000000000000000 ) ) ;
#1243 = DIRECTION ( 'NONE',  ( 0.6089864480041584649, 0.000000000000000000, 0.7931806264321377142 ) ) ;
#1244 = DIRECTION ( 'NONE',  ( 0.000000000000000000, 0.000000000000000000, 1.000000000000000000 ) ) ;
#1245 = VECTOR ( 'NONE', #799, 1000.000000000000000 ) ;
#1246 = CARTESIAN_POINT ( 'NONE',  ( 8.892978065955327693, 5.000000000000002665, -2.889503731796071673 ) ) ;
#1247 = CARTESIAN_POINT ( 'NONE',  ( 7.274604452402095411, 3.267538914981984899, 1.681472528383022969 ) ) ;
#1248 = LINE ( 'NONE', #1681, #787 ) ;
#1249 = CARTESIAN_POINT ( 'NONE',  ( 1.667674306146981200, 1.608406137353026066, 2.183046404102332083 ) ) ;
#1250 = CARTESIAN_POINT ( 'NONE',  ( 6.995637495030756270, 5.000000000000002665, 7.525128213724185500 ) ) ;
#1251 = DIRECTION ( 'NONE',  ( -0.000000000000000000, 1.000000000000000000, -0.000000000000000000 ) ) ;
#1252 = ORIENTED_EDGE ( 'NONE', *, *, #1943, .T. ) ;
#1253 = EDGE_CURVE ( 'NONE', #649, #17, #2226, .T. ) ;
#1254 = ORIENTED_EDGE ( 'NONE', *, *, #1439, .F. ) ;
#1255 = DIRECTION ( 'NONE',  ( 0.9589002604003161734, 0.000000000000000000, -0.2837433534097419940 ) ) ;
#1256 = CARTESIAN_POINT ( 'NONE',  ( 4.236875967039740232, 3.713753801702817103, -5.831559480312299648 ) ) ;
#1257 = DIRECTION ( 'NONE',  ( -0.8242868228862937352, 0.000000000000000000, 0.5661724415900333263 ) ) ;
#1258 = CARTESIAN_POINT ( 'NONE',  ( 10.02600040218686495, 4.870879398066748855, -3.879874058431442396 ) ) ;
#1259 = CARTESIAN_POINT ( 'NONE',  ( -1.724999999999999867, 0.000000000000000000, 2.077107363618934333 ) ) ;
#1260 = CARTESIAN_POINT ( 'NONE',  ( -2.299114884132748671, 4.429354497324461626, -8.652733400498810568 ) ) ;
#1261 = CARTESIAN_POINT ( 'NONE',  ( -0.2500000000000000000, 2.110239489870086693, 1.602281282278892993 ) ) ;
#1262 = FACE_OUTER_BOUND ( 'NONE', #259, .T. ) ;
#1263 = EDGE_LOOP ( 'NONE', ( #2727, #490, #1657, #221 ) ) ;
#1264 = CARTESIAN_POINT ( 'NONE',  ( 0.2500000000000000000, 0.000000000000000000, 0.2677561955834357743 ) ) ;
#1265 = EDGE_CURVE ( 'NONE', #967, #802, #2091, .T. ) ;
#1266 = CARTESIAN_POINT ( 'NONE',  ( 1.236430234329436662, 4.816254974526738231, -10.19988915971655352 ) ) ;
#1267 = CARTESIAN_POINT ( 'NONE',  ( 1.149999999999999911, 1.317478221209520628, 1.384738242412623110 ) ) ;
#1268 = CARTESIAN_POINT ( 'NONE',  ( 9.552408742335526171, 4.837015014515287703, -4.258666910450887855 ) ) ;
#1269 = AXIS2_PLACEMENT_3D ( 'NONE', #1328, #433, #223 ) ;
#1270 = EDGE_CURVE ( 'NONE', #91, #1875, #1953, .T. ) ;
#1271 = CARTESIAN_POINT ( 'NONE',  ( -9.593803850423885393, 3.946921730866584266, -2.584707826322877100 ) ) ;
#1272 = CARTESIAN_POINT ( 'NONE',  ( -4.036893549229765732, 3.190786778109437893, -5.556307296026519182 ) ) ;
#1273 = CYLINDRICAL_SURFACE ( 'NONE', #217, 1.500000000000000000 ) ;
#1274 = CARTESIAN_POINT ( 'NONE',  ( -6.350895087932238781, 5.500000000000000000, 2.063530902778011100 ) ) ;
#1275 = ORIENTED_EDGE ( 'NONE', *, *, #2245, .T. ) ;
#1276 = CARTESIAN_POINT ( 'NONE',  ( 9.763408052757204914, 4.853546236365341215, -4.134797238345201187 ) ) ;
#1277 = CARTESIAN_POINT ( 'NONE',  ( -0.7500000000000000000, 3.899999999999999911, 1.127774356863995964 ) ) ;
#1278 = ADVANCED_FACE ( 'NONE', ( #1 ), #2386, .F. ) ;
#1279 = DIRECTION ( 'NONE',  ( 0.000000000000000000, 0.000000000000000000, 1.000000000000000000 ) ) ;
#1280 = CARTESIAN_POINT ( 'NONE',  ( 0.000000000000000000, 1.317478221209520628, 0.000000000000000000 ) ) ;
#1281 = AXIS2_PLACEMENT_3D ( 'NONE', #1931, #2589, #2577 ) ;
#1282 = EDGE_CURVE ( 'NONE', #663, #2443, #58, .T. ) ;
#1283 = DIRECTION ( 'NONE',  ( 0.000000000000000000, 0.000000000000000000, 1.000000000000000000 ) ) ;
#1284 = AXIS2_PLACEMENT_3D ( 'NONE', #1332, #1518, #1740 ) ;
#1285 = CARTESIAN_POINT ( 'NONE',  ( 6.709624998314554389, 4.877034014257239924, 8.468758822435368927 ) ) ;
#1286 = CARTESIAN_POINT ( 'NONE',  ( 1.149999999999999911, 0.000000000000000000, 1.384738242412623110 ) ) ;
#1287 = ORIENTED_EDGE ( 'NONE', *, *, #1282, .T. ) ;
#1288 = CARTESIAN_POINT ( 'NONE',  ( 10.08274900560353160, 4.816254974526737342, -1.976024059789829979 ) ) ;
#1289 = CARTESIAN_POINT ( 'NONE',  ( -0.2500000000000000000, 3.899999999999999911, 3.110605088528824336 ) ) ;
#1290 = FACE_OUTER_BOUND ( 'NONE', #2351, .T. ) ;
#1291 = CARTESIAN_POINT ( 'NONE',  ( 1.820491751691457161, 3.239421324660094914, 7.103585837230721012 ) ) ;
#1292 = CARTESIAN_POINT ( 'NONE',  ( 10.18012368525770484, 4.065029421196333814, -2.102850707016301168 ) ) ;
#1293 = CARTESIAN_POINT ( 'NONE',  ( -1.149999999999999911, 0.000000000000000000, 2.284738242412623244 ) ) ;
#1294 = CARTESIAN_POINT ( 'NONE',  ( -1.098376277317403282, 4.837015014515286815, -10.40088102942457127 ) ) ;
#1295 = ORIENTED_EDGE ( 'NONE', *, *, #1388, .F. ) ;
#1296 = CARTESIAN_POINT ( 'NONE',  ( 1.149999999999999911, 1.317478221209520628, 2.284738242412623244 ) ) ;
#1297 = DIRECTION ( 'NONE',  ( -1.734723475976795853E-15, 0.000000000000000000, -1.000000000000000000 ) ) ;
#1298 = CARTESIAN_POINT ( 'NONE',  ( -1.004275133201558923, 4.105386300841135316, -10.49338860643690019 ) ) ;
#1299 = CARTESIAN_POINT ( 'NONE',  ( 7.938895571140587748, 4.145322675387109967, 0.8162597680341828754 ) ) ;
#1300 = VERTEX_POINT ( 'NONE', #2420 ) ;
#1301 = DIRECTION ( 'NONE',  ( 0.000000000000000000, 0.2588190451025179639, 0.9659258262890690894 ) ) ;
#1302 = ORIENTED_EDGE ( 'NONE', *, *, #605, .T. ) ;
#1303 = AXIS2_PLACEMENT_3D ( 'NONE', #1674, #1689, #844 ) ;
#1304 = DIRECTION ( 'NONE',  ( -1.000000000000000000, 0.000000000000000000, 0.000000000000000000 ) ) ;
#1305 = CIRCLE ( 'NONE', #2315, 0.9000000000000000222 ) ;
#1306 = ORIENTED_EDGE ( 'NONE', *, *, #1624, .T. ) ;
#1307 = DIRECTION ( 'NONE',  ( 0.000000000000000000, 0.000000000000000000, -1.000000000000000000 ) ) ;
#1308 = ADVANCED_FACE ( 'NONE', ( #2659 ), #2703, .T. ) ;
#1309 = CARTESIAN_POINT ( 'NONE',  ( -4.527078110172086056, 3.747225787388787754, 8.019565818041803240 ) ) ;
#1310 = VECTOR ( 'NONE', #450, 1000.000000000000000 ) ;
#1311 = EDGE_CURVE ( 'NONE', #2320, #666, #2200, .T. ) ;
#1312 = VERTEX_POINT ( 'NONE', #476 ) ;
#1313 = CARTESIAN_POINT ( 'NONE',  ( -6.879041624351579287, 4.012904324918765475, 3.120260710215242650 ) ) ;
#1314 = DIRECTION ( 'NONE',  ( 1.182917971378670828E-16, 0.2588190451025179639, -0.9659258262890690894 ) ) ;
#1315 = CARTESIAN_POINT ( 'NONE',  ( 6.193359766939516398, 3.239566726364690119, 3.927508729587295466 ) ) ;
#1316 = ORIENTED_EDGE ( 'NONE', *, *, #1265, .F. ) ;
#1317 = CARTESIAN_POINT ( 'NONE',  ( 7.312751184944442429, 3.237903514227841839, 0.4714280438372352444 ) ) ;
#1318 = CARTESIAN_POINT ( 'NONE',  ( 0.2500000000000000000, 2.926099136046272697, 2.521317176245704061 ) ) ;
#1319 = ORIENTED_EDGE ( 'NONE', *, *, #1391, .F. ) ;
#1320 = DIRECTION ( 'NONE',  ( -0.000000000000000000, 1.000000000000000000, -0.000000000000000000 ) ) ;
#1321 = AXIS2_PLACEMENT_3D ( 'NONE', #453, #1320, #2190 ) ;
#1322 = VERTEX_POINT ( 'NONE', #2677 ) ;
#1323 = DIRECTION ( 'NONE',  ( -0.5661724415900336593, 0.000000000000000000, -0.8242868228862935132 ) ) ;
#1324 = CARTESIAN_POINT ( 'NONE',  ( -9.850777330062694404, 4.137742420145116284, -4.068887178660908432 ) ) ;
#1325 = AXIS2_PLACEMENT_3D ( 'NONE', #2597, #2625, #2371 ) ;
#1326 = VERTEX_POINT ( 'NONE', #2182 ) ;
#1327 = CARTESIAN_POINT ( 'NONE',  ( 9.669851942063763417, 4.013299046171993290, -3.194109822621636674 ) ) ;
#1328 = CARTESIAN_POINT ( 'NONE',  ( 5.496162705967675421, 5.500000000000000000, 7.564818980461910591 ) ) ;
#1329 = EDGE_CURVE ( 'NONE', #1997, #517, #879, .T. ) ;
#1330 = CARTESIAN_POINT ( 'NONE',  ( 0.2499999999998660516, 2.299079011575411169, 3.890059401982997489 ) ) ;
#1331 = AXIS2_PLACEMENT_3D ( 'NONE', #963, #2028, #80 ) ;
#1332 = CARTESIAN_POINT ( 'NONE',  ( 0.000000000000000000, 0.000000000000000000, 0.000000000000000000 ) ) ;
#1333 = CARTESIAN_POINT ( 'NONE',  ( -1.460704066233294185, 1.961928791036817943, 2.582359319364775807 ) ) ;
#1334 = ORIENTED_EDGE ( 'NONE', *, *, #711, .F. ) ;
#1335 = CARTESIAN_POINT ( 'NONE',  ( 3.627562736691468004, 3.560021254463424878, 7.714372293772726152 ) ) ;
#1336 = ADVANCED_FACE ( 'NONE', ( #31 ), #2207, .T. ) ;
#1337 = EDGE_LOOP ( 'NONE', ( #2517, #2052, #1756, #945 ) ) ;
#1338 = CARTESIAN_POINT ( 'NONE',  ( -0.1204182920433518045, 4.882631791572195290, -10.85073110037644106 ) ) ;
#1339 = ORIENTED_EDGE ( 'NONE', *, *, #2565, .F. ) ;
#1340 = CARTESIAN_POINT ( 'NONE',  ( 0.5250000000000000222, 8.185609800399156200, 0.6500000000000000222 ) ) ;
#1341 = CARTESIAN_POINT ( 'NONE',  ( -10.10039084954964927, 4.875152600222500077, -3.787870793014560089 ) ) ;
#1342 = CARTESIAN_POINT ( 'NONE',  ( -2.590810046518524405E-14, 5.500000000000000000, 6.677726275061118599 ) ) ;
#1343 = CARTESIAN_POINT ( 'NONE',  ( -4.995051351167790088, 4.816254974526751553, 8.978639128178906859 ) ) ;
#1344 = DIRECTION ( 'NONE',  ( 0.000000000000000000, 1.000000000000000000, 0.000000000000000000 ) ) ;
#1345 = CARTESIAN_POINT ( 'NONE',  ( 6.215840242559459661, 3.560298940781834176, 5.834860963292026526 ) ) ;
#1346 = CARTESIAN_POINT ( 'NONE',  ( -6.929594472290208529, 4.853162313821215434, 8.017854880179434929 ) ) ;
#1347 = CARTESIAN_POINT ( 'NONE',  ( -9.280803497490262899, 3.946921730866583378, -3.548023859676730396 ) ) ;
#1348 = EDGE_CURVE ( 'NONE', #630, #817, #1800, .T. ) ;
#1349 = ORIENTED_EDGE ( 'NONE', *, *, #782, .F. ) ;
#1350 = CARTESIAN_POINT ( 'NONE',  ( -1.228572504675476962, 2.465983726176280921, 4.234315928878323199 ) ) ;
#1351 = CARTESIAN_POINT ( 'NONE',  ( -10.33035808944604028, 4.853779742815848230, -2.397334389813461364 ) ) ;
#1352 = ORIENTED_EDGE ( 'NONE', *, *, #1202, .F. ) ;
#1353 = LINE ( 'NONE', #38, #1656 ) ;
#1354 = EDGE_CURVE ( 'NONE', #1526, #2382, #749, .T. ) ;
#1355 = AXIS2_PLACEMENT_3D ( 'NONE', #986, #2540, #2514 ) ;
#1356 = CIRCLE ( 'NONE', #1303, 0.8999999999999995781 ) ;
#1357 = EDGE_LOOP ( 'NONE', ( #2490, #1897, #2519, #539 ) ) ;
#1358 = CARTESIAN_POINT ( 'NONE',  ( 2.708119104839259439, 3.237903514227805424, -6.809160389315676909 ) ) ;
#1359 = AXIS2_PLACEMENT_3D ( 'NONE', #1631, #543, #1411 ) ;
#1360 = CARTESIAN_POINT ( 'NONE',  ( -10.28119382502769596, 4.882610914951623471, -3.470771620878819519 ) ) ;
#1361 = ORIENTED_EDGE ( 'NONE', *, *, #889, .T. ) ;
#1362 = CARTESIAN_POINT ( 'NONE',  ( 9.280803497490234477, 3.946921730866573608, -3.548023859676706415 ) ) ;
#1363 = CARTESIAN_POINT ( 'NONE',  ( -3.039508204450289742E-14, 3.022603524283493215, 6.486281289702733766 ) ) ;
#1364 = ORIENTED_EDGE ( 'NONE', *, *, #463, .F. ) ;
#1365 = CARTESIAN_POINT ( 'NONE',  ( -1.275869554262510031, 2.161128341520125229, 3.013234944844013885 ) ) ;
#1366 = ORIENTED_EDGE ( 'NONE', *, *, #1523, .F. ) ;
#1367 = CARTESIAN_POINT ( 'NONE',  ( -6.132693838589573510, 4.007169344211598094, 8.101750473936577990 ) ) ;
#1368 = CARTESIAN_POINT ( 'NONE',  ( -7.218176508274797953, 3.972607498589155739, 1.754967681221740516 ) ) ;
#1369 = ORIENTED_EDGE ( 'NONE', *, *, #333, .F. ) ;
#1370 = CARTESIAN_POINT ( 'NONE',  ( -6.855409320787920535, 3.922394763470740564, 2.227457514062654909 ) ) ;
#1371 = VECTOR ( 'NONE', #2019, 1000.000000000000000 ) ;
#1372 = EDGE_CURVE ( 'NONE', #459, #2308, #46, .T. ) ;
#1373 = ORIENTED_EDGE ( 'NONE', *, *, #1007, .T. ) ;
#1374 = CARTESIAN_POINT ( 'NONE',  ( 6.289220078650313184, 4.192007708696110946, 8.842629749199803157 ) ) ;
#1375 = PLANE ( 'NONE',  #860 ) ;
#1376 = CARTESIAN_POINT ( 'NONE',  ( 0.2499999999999775180, 1.239312175488530565, 3.275818458448940707 ) ) ;
#1377 = CARTESIAN_POINT ( 'NONE',  ( -6.000169759211354759, 4.178418035019058507, 8.982753472556453289 ) ) ;
#1378 = CARTESIAN_POINT ( 'NONE',  ( 6.782460381331824273, 3.512078374910911016, 2.203754966814104321 ) ) ;
#1379 = VECTOR ( 'NONE', #567, 1000.000000000000000 ) ;
#1380 = DIRECTION ( 'NONE',  ( 0.4277325814913915392, -0.6858932908903463410, -0.5887233919612170352 ) ) ;
#1381 = ORIENTED_EDGE ( 'NONE', *, *, #707, .T. ) ;
#1382 = CARTESIAN_POINT ( 'NONE',  ( 0.8217317442122915594, 2.437090753251613950, 4.240092351814030991 ) ) ;
#1383 = CARTESIAN_POINT ( 'NONE',  ( -6.168287927430963435, 3.019586913459456845, 1.969301594609892181 ) ) ;
#1384 = VERTEX_POINT ( 'NONE', #914 ) ;
#1385 = DIRECTION ( 'NONE',  ( 0.6089864480041584649, 0.000000000000000000, 0.7931806264321377142 ) ) ;
#1386 = ORIENTED_EDGE ( 'NONE', *, *, #728, .T. ) ;
#1387 = CARTESIAN_POINT ( 'NONE',  ( 5.354004848729202237, 4.105120892554778855, 9.079314957400660191 ) ) ;
#1388 = EDGE_CURVE ( 'NONE', #2596, #2741, #2764, .T. ) ;
#1389 = CARTESIAN_POINT ( 'NONE',  ( -10.18012368525773503, 4.065029421196342696, -2.102850707016326925 ) ) ;
#1390 = CARTESIAN_POINT ( 'NONE',  ( -1.226231204799111740, 2.277598498604805677, 3.500078997870034403 ) ) ;
#1391 = EDGE_CURVE ( 'NONE', #1629, #2683, #1675, .T. ) ;
#1392 = FACE_OUTER_BOUND ( 'NONE', #2238, .T. ) ;
#1393 = DIRECTION ( 'NONE',  ( 0.000000000000000000, 0.000000000000000000, 1.000000000000000000 ) ) ;
#1394 = ORIENTED_EDGE ( 'NONE', *, *, #734, .T. ) ;
#1395 = CARTESIAN_POINT ( 'NONE',  ( -1.724999999999999867, 1.317478221209520628, 2.077107363618934777 ) ) ;
#1396 = ORIENTED_EDGE ( 'NONE', *, *, #2257, .F. ) ;
#1397 = CARTESIAN_POINT ( 'NONE',  ( -1.163663557854391462, 3.335316969836442880, 3.110605088528824780 ) ) ;
#1398 = CARTESIAN_POINT ( 'NONE',  ( -6.215825505320295541, 3.560021254463361373, 5.833889318710644645 ) ) ;
#1399 = VERTEX_POINT ( 'NONE', #2121 ) ;
#1400 = CARTESIAN_POINT ( 'NONE',  ( -5.496162705967736706, 0.000000000000000000, 7.564818980461891051 ) ) ;
#1401 = FACE_OUTER_BOUND ( 'NONE', #1551, .T. ) ;
#1402 = CARTESIAN_POINT ( 'NONE',  ( 4.527355906484308967, 3.747287716844114325, 8.019660703492348830 ) ) ;
#1403 = EDGE_CURVE ( 'NONE', #801, #42, #241, .T. ) ;
#1404 = DIRECTION ( 'NONE',  ( 0.000000000000000000, 0.000000000000000000, -1.000000000000000000 ) ) ;
#1405 = AXIS2_PLACEMENT_3D ( 'NONE', #2598, #1547, #633 ) ;
#1406 = CARTESIAN_POINT ( 'NONE',  ( -4.236875967039763324, 0.000000000000000000, -5.831559480312312971 ) ) ;
#1407 = LINE ( 'NONE', #1783, #643 ) ;
#1408 = EDGE_CURVE ( 'NONE', #445, #1576, #2623, .T. ) ;
#1409 = ORIENTED_EDGE ( 'NONE', *, *, #2549, .T. ) ;
#1410 = CARTESIAN_POINT ( 'NONE',  ( -5.515748904788268625, 3.967631434606091023, 8.357261507345391749 ) ) ;
#1411 = DIRECTION ( 'NONE',  ( 0.02646051115848327417, 0.000000000000000000, 0.9996498593753873063 ) ) ;
#1412 = ORIENTED_EDGE ( 'NONE', *, *, #1014, .T. ) ;
#1413 = B_SPLINE_CURVE_WITH_KNOTS ( 'NONE', 3,
 ( #2651, #69, #2604, #685, #1572, #1078, #426, #1983, #484, #2223 ),
 .UNSPECIFIED., .F., .F.,
 ( 4, 2, 2, 2, 4 ),
 ( 0.000000000000000000, 0.0002980951126043703383, 0.0005961902252087406765, 0.0008942853378131110148, 0.001192380450417481353 ),
 .UNSPECIFIED. ) ;
#1414 = CARTESIAN_POINT ( 'NONE',  ( -10.08274900560356535, 4.816254974526746224, -1.976024059789855958 ) ) ;
#1415 = CARTESIAN_POINT ( 'NONE',  ( 6.722340265304150186, 4.875218920076521911, 8.437305404809617215 ) ) ;
#1416 = CARTESIAN_POINT ( 'NONE',  ( 0.5250000000000000222, 4.899999999999999467, 0.6500000000000000222 ) ) ;
#1417 = CARTESIAN_POINT ( 'NONE',  ( -4.236875967039763324, 3.922394763470731238, -5.831559480312312971 ) ) ;
#1418 = LINE ( 'NONE', #1406, #2452 ) ;
#1419 = CARTESIAN_POINT ( 'NONE',  ( -7.658828150864384732, 3.695972679917443049, -4.818986819793276588 ) ) ;
#1420 = EDGE_CURVE ( 'NONE', #2781, #1027, #794, .T. ) ;
#1421 = CARTESIAN_POINT ( 'NONE',  ( -0.2500000000000002220, 1.201072789893121717, 3.192370323111494823 ) ) ;
#1422 = VERTEX_POINT ( 'NONE', #2374 ) ;
#1423 = CARTESIAN_POINT ( 'NONE',  ( -0.4179839112318226024, 2.619851244985773597, 3.401588299886814326 ) ) ;
#1424 = EDGE_CURVE ( 'NONE', #1326, #1399, #1968, .T. ) ;
#1425 = CARTESIAN_POINT ( 'NONE',  ( -9.511597456914303805, 4.616631415791067283, -1.232121884853543348 ) ) ;
#1426 = VERTEX_POINT ( 'NONE', #423 ) ;
#1427 = LINE ( 'NONE', #1618, #1555 ) ;
#1428 = DIRECTION ( 'NONE',  ( 0.9996498593753874173, 0.000000000000000000, -0.02646051115848327764 ) ) ;
#1429 = CARTESIAN_POINT ( 'NONE',  ( 1.235471271963634265, 2.186811464869682808, 3.132207374257895971 ) ) ;
#1430 = CARTESIAN_POINT ( 'NONE',  ( -1.235471271963637152, 2.186811464869682364, 3.132207374257893306 ) ) ;
#1431 = CARTESIAN_POINT ( 'NONE',  ( 1.681581502938475969, 1.571132086629005054, 2.157308857458753337 ) ) ;
#1432 = CARTESIAN_POINT ( 'NONE',  ( -3.898442639246530117, 3.888920157119609033, -5.931703584239850002 ) ) ;
#1433 = CARTESIAN_POINT ( 'NONE',  ( -0.2500000000000438538, 1.369717785337841498, 2.920171260918385858 ) ) ;
#1434 = ORIENTED_EDGE ( 'NONE', *, *, #1270, .F. ) ;
#1435 = ORIENTED_EDGE ( 'NONE', *, *, #2313, .F. ) ;
#1436 =( NAMED_UNIT ( * ) SI_UNIT ( $, .STERADIAN. ) SOLID_ANGLE_UNIT ( ) );
#1437 = FACE_OUTER_BOUND ( 'NONE', #931, .T. ) ;
#1438 = EDGE_LOOP ( 'NONE', ( #1632, #2295, #1295, #1873 ) ) ;
#1439 = EDGE_CURVE ( 'NONE', #1150, #1934, #198, .T. ) ;
#1440 = CYLINDRICAL_SURFACE ( 'NONE', #192, 0.5000000000000000000 ) ;
#1441 = B_SPLINE_CURVE_WITH_KNOTS ( 'NONE', 3,
 ( #2153, #1313, #1086, #421, #660, #631 ),
 .UNSPECIFIED., .F., .F.,
 ( 4, 2, 4 ),
 ( 0.000000000000000000, 0.002687190208182733096, 0.005374380416365466193 ),
 .UNSPECIFIED. ) ;
#1442 = ADVANCED_FACE ( 'NONE', ( #1290 ), #2722, .T. ) ;
#1443 = DIRECTION ( 'NONE',  ( 0.000000000000000000, -1.000000000000000000, 0.000000000000000000 ) ) ;
#1444 = DIRECTION ( 'NONE',  ( -1.000000000000000000, 0.000000000000000000, 0.000000000000000000 ) ) ;
#1445 = CARTESIAN_POINT ( 'NONE',  ( -6.855409320787920535, 5.000000000000003553, 2.227457514062654909 ) ) ;
#1446 = CARTESIAN_POINT ( 'NONE',  ( -4.716043035063709254, 3.103295377187957449, -4.969093958870717920 ) ) ;
#1447 = CARTESIAN_POINT ( 'NONE',  ( -0.2500000000000000000, 2.277472772149506941, 1.726514525214008833 ) ) ;
#1448 = ORIENTED_EDGE ( 'NONE', *, *, #1007, .F. ) ;
#1449 = EDGE_LOOP ( 'NONE', ( #449, #1412, #1381, #1775 ) ) ;
#1450 = VECTOR ( 'NONE', #1610, 1000.000000000000000 ) ;
#1451 = CARTESIAN_POINT ( 'NONE',  ( 0.1970327516452490546, 4.005819356673413267, -10.15389787469023908 ) ) ;
#1452 = CARTESIAN_POINT ( 'NONE',  ( -1.451155211410966483, 4.107236758687571765, 7.722548246512325854 ) ) ;
#1453 = CARTESIAN_POINT ( 'NONE',  ( 0.9349154252002225274, 5.500000000000000000, -6.840487595907909224 ) ) ;
#1454 = VECTOR ( 'NONE', #549, 1000.000000000000114 ) ;
#1455 = CARTESIAN_POINT ( 'NONE',  ( -7.319065013233511330, 3.239566726364696780, 0.4629442253565769771 ) ) ;
#1456 = CARTESIAN_POINT ( 'NONE',  ( 6.678006177866441462, 3.190317696170857698, 2.458518051607661015 ) ) ;
#1457 = EDGE_CURVE ( 'NONE', #59, #1462, #188, .T. ) ;
#1458 = CARTESIAN_POINT ( 'NONE',  ( -1.767427710380748307, 4.616631415791988324, -9.426813343334975670 ) ) ;
#1459 = DIRECTION ( 'NONE',  ( -0.9218953200970906314, -0.2081837199595082954, -0.3267545830235651372 ) ) ;
#1460 = CARTESIAN_POINT ( 'NONE',  ( -4.896933875031128203, 3.267538914982203391, -5.636245064420315920 ) ) ;
#1461 = CARTESIAN_POINT ( 'NONE',  ( -0.2500000000000000000, 2.716236473113894156, 2.165870928403690332 ) ) ;
#1462 = VERTEX_POINT ( 'NONE', #619 ) ;
#1463 = ORIENTED_EDGE ( 'NONE', *, *, #216, .F. ) ;
#1464 = DIRECTION ( 'NONE',  ( 0.000000000000000000, 0.000000000000000000, 1.000000000000000000 ) ) ;
#1465 = VECTOR ( 'NONE', #2146, 1000.000000000000000 ) ;
#1466 = CARTESIAN_POINT ( 'NONE',  ( 0.2440567869149867786, 4.001356074919204531, -10.13619444083994026 ) ) ;
#1467 = CARTESIAN_POINT ( 'NONE',  ( 0.2745722159090425718, 3.190317696170866579, 7.110885150243556829 ) ) ;
#1468 = CARTESIAN_POINT ( 'NONE',  ( 10.10338538018375942, 4.875308522817941359, -3.783652689423197213 ) ) ;
#1469 = AXIS2_PLACEMENT_3D ( 'NONE', #2631, #319, #1187 ) ;
#1470 = CARTESIAN_POINT ( 'NONE',  ( -6.855409320787920535, 5.000000000000002665, 2.227457514062654909 ) ) ;
#1471 = CARTESIAN_POINT ( 'NONE',  ( -1.679167419941955286, 3.874222866750214322, -9.555310933553005981 ) ) ;
#1472 = EDGE_CURVE ( 'NONE', #1063, #554, #2603, .T. ) ;
#1473 = CARTESIAN_POINT ( 'NONE',  ( 8.376265643625778523, 3.747225787388770879, -3.827015285168981595 ) ) ;
#1474 = CARTESIAN_POINT ( 'NONE',  ( -9.546728238614225148, 4.836510646338061825, -4.260347799737846941 ) ) ;
#1475 = CARTESIAN_POINT ( 'NONE',  ( -6.495812565343131340, 5.500000000000000000, 7.538358469303405585 ) ) ;
#1476 = EDGE_CURVE ( 'NONE', #1105, #387, #982, .T. ) ;
#1477 = EDGE_LOOP ( 'NONE', ( #1721, #513, #1589, #1985 ) ) ;
#1478 =( NAMED_UNIT ( * ) PLANE_ANGLE_UNIT ( ) SI_UNIT ( $, .RADIAN. ) );
#1479 = CARTESIAN_POINT ( 'NONE',  ( 0.2443328564484354981, 4.881111650490382203, -10.83562560235002259 ) ) ;
#1480 = DIRECTION ( 'NONE',  ( 0.2006368493126414743, -0.7071067811865497932, -0.6780448766106069725 ) ) ;
#1481 = CARTESIAN_POINT ( 'NONE',  ( 10.28244722090450658, 4.882631791572195290, -3.467584912738024272 ) ) ;
#1482 = CYLINDRICAL_SURFACE ( 'NONE', #1241, 0.9000000000000000222 ) ;
#1483 = CARTESIAN_POINT ( 'NONE',  ( 9.686158692387468960, 5.500000000000000000, -2.280517283791906991 ) ) ;
#1484 = CARTESIAN_POINT ( 'NONE',  ( -3.628482271544518412, 3.560298940781841281, 7.714686564408069991 ) ) ;
#1485 = CARTESIAN_POINT ( 'NONE',  ( -4.236875967039763324, 3.922394763470731238, -5.831559480312312971 ) ) ;
#1486 = EDGE_CURVE ( 'NONE', #517, #1816, #1751, .T. ) ;
#1487 = EDGE_LOOP ( 'NONE', ( #1435, #2250, #975, #1611, #96, #2769, #335, #2795, #2708, #922, #1858, #1092, #1196 ) ) ;
#1488 = AXIS2_PLACEMENT_3D ( 'NONE', #2555, #1459, #566 ) ;
#1489 = CARTESIAN_POINT ( 'NONE',  ( -0.4052721384190975940, 2.421663404166913391, 4.243542229121090692 ) ) ;
#1490 = CARTESIAN_POINT ( 'NONE',  ( -6.357638081814235065, 3.075800814175846387, 2.065721834300742632 ) ) ;
#1491 = CARTESIAN_POINT ( 'NONE',  ( -5.422851651424283048, 3.946921730866590483, 8.325531024175473860 ) ) ;
#1492 = B_SPLINE_CURVE_WITH_KNOTS ( 'NONE', 3,
 ( #303, #1410, #761, #977, #1845, #745, #1367, #2041, #2236, #2728 ),
 .UNSPECIFIED., .F., .F.,
 ( 4, 2, 2, 2, 4 ),
 ( 0.000000000000000000, 0.0002980951126043703925, 0.0005961902252087407849, 0.0008942853378131111232, 0.001192380450417481570 ),
 .UNSPECIFIED. ) ;
#1493 = CARTESIAN_POINT ( 'NONE',  ( 4.995051351167724363, 0.000000000000000000, 8.978639128178924622 ) ) ;
#1494 = AXIS2_PLACEMENT_3D ( 'NONE', #140, #534, #2273 ) ;
#1495 = DIRECTION ( 'NONE',  ( 0.000000000000000000, -1.000000000000000000, 0.000000000000000000 ) ) ;
#1496 = DIRECTION ( 'NONE',  ( -0.000000000000000000, 1.000000000000000000, -0.000000000000000000 ) ) ;
#1497 = CARTESIAN_POINT ( 'NONE',  ( -1.236430234329443545, 4.816254974526736454, -10.19988915971655530 ) ) ;
#1498 = PRODUCT ( 'fall2025badge_joystick', 'fall2025badge_joystick', '', ( #2796 ) ) ;
#1499 = CARTESIAN_POINT ( 'NONE',  ( 6.495812565343069167, 5.500000000000000000, 7.538358469303426901 ) ) ;
#1500 = ORIENTED_EDGE ( 'NONE', *, *, #668, .F. ) ;
#1501 = CARTESIAN_POINT ( 'NONE',  ( -0.8099876119282989340, 2.436579957022446674, 4.240205048377865715 ) ) ;
#1502 = LINE ( 'NONE', #44, #1225 ) ;
#1503 = AXIS2_PLACEMENT_3D ( 'NONE', #1986, #246, #938 ) ;
#1504 = CARTESIAN_POINT ( 'NONE',  ( -4.111062805299272149, 4.616631415792229909, 8.665320140213493616 ) ) ;
#1505 = EDGE_CURVE ( 'NONE', #1766, #2754, #418, .T. ) ;
#1506 = CARTESIAN_POINT ( 'NONE',  ( 0.2500000000000000000, 7.786483990622643070, 0.2677561955834357743 ) ) ;
#1507 = DIRECTION ( 'NONE',  ( -0.000000000000000000, 1.000000000000000000, -0.000000000000000000 ) ) ;
#1508 = DIRECTION ( 'NONE',  ( -0.000000000000000000, -1.000000000000000000, -0.000000000000000000 ) ) ;
#1509 = EDGE_CURVE ( 'NONE', #1239, #91, #1441, .T. ) ;
#1510 = AXIS2_PLACEMENT_3D ( 'NONE', #819, #1715, #1279 ) ;
#1511 = EDGE_LOOP ( 'NONE', ( #2828, #2740, #2152, #122, #887 ) ) ;
#1512 = CARTESIAN_POINT ( 'NONE',  ( 0.000000000000000000, 2.008072510390587428, 0.000000000000000000 ) ) ;
#1513 = DIRECTION ( 'NONE',  ( 0.000000000000000000, -1.000000000000000000, 0.000000000000000000 ) ) ;
#1514 = CARTESIAN_POINT ( 'NONE',  ( -9.318593096069971438, 0.000000000000000000, -4.327854122396569636 ) ) ;
#1515 = CARTESIAN_POINT ( 'NONE',  ( 10.28219869160226629, 4.882632289976925222, -3.468365896644149071 ) ) ;
#1516 = CARTESIAN_POINT ( 'NONE',  ( -0.4791638305674350562, 4.875218920076535234, -10.77721592806018513 ) ) ;
#1517 = DIRECTION ( 'NONE',  ( 0.5608633996559552193, -0.7071067811865500152, 0.4306184470344491810 ) ) ;
#1518 = DIRECTION ( 'NONE',  ( -0.000000000000000000, 1.000000000000000000, 0.000000000000000000 ) ) ;
#1519 = VERTEX_POINT ( 'NONE', #2822 ) ;
#1520 = LINE ( 'NONE', #635, #1454 ) ;
#1521 = CARTESIAN_POINT ( 'NONE',  ( 0.5250000000000000222, 3.899999999999999911, 0.6500000000000000222 ) ) ;
#1522 = EDGE_LOOP ( 'NONE', ( #2232, #1089, #553, #82 ) ) ;
#1523 = EDGE_CURVE ( 'NONE', #459, #1150, #1147, .T. ) ;
#1524 = CARTESIAN_POINT ( 'NONE',  ( 2.702574228280040014, 3.239421324660080259, -6.816979866885134243 ) ) ;
#1525 = ADVANCED_FACE ( 'NONE', ( #1958 ), #2513, .T. ) ;
#1526 = VERTEX_POINT ( 'NONE', #2036 ) ;
#1527 = DIRECTION ( 'NONE',  ( 0.000000000000000000, 0.000000000000000000, 1.000000000000000000 ) ) ;
#1528 = DIRECTION ( 'NONE',  ( 0.000000000000000000, -1.000000000000000000, 0.000000000000000000 ) ) ;
#1529 = CARTESIAN_POINT ( 'NONE',  ( -3.039508204450289742E-14, 3.022603524283493215, 6.486281289702733766 ) ) ;
#1530 = CARTESIAN_POINT ( 'NONE',  ( 9.691402170496854040, 3.984169267213528265, -2.754640143542869790 ) ) ;
#1531 = DIRECTION ( 'NONE',  ( 0.5661724415900336593, 0.000000000000000000, 0.8242868228862935132 ) ) ;
#1532 = CARTESIAN_POINT ( 'NONE',  ( 6.999868432855378408, 4.065029421196342696, 7.684968527317423082 ) ) ;
#1533 = ORIENTED_EDGE ( 'NONE', *, *, #1601, .T. ) ;
#1534 = PLANE ( 'NONE',  #2829 ) ;
#1535 = DIRECTION ( 'NONE',  ( 0.000000000000000000, 0.000000000000000000, 1.000000000000000000 ) ) ;
#1536 = EDGE_LOOP ( 'NONE', ( #1747, #692, #1002, #1369, #2463, #344 ) ) ;
#1537 = VECTOR ( 'NONE', #67, 1000.000000000000000 ) ;
#1538 = LINE ( 'NONE', #1109, #792 ) ;
#1539 = EDGE_CURVE ( 'NONE', #802, #2002, #912, .T. ) ;
#1540 = VECTOR ( 'NONE', #1896, 1000.000000000000000 ) ;
#1541 = ORIENTED_EDGE ( 'NONE', *, *, #2594, .F. ) ;
#1542 = DIRECTION ( 'NONE',  ( 0.000000000000000000, 0.9703113247897439120, -0.2418593247835857940 ) ) ;
#1543 = EDGE_CURVE ( 'NONE', #1802, #774, #1407, .T. ) ;
#1544 = CARTESIAN_POINT ( 'NONE',  ( -8.892978065955357891, 5.500000000000000000, -2.889503731796094321 ) ) ;
#1545 = ORIENTED_EDGE ( 'NONE', *, *, #406, .T. ) ;
#1546 = CARTESIAN_POINT ( 'NONE',  ( 10.35331652982892869, 4.192007708696081636, -3.248880870746451599 ) ) ;
#1547 = DIRECTION ( 'NONE',  ( 0.000000000000000000, -1.000000000000000000, 0.000000000000000000 ) ) ;
#1548 = DIRECTION ( 'NONE',  ( -0.5661724415900365459, 0.000000000000000000, 0.8242868228862917368 ) ) ;
#1549 = CARTESIAN_POINT ( 'NONE',  ( -6.432210210632671732, 4.883834817026303732, 8.753707996021214299 ) ) ;
#1550 = DIRECTION ( 'NONE',  ( 0.6920858549488085876, 0.6858932908903464520, -0.2248723257570557077 ) ) ;
#1551 = EDGE_LOOP ( 'NONE', ( #1148, #50, #2078, #2503 ) ) ;
#1552 = CARTESIAN_POINT ( 'NONE',  ( -0.2745722159091034120, 3.190317696170866579, 7.110885150243557717 ) ) ;
#1553 = ORIENTED_EDGE ( 'NONE', *, *, #2333, .F. ) ;
#1554 = DIRECTION ( 'NONE',  ( 0.5828588021056109181, -0.7071067811865502373, -0.4003443727692552190 ) ) ;
#1555 = VECTOR ( 'NONE', #348, 1000.000000000000000 ) ;
#1556 = ORIENTED_EDGE ( 'NONE', *, *, #1760, .F. ) ;
#1557 = CARTESIAN_POINT ( 'NONE',  ( 3.899612658567832568, 3.972607498588546893, -6.322578965887564628 ) ) ;
#1558 = CARTESIAN_POINT ( 'NONE',  ( -0.2500000000000000000, 0.000000000000000000, 1.384738242412623110 ) ) ;
#1559 = AXIS2_PLACEMENT_3D ( 'NONE', #2302, #371, #1235 ) ;
#1560 = ORIENTED_EDGE ( 'NONE', *, *, #653, .T. ) ;
#1561 = CARTESIAN_POINT ( 'NONE',  ( -5.947036901266569586, 4.875218920076527240, 9.000596270888584272 ) ) ;
#1562 = DIRECTION ( 'NONE',  ( 0.4277325814913909285, 0.6858932908903456749, 0.5887233919612181454 ) ) ;
#1563 = CARTESIAN_POINT ( 'NONE',  ( 9.013607423117784734, 4.453674048553367015, -0.5835096731069705500 ) ) ;
#1564 = ADVANCED_FACE ( 'NONE', ( #266 ), #739, .T. ) ;
#1565 = AXIS2_PLACEMENT_3D ( 'NONE', #1803, #1614, #1583 ) ;
#1566 = CARTESIAN_POINT ( 'NONE',  ( -6.998297242072268887, 4.824812932663566478, 7.625610617107555278 ) ) ;
#1567 = CARTESIAN_POINT ( 'NONE',  ( 5.822955185925741795, 3.392745889146189686, -5.362230755599901144 ) ) ;
#1568 = ORIENTED_EDGE ( 'NONE', *, *, #1329, .T. ) ;
#1569 = CARTESIAN_POINT ( 'NONE',  ( 0.3880251850544048642, 3.290936365511392570, 3.110605088528824780 ) ) ;
#1570 = CARTESIAN_POINT ( 'NONE',  ( -10.23051084502439068, 4.881133464537370514, -3.579248055949119323 ) ) ;
#1571 = ORIENTED_EDGE ( 'NONE', *, *, #804, .T. ) ;
#1572 = CARTESIAN_POINT ( 'NONE',  ( -9.715895338871758824, 4.013308877769983241, -3.052529351556861670 ) ) ;
#1573 = VERTEX_POINT ( 'NONE', #1577 ) ;
#1574 = CARTESIAN_POINT ( 'NONE',  ( -0.8242868228863018398, 5.500000000000000000, -9.916802938921541966 ) ) ;
#1575 = CARTESIAN_POINT ( 'NONE',  ( -10.22861459455119437, 4.836647600037861316, -2.166008187672427088 ) ) ;
#1576 = VERTEX_POINT ( 'NONE', #2500 ) ;
#1577 = CARTESIAN_POINT ( 'NONE',  ( -1.236430234329442657, 5.000000000000003553, -10.19988915971655530 ) ) ;
#1578 = EDGE_CURVE ( 'NONE', #1239, #98, #1128, .T. ) ;
#1579 = CARTESIAN_POINT ( 'NONE',  ( 6.495812565343069167, 5.500000000000000000, 7.538358469303426901 ) ) ;
#1580 = CARTESIAN_POINT ( 'NONE',  ( 6.871171584864336879, 3.972607498589114883, 2.822939021320767239 ) ) ;
#1581 = CARTESIAN_POINT ( 'NONE',  ( 7.518772913091475552, 4.429354497324458961, -4.860429860815525416 ) ) ;
#1582 = ORIENTED_EDGE ( 'NONE', *, *, #903, .F. ) ;
#1583 = DIRECTION ( 'NONE',  ( 0.000000000000000000, 0.000000000000000000, 1.000000000000000000 ) ) ;
#1584 = ADVANCED_FACE ( 'NONE', ( #1392 ), #176, .T. ) ;
#1585 = CARTESIAN_POINT ( 'NONE',  ( -6.896148210447527127, 4.107236758687572653, 3.766529268021339139 ) ) ;
#1586 = VERTEX_POINT ( 'NONE', #1010 ) ;
#1587 = DIRECTION ( 'NONE',  ( 0.000000000000000000, -1.000000000000000000, 0.000000000000000000 ) ) ;
#1588 = AXIS2_PLACEMENT_3D ( 'NONE', #2299, #519, #1666 ) ;
#1589 = ORIENTED_EDGE ( 'NONE', *, *, #2511, .T. ) ;
#1590 = CARTESIAN_POINT ( 'NONE',  ( 3.210509157021080901E-15, 2.421663404166913391, 4.243542229121090692 ) ) ;
#1591 = VECTOR ( 'NONE', #208, 1000.000000000000000 ) ;
#1592 = DIRECTION ( 'NONE',  ( 0.000000000000000000, -1.000000000000000000, 0.000000000000000000 ) ) ;
#1593 = CARTESIAN_POINT ( 'NONE',  ( -6.723671622920702085, 4.875152600222484089, 8.435526087054105560 ) ) ;
#1594 = CARTESIAN_POINT ( 'NONE',  ( -3.017990713324496976E-14, 3.713754981262339605, 7.208203932499416489 ) ) ;
#1595 = EDGE_LOOP ( 'NONE', ( #203, #2319, #1448, #1139 ) ) ;
#1596 = CARTESIAN_POINT ( 'NONE',  ( 5.713209196924154298, 4.107236758687140998, -5.394705139254178050 ) ) ;
#1597 = ORIENTED_EDGE ( 'NONE', *, *, #1420, .T. ) ;
#1598 = DIRECTION ( 'NONE',  ( -0.5956433963585996416, -0.2081837199595085452, 0.7758018323761637358 ) ) ;
#1599 = CARTESIAN_POINT ( 'NONE',  ( -6.193238435940409126, 3.237903514227949309, 3.916934001105784269 ) ) ;
#1600 = EDGE_LOOP ( 'NONE', ( #2571, #496, #440, #1995 ) ) ;
#1601 = EDGE_CURVE ( 'NONE', #937, #620, #2082, .T. ) ;
#1602 = CARTESIAN_POINT ( 'NONE',  ( -4.119968255444916849E-15, 5.500000000000000000, -10.35063049733150820 ) ) ;
#1603 = CONICAL_SURFACE ( 'NONE', #280, 1.000000000000005995, 0.7853981633974458365 ) ;
#1604 = ORIENTED_EDGE ( 'NONE', *, *, #2197, .T. ) ;
#1605 = CARTESIAN_POINT ( 'NONE',  ( 6.168820087095071791, 3.022603524283483889, 2.004371148814426906 ) ) ;
#1606 = CIRCLE ( 'NONE', #690, 0.5000000000000000000 ) ;
#1607 = CARTESIAN_POINT ( 'NONE',  ( -9.651787649166806204, 3.967314725583301449, -2.662051963340437588 ) ) ;
#1608 = FACE_OUTER_BOUND ( 'NONE', #1487, .T. ) ;
#1609 = CARTESIAN_POINT ( 'NONE',  ( -7.001932803035444408, 4.836510646338187058, 7.762958228566131602 ) ) ;
#1610 = DIRECTION ( 'NONE',  ( 0.000000000000000000, 0.000000000000000000, 1.000000000000000000 ) ) ;
#1611 = ORIENTED_EDGE ( 'NONE', *, *, #1472, .T. ) ;
#1612 = DIRECTION ( 'NONE',  ( 0.3340742365332977082, 0.000000000000000000, 0.9425467651446767237 ) ) ;
#1613 = ORIENTED_EDGE ( 'NONE', *, *, #980, .F. ) ;
#1614 = DIRECTION ( 'NONE',  ( 0.000000000000000000, -1.000000000000000000, 0.000000000000000000 ) ) ;
#1615 = CARTESIAN_POINT ( 'NONE',  ( -0.2500000000000000000, 0.000000000000000000, 0.2677561955834357743 ) ) ;
#1616 = ORIENTED_EDGE ( 'NONE', *, *, #711, .T. ) ;
#1617 =( BOUNDED_SURFACE ( )  B_SPLINE_SURFACE ( 3, 2, ( 
 ( #916, #713, #270 ),
 ( #1812, #947, #2646 ),
 ( #2249, #727, #1581 ),
 ( #2010, #1567, #1596 ),
 ( #32, #284, #1131 ),
 ( #1801, #2709, #2678 ) ),
 .UNSPECIFIED., .F., .F., .T. ) 
 B_SPLINE_SURFACE_WITH_KNOTS ( ( 4, 2, 4 ),
 ( 3, 3 ),
 ( 0.000000000000000000, 0.002856917329923055072, 0.005713834659846110144 ),
 ( 0.000000000000000000, 1.000000000000000000 ),
 .UNSPECIFIED. ) 
 GEOMETRIC_REPRESENTATION_ITEM ( )  RATIONAL_B_SPLINE_SURFACE ( (
 ( 1.000000000000000000, 0.7606641873261102971, 1.000000000000000000),
 ( 1.000000000000000000, 0.7646006905912641205, 1.000000000000000000),
 ( 1.000000000000000000, 0.7692918713867956670, 1.000000000000000000),
 ( 1.000000000000000000, 0.7793880885368201783, 1.000000000000000000),
 ( 1.000000000000000000, 0.7848477781066189873, 1.000000000000000000),
 ( 1.000000000000000000, 0.7887930771276834285, 1.000000000000000000) ) ) 
 REPRESENTATION_ITEM ( '' )  SURFACE ( )  );
#1618 = CARTESIAN_POINT ( 'NONE',  ( 0.2500000000000000000, 3.899999999999999911, 0.2677561955834357743 ) ) ;
#1619 = EDGE_CURVE ( 'NONE', #2030, #239, #1024, .T. ) ;
#1620 = ORIENTED_EDGE ( 'NONE', *, *, #297, .T. ) ;
#1621 = CARTESIAN_POINT ( 'NONE',  ( 6.475986122144226087, 4.882632289976934103, 8.707168062716359458 ) ) ;
#1622 = CARTESIAN_POINT ( 'NONE',  ( -4.119968255444916849E-15, 5.500000000000000000, -10.35063049733150820 ) ) ;
#1623 = CARTESIAN_POINT ( 'NONE',  ( 4.995051351167724363, 4.816254974526746224, 8.978639128178924622 ) ) ;
#1624 = EDGE_CURVE ( 'NONE', #1848, #1573, #1882, .T. ) ;
#1625 = CARTESIAN_POINT ( 'NONE',  ( 1.724999999999999867, 1.382309554747921831, 2.077107363618934777 ) ) ;
#1626 = CARTESIAN_POINT ( 'NONE',  ( -6.063136714533348126, 4.011778406719151313, 8.175025769427030298 ) ) ;
#1627 = CARTESIAN_POINT ( 'NONE',  ( -4.550225591012225124, 4.497526225296332392, -6.262848237534454299 ) ) ;
#1628 = EDGE_LOOP ( 'NONE', ( #1772, #2279, #1541, #1463, #1805 ) ) ;
#1629 = VERTEX_POINT ( 'NONE', #2541 ) ;
#1630 = CARTESIAN_POINT ( 'NONE',  ( -0.5064452095373179752, 3.946921730866574496, -9.922968311830834054 ) ) ;
#1631 = CARTESIAN_POINT ( 'NONE',  ( 6.027353027138900643, 5.500000000000000000, -10.15954270441290141 ) ) ;
#1632 = ORIENTED_EDGE ( 'NONE', *, *, #2817, .T. ) ;
#1633 = CARTESIAN_POINT ( 'NONE',  ( 0.5064452095373099816, 3.946921730866573608, -9.922968311830832278 ) ) ;
#1634 =( BOUNDED_SURFACE ( )  B_SPLINE_SURFACE ( 3, 2, ( 
 ( #1846, #2281, #2237 ),
 ( #2068, #121, #1645 ),
 ( #2712, #991, #1398 ),
 ( #1585, #933, #1599 ),
 ( #287, #746, #94 ),
 ( #2473, #2029, #1383 ) ),
 .UNSPECIFIED., .F., .F., .T. ) 
 B_SPLINE_SURFACE_WITH_KNOTS ( ( 4, 2, 4 ),
 ( 3, 3 ),
 ( 0.000000000000000000, 0.002856917329923055939, 0.005713834659846111878 ),
 ( 0.000000000000000000, 1.000000000000000000 ),
 .UNSPECIFIED. ) 
 GEOMETRIC_REPRESENTATION_ITEM ( )  RATIONAL_B_SPLINE_SURFACE ( (
 ( 1.000000000000000000, 0.7606641873261105191, 1.000000000000000000),
 ( 1.000000000000000000, 0.7646006905913036444, 1.000000000000000000),
 ( 1.000000000000000000, 0.7692918713867427094, 1.000000000000000000),
 ( 1.000000000000000000, 0.7793880885368731359, 1.000000000000000000),
 ( 1.000000000000000000, 0.7848477781065793524, 1.000000000000000000),
 ( 1.000000000000000000, 0.7887930771276830955, 1.000000000000000000) ) ) 
 REPRESENTATION_ITEM ( '' )  SURFACE ( )  );
#1635 = CARTESIAN_POINT ( 'NONE',  ( 0.2500000000000000000, 0.000000000000000000, 1.127774356863995964 ) ) ;
#1636 = VECTOR ( 'NONE', #743, 1000.000000000000000 ) ;
#1637 = DIRECTION ( 'NONE',  ( -0.000000000000000000, 1.000000000000000000, 0.000000000000000000 ) ) ;
#1638 = CIRCLE ( 'NONE', #722, 1.000000000000005995 ) ;
#1639 = ADVANCED_FACE ( 'NONE', ( #2289 ), #1641, .T. ) ;
#1640 = CARTESIAN_POINT ( 'NONE',  ( 0.2499999999999563405, 1.931808212580980344, 2.978271586691813244 ) ) ;
#1641 = PLANE ( 'NONE',  #2428 ) ;
#1642 = CARTESIAN_POINT ( 'NONE',  ( -1.275175693680867584, 2.161569461129926761, 3.015278352248108806 ) ) ;
#1643 = VERTEX_POINT ( 'NONE', #1250 ) ;
#1644 = ORIENTED_EDGE ( 'NONE', *, *, #1439, .T. ) ;
#1645 = CARTESIAN_POINT ( 'NONE',  ( -6.228120655843479625, 3.747287716843910044, 6.783982782949687262 ) ) ;
#1646 = ORIENTED_EDGE ( 'NONE', *, *, #1781, .T. ) ;
#1647 = CARTESIAN_POINT ( 'NONE',  ( 3.731218350340893775, 4.012904324918751264, -6.567743158144430105 ) ) ;
#1648 = CARTESIAN_POINT ( 'NONE',  ( -1.236430234329442657, 4.816254974526736454, -10.19988915971655530 ) ) ;
#1649 = CONICAL_SURFACE ( 'NONE', #1878, 2.700000000000000178, 1.308996938995750092 ) ;
#1650 = CARTESIAN_POINT ( 'NONE',  ( 4.236875967039741120, 5.000000000000002665, -5.831559480312301424 ) ) ;
#1651 = CARTESIAN_POINT ( 'NONE',  ( -0.2500000000002450262, 2.197635656236911039, 3.521787018214075804 ) ) ;
#1652 = FACE_OUTER_BOUND ( 'NONE', #452, .T. ) ;
#1653 = LINE ( 'NONE', #607, #1201 ) ;
#1654 = CARTESIAN_POINT ( 'NONE',  ( -1.681253151723922201, 1.572043825179894494, 2.157916507877009504 ) ) ;
#1655 = EDGE_CURVE ( 'NONE', #245, #1127, #1746, .T. ) ;
#1656 = VECTOR ( 'NONE', #1761, 1000.000000000000000 ) ;
#1657 = ORIENTED_EDGE ( 'NONE', *, *, #924, .T. ) ;
#1658 = VERTEX_POINT ( 'NONE', #2515 ) ;
#1659 = DIRECTION ( 'NONE',  ( 0.000000000000000000, 0.000000000000000000, 1.000000000000000000 ) ) ;
#1660 = CARTESIAN_POINT ( 'NONE',  ( 0.4511777943902965937, 3.967177921003137264, -10.00148455817033089 ) ) ;
#1661 = VECTOR ( 'NONE', #1548, 999.9999999999998863 ) ;
#1662 = EDGE_CURVE ( 'NONE', #774, #459, #169, .T. ) ;
#1663 = ORIENTED_EDGE ( 'NONE', *, *, #869, .T. ) ;
#1664 = LINE ( 'NONE', #363, #839 ) ;
#1665 = CARTESIAN_POINT ( 'NONE',  ( 5.513714621177005171, 3.967177921003154584, 8.356566630242994620 ) ) ;
#1666 = DIRECTION ( 'NONE',  ( 0.6089864480041602413, 0.000000000000000000, -0.7931806264321362709 ) ) ;
#1667 = DIRECTION ( 'NONE',  ( 0.000000000000000000, 0.000000000000000000, -1.000000000000000000 ) ) ;
#1668 = DIRECTION ( 'NONE',  ( 0.000000000000000000, -1.000000000000000000, 0.000000000000000000 ) ) ;
#1669 = DIRECTION ( 'NONE',  ( 0.000000000000000000, -0.9780748893935099497, 0.2082534771327316792 ) ) ;
#1670 = CARTESIAN_POINT ( 'NONE',  ( -7.518772913091123833, 4.429354497324053952, -4.860429860815656866 ) ) ;
#1671 = ORIENTED_EDGE ( 'NONE', *, *, #2204, .T. ) ;
#1672 = ORIENTED_EDGE ( 'NONE', *, *, #105, .T. ) ;
#1673 = DIRECTION ( 'NONE',  ( 0.000000000000000000, 1.000000000000000000, 0.000000000000000000 ) ) ;
#1674 = CARTESIAN_POINT ( 'NONE',  ( 9.063224078001173467, 4.816254974526736454, -3.464843888036261532 ) ) ;
#1675 = LINE ( 'NONE', #623, #2108 ) ;
#1676 = DIRECTION ( 'NONE',  ( 0.9589002604003161734, 0.000000000000000000, -0.2837433534097419940 ) ) ;
#1677 = EDGE_CURVE ( 'NONE', #2076, #2265, #1037, .T. ) ;
#1678 = CARTESIAN_POINT ( 'NONE',  ( -0.7500000000000000000, 0.000000000000000000, 1.127774356863995964 ) ) ;
#1679 = ADVANCED_FACE ( 'NONE', ( #143 ), #2184, .T. ) ;
#1680 = CARTESIAN_POINT ( 'NONE',  ( 8.939704055526041415, 4.429354497324048623, -0.4872534762835802336 ) ) ;
#1681 = CARTESIAN_POINT ( 'NONE',  ( 1.149999999999999911, 5.500000000000000000, 2.284738242412623244 ) ) ;
#1682 = DIRECTION ( 'NONE',  ( 0.000000000000000000, -1.000000000000000000, 0.000000000000000000 ) ) ;
#1683 = DIRECTION ( 'NONE',  ( 0.3340742365332967090, 0.000000000000000000, 0.9425467651446770567 ) ) ;
#1684 = CARTESIAN_POINT ( 'NONE',  ( -0.2500000000000000000, 1.317478221209519962, 1.384738242412626885 ) ) ;
#1685 = CIRCLE ( 'NONE', #489, 0.6500000000000000222 ) ;
#1686 = ORIENTED_EDGE ( 'NONE', *, *, #1159, .T. ) ;
#1687 = ORIENTED_EDGE ( 'NONE', *, *, #1311, .T. ) ;
#1688 = VECTOR ( 'NONE', #394, 1000.000000000000114 ) ;
#1689 = DIRECTION ( 'NONE',  ( 0.9378905060135050986, 0.2081837199595087950, 0.2775264626545587143 ) ) ;
#1690 = CARTESIAN_POINT ( 'NONE',  ( 5.156916140681119032, 4.830875989853220531, 9.036010134030298957 ) ) ;
#1691 = B_SPLINE_CURVE_WITH_KNOTS ( 'NONE', 3,
 ( #1915, #1256, #2093, #2352, #2130, #2809 ),
 .UNSPECIFIED., .F., .F.,
 ( 4, 2, 4 ),
 ( 0.000000000000000000, 0.0006166113489113588799, 0.001233222697822717760 ),
 .UNSPECIFIED. ) ;
#1692 = CARTESIAN_POINT ( 'NONE',  ( 1.236430234329436439, 0.000000000000000000, -10.19988915971655352 ) ) ;
#1693 = CARTESIAN_POINT ( 'NONE',  ( -4.119968255444916849E-15, 5.000000000000003553, -9.350630497331502866 ) ) ;
#1694 = EDGE_CURVE ( 'NONE', #817, #419, #1000, .T. ) ;
#1695 = CARTESIAN_POINT ( 'NONE',  ( 1.214205016591350494, 2.464969063223616086, 4.234518972224779354 ) ) ;
#1696 = CARTESIAN_POINT ( 'NONE',  ( 1.412782520390519325, 2.030317881098683941, 2.677932231127846840 ) ) ;
#1697 = CARTESIAN_POINT ( 'NONE',  ( -9.280803497490262899, 3.946921730866583378, -3.548023859676730396 ) ) ;
#1698 = CARTESIAN_POINT ( 'NONE',  ( -0.2500000000000000000, 2.105424415123019699, 1.610460140192644607 ) ) ;
#1699 = ORIENTED_EDGE ( 'NONE', *, *, #903, .T. ) ;
#1700 = CARTESIAN_POINT ( 'NONE',  ( -0.5212335547249108414, 5.500000000000000000, -10.35801624643703178 ) ) ;
#1701 = CIRCLE ( 'NONE', #1321, 3.367062859407734088 ) ;
#1702 = CARTESIAN_POINT ( 'NONE',  ( -0.1212378516543728552, 4.882632289976927886, -10.85073607226338410 ) ) ;
#1703 = DIRECTION ( 'NONE',  ( -0.000000000000000000, 1.000000000000000000, 0.000000000000000000 ) ) ;
#1704 = VECTOR ( 'NONE', #2752, 1000.000000000000114 ) ;
#1705 = FACE_OUTER_BOUND ( 'NONE', #2032, .T. ) ;
#1706 = EDGE_CURVE ( 'NONE', #2002, #1934, #1653, .T. ) ;
#1707 = AXIS2_PLACEMENT_3D ( 'NONE', #1700, #829, #147 ) ;
#1708 = CARTESIAN_POINT ( 'NONE',  ( -4.436700319399563774, 3.888920157119609033, -5.540636488583163377 ) ) ;
#1709 =( BOUNDED_SURFACE ( )  B_SPLINE_SURFACE ( 3, 2, ( 
 ( #1623, #985, #2814 ),
 ( #2496, #2510, #1402 ),
 ( #1853, #859, #1335 ),
 ( #482, #2616, #2629 ),
 ( #21, #255, #1119 ),
 ( #1965, #1552, #2425 ) ),
 .UNSPECIFIED., .F., .F., .T. ) 
 B_SPLINE_SURFACE_WITH_KNOTS ( ( 4, 2, 4 ),
 ( 3, 3 ),
 ( 0.000000000000000000, 0.002856917329923056373, 0.005713834659846112746 ),
 ( 0.000000000000000000, 1.000000000000000000 ),
 .UNSPECIFIED. ) 
 GEOMETRIC_REPRESENTATION_ITEM ( )  RATIONAL_B_SPLINE_SURFACE ( (
 ( 1.000000000000000000, 0.7606641873261105191, 1.000000000000000000),
 ( 1.000000000000000000, 0.7646006905913039775, 1.000000000000000000),
 ( 1.000000000000000000, 0.7692918713867430425, 1.000000000000000000),
 ( 1.000000000000000000, 0.7793880885368734690, 1.000000000000000000),
 ( 1.000000000000000000, 0.7848477781065796854, 1.000000000000000000),
 ( 1.000000000000000000, 0.7887930771276834285, 1.000000000000000000) ) ) 
 REPRESENTATION_ITEM ( '' )  SURFACE ( )  );
#1710 = CARTESIAN_POINT ( 'NONE',  ( -0.2500000000000000000, 2.585926177196320008, 2.002973058305220988 ) ) ;
#1711 = DIRECTION ( 'NONE',  ( 0.000000000000000000, 0.000000000000000000, -1.000000000000000000 ) ) ;
#1712 = ORIENTED_EDGE ( 'NONE', *, *, #2001, .F. ) ;
#1713 = CARTESIAN_POINT ( 'NONE',  ( 9.651398667624462746, 3.967177921003137264, -2.661533116090658346 ) ) ;
#1714 = CARTESIAN_POINT ( 'NONE',  ( 4.168531349457995638, 4.629609045400271405, 8.685689166689959606 ) ) ;
#1715 = DIRECTION ( 'NONE',  ( -0.000000000000000000, 1.000000000000000000, -0.000000000000000000 ) ) ;
#1716 = PLANE ( 'NONE',  #1494 ) ;
#1717 = FACE_OUTER_BOUND ( 'NONE', #2440, .T. ) ;
#1718 = CARTESIAN_POINT ( 'NONE',  ( 6.998295503087275549, 4.824807337334392265, 7.625544920113812353 ) ) ;
#1719 = CARTESIAN_POINT ( 'NONE',  ( -5.422851651424282160, 3.946921730866590483, 8.325531024175473860 ) ) ;
#1720 = ADVANCED_FACE ( 'NONE', ( #2275 ), #329, .T. ) ;
#1721 = ORIENTED_EDGE ( 'NONE', *, *, #766, .T. ) ;
#1722 = VECTOR ( 'NONE', #2, 1000.000000000000114 ) ;
#1723 = CARTESIAN_POINT ( 'NONE',  ( -1.214205016591350494, 2.464969063223616086, 4.234518972224779354 ) ) ;
#1724 = CARTESIAN_POINT ( 'NONE',  ( -0.5064452095373169760, 3.946921730866574496, -9.922968311830834054 ) ) ;
#1725 = VECTOR ( 'NONE', #1314, 1000.000000000000000 ) ;
#1726 = CARTESIAN_POINT ( 'NONE',  ( 4.995051351167724363, 4.816254974526746224, 8.978639128178924622 ) ) ;
#1727 = AXIS2_PLACEMENT_3D ( 'NONE', #1025, #386, #1049 ) ;
#1728 = PLANE ( 'NONE',  #1047 ) ;
#1729 = CARTESIAN_POINT ( 'NONE',  ( 0.1666606674190029280, 3.291693159163825211, 3.110605088528824336 ) ) ;
#1730 = CARTESIAN_POINT ( 'NONE',  ( 0.9073664946638738682, 4.852299440335206882, -10.55115354818398288 ) ) ;
#1731 = ORIENTED_EDGE ( 'NONE', *, *, #516, .F. ) ;
#1732 = CARTESIAN_POINT ( 'NONE',  ( 5.596701343533419859, 4.859628337540981668, 9.064818980461909703 ) ) ;
#1733 = DIRECTION ( 'NONE',  ( 0.000000000000000000, -1.000000000000000000, 0.000000000000000000 ) ) ;
#1734 = ORIENTED_EDGE ( 'NONE', *, *, #458, .T. ) ;
#1735 = CARTESIAN_POINT ( 'NONE',  ( 9.710340225656263868, 4.011778406719141543, -3.049912433483839447 ) ) ;
#1736 = EDGE_CURVE ( 'NONE', #1322, #2002, #385, .T. ) ;
#1737 = CARTESIAN_POINT ( 'NONE',  ( 5.615872868018104036, 3.984354578993642981, 8.365836945429522942 ) ) ;
#1738 = AXIS2_PLACEMENT_3D ( 'NONE', #2227, #441, #1096 ) ;
#1739 = DIRECTION ( 'NONE',  ( 0.000000000000000000, -1.000000000000000000, 0.000000000000000000 ) ) ;
#1740 = DIRECTION ( 'NONE',  ( 0.000000000000000000, 0.000000000000000000, 1.000000000000000000 ) ) ;
#1741 = DIRECTION ( 'NONE',  ( 0.000000000000000000, 0.000000000000000000, 1.000000000000000000 ) ) ;
#1742 = EDGE_CURVE ( 'NONE', #77, #104, #836, .T. ) ;
#1743 = CARTESIAN_POINT ( 'NONE',  ( 0.000000000000000000, 2.008072510390587428, 2.700000000000000178 ) ) ;
#1744 = ORIENTED_EDGE ( 'NONE', *, *, #589, .F. ) ;
#1745 = FACE_OUTER_BOUND ( 'NONE', #1898, .T. ) ;
#1746 = CIRCLE ( 'NONE', #2615, 0.9000000000000002442 ) ;
#1747 = ORIENTED_EDGE ( 'NONE', *, *, #668, .T. ) ;
#1748 = CARTESIAN_POINT ( 'NONE',  ( 3.847151808237783577, 3.267538914982461407, -6.398956381082157030 ) ) ;
#1749 = CARTESIAN_POINT ( 'NONE',  ( -0.2500000000000000000, 1.727205421413580355, 1.441864003084547097 ) ) ;
#1750 = VERTEX_POINT ( 'NONE', #2832 ) ;
#1751 = LINE ( 'NONE', #855, #2574 ) ;
#1752 = CARTESIAN_POINT ( 'NONE',  ( 6.132367475076314633, 4.007223406015252287, 8.102252612170968149 ) ) ;
#1753 = CARTESIAN_POINT ( 'NONE',  ( 6.168287927430919027, 3.019586913459447075, 1.969301594609912609 ) ) ;
#1754 = ADVANCED_FACE ( 'NONE', ( #658 ), #2151, .F. ) ;
#1755 = CARTESIAN_POINT ( 'NONE',  ( 3.627407909441981548, 3.560087264838672549, 7.714322791803051693 ) ) ;
#1756 = ORIENTED_EDGE ( 'NONE', *, *, #1202, .T. ) ;
#1757 = FACE_OUTER_BOUND ( 'NONE', #2173, .T. ) ;
#1758 = CARTESIAN_POINT ( 'NONE',  ( -9.435498982901167508, 4.826634822600539998, -4.293261089385008056 ) ) ;
#1759 = ORIENTED_EDGE ( 'NONE', *, *, #766, .F. ) ;
#1760 = EDGE_CURVE ( 'NONE', #554, #428, #939, .T. ) ;
#1761 = DIRECTION ( 'NONE',  ( -0.000000000000000000, 1.000000000000000000, -0.000000000000000000 ) ) ;
#1762 = ORIENTED_EDGE ( 'NONE', *, *, #2240, .F. ) ;
#1763 = EDGE_CURVE ( 'NONE', #517, #1384, #393, .T. ) ;
#1764 = CARTESIAN_POINT ( 'NONE',  ( 0.2892481879887817686, 2.828302925101298104, 3.228174004136798114 ) ) ;
#1765 = CARTESIAN_POINT ( 'NONE',  ( -9.668168343466279069, 4.105120892554712242, -4.198315007034188362 ) ) ;
#1766 = VERTEX_POINT ( 'NONE', #193 ) ;
#1767 = CARTESIAN_POINT ( 'NONE',  ( 9.715511468144841345, 4.001356074919209860, -2.900144542966808459 ) ) ;
#1768 = CARTESIAN_POINT ( 'NONE',  ( -5.496162705967736706, 0.000000000000000000, 9.064818980461890163 ) ) ;
#1769 = CARTESIAN_POINT ( 'NONE',  ( 6.193238435940354947, 3.237903514227939095, 3.916934001105803365 ) ) ;
#1770 = CARTESIAN_POINT ( 'NONE',  ( -6.855409320787920535, 3.922394763470740564, 2.227457514062654909 ) ) ;
#1771 = CARTESIAN_POINT ( 'NONE',  ( -7.468999812714217867, 3.560087264838668997, -4.108881365443527223 ) ) ;
#1772 = ORIENTED_EDGE ( 'NONE', *, *, #983, .T. ) ;
#1773 = CARTESIAN_POINT ( 'NONE',  ( 5.496162705967675421, 5.000000000000002665, 7.564818980461910591 ) ) ;
#1774 = CARTESIAN_POINT ( 'NONE',  ( -10.23124261415429004, 4.837015014515296585, -2.169431078677459990 ) ) ;
#1775 = ORIENTED_EDGE ( 'NONE', *, *, #2495, .T. ) ;
#1776 = VECTOR ( 'NONE', #2419, 1000.000000000000227 ) ;
#1777 = LINE ( 'NONE', #2427, #416 ) ;
#1778 = ORIENTED_EDGE ( 'NONE', *, *, #2462, .F. ) ;
#1779 = DIRECTION ( 'NONE',  ( -0.000000000000000000, 1.000000000000000000, -0.000000000000000000 ) ) ;
#1780 = CARTESIAN_POINT ( 'NONE',  ( -9.762859716692439349, 4.853502510098386402, -4.135096056299309097 ) ) ;
#1781 = EDGE_CURVE ( 'NONE', #2502, #2030, #45, .T. ) ;
#1782 = ORIENTED_EDGE ( 'NONE', *, *, #1106, .F. ) ;
#1783 = CARTESIAN_POINT ( 'NONE',  ( 6.355584391100187247, 5.500000000000000000, 2.240687769641915850 ) ) ;
#1784 = CARTESIAN_POINT ( 'NONE',  ( -5.496162705967736706, 5.000000000000002665, 9.064818980461890163 ) ) ;
#1785 = CARTESIAN_POINT ( 'NONE',  ( 6.228120655845099662, 3.747287716844170280, 6.783982782949630419 ) ) ;
#1786 = CARTESIAN_POINT ( 'NONE',  ( 4.550225591012203807, 4.497526225296329727, -6.262848237534444529 ) ) ;
#1787 = ORIENTED_EDGE ( 'NONE', *, *, #2579, .F. ) ;
#1788 = CYLINDRICAL_SURFACE ( 'NONE', #956, 0.9000000000000000222 ) ;
#1789 = EDGE_LOOP ( 'NONE', ( #1352, #2171, #747, #609, #1571 ) ) ;
#1790 = CARTESIAN_POINT ( 'NONE',  ( 0.2500000000000000000, 3.106560023536485637, 3.116895480236335114 ) ) ;
#1791 = AXIS2_PLACEMENT_3D ( 'NONE', #1453, #2353, #1676 ) ;
#1792 = ORIENTED_EDGE ( 'NONE', *, *, #2565, .T. ) ;
#1793 = CARTESIAN_POINT ( 'NONE',  ( 3.365190741909991790, 4.107236758687556666, -7.100640403363312814 ) ) ;
#1794 = EDGE_CURVE ( 'NONE', #525, #1766, #2224, .T. ) ;
#1795 = CARTESIAN_POINT ( 'NONE',  ( 5.496162705967675421, 5.500000000000000000, 7.564818980461910591 ) ) ;
#1796 = EDGE_CURVE ( 'NONE', #17, #245, #291, .T. ) ;
#1797 = EDGE_LOOP ( 'NONE', ( #1962, #473, #84, #2445 ) ) ;
#1798 = CARTESIAN_POINT ( 'NONE',  ( -6.790602350264110854, 4.870689318967023063, 8.332265778983771298 ) ) ;
#1799 = CARTESIAN_POINT ( 'NONE',  ( 3.812540484307842092, 3.022603524283477228, -5.247511793665711188 ) ) ;
#1800 = LINE ( 'NONE', #2627, #1661 ) ;
#1801 = CARTESIAN_POINT ( 'NONE',  ( 3.779022909878129166, 3.019586913459440858, -5.257842767983757604 ) ) ;
#1802 = VERTEX_POINT ( 'NONE', #1499 ) ;
#1803 = CARTESIAN_POINT ( 'NONE',  ( -1.149999999999999911, 0.000000000000000000, 1.384738242412623110 ) ) ;
#1804 = FACE_OUTER_BOUND ( 'NONE', #1183, .T. ) ;
#1805 = ORIENTED_EDGE ( 'NONE', *, *, #1354, .F. ) ;
#1806 = CARTESIAN_POINT ( 'NONE',  ( -0.2500000000000000000, 3.088639619555467952, 3.045591379022118517 ) ) ;
#1807 = VERTEX_POINT ( 'NONE', #2369 ) ;
#1808 = CARTESIAN_POINT ( 'NONE',  ( 1.145901355879789696, 4.065029421196331150, -10.33168957265638355 ) ) ;
#1809 = CARTESIAN_POINT ( 'NONE',  ( -10.37522426702474654, 4.189277979485545700, -3.144592661444865822 ) ) ;
#1810 = CARTESIAN_POINT ( 'NONE',  ( -6.466364758494731468, 4.192007708696117163, 8.713926605683022686 ) ) ;
#1811 = CARTESIAN_POINT ( 'NONE',  ( -5.496162705969350526, 4.853610981312551864, 9.064818980461890163 ) ) ;
#1812 = CARTESIAN_POINT ( 'NONE',  ( 8.376546157831088024, 3.747287716843795025, -3.826928764534303973 ) ) ;
#1813 = VERTEX_POINT ( 'NONE', #642 ) ;
#1814 = PLANE ( 'NONE',  #1222 ) ;
#1815 = ADVANCED_FACE ( 'NONE', ( #878 ), #1273, .T. ) ;
#1816 = VERTEX_POINT ( 'NONE', #417 ) ;
#1817 = CARTESIAN_POINT ( 'NONE',  ( 2.230407197437898947, 4.453674048553363463, -8.752764480454761298 ) ) ;
#1818 = B_SPLINE_CURVE_WITH_KNOTS ( 'NONE', 3,
 ( #1414, #2284, #778, #2269, #1189, #1370 ),
 .UNSPECIFIED., .F., .F.,
 ( 4, 2, 4 ),
 ( 0.000000000000000000, 0.002687190208182731795, 0.005374380416365463591 ),
 .UNSPECIFIED. ) ;
#1819 = CIRCLE ( 'NONE', #2045, 0.6500000000000000222 ) ;
#1820 = ORIENTED_EDGE ( 'NONE', *, *, #56, .F. ) ;
#1821 = CARTESIAN_POINT ( 'NONE',  ( 6.243745349386295551, 3.967314725583306334, 7.826823716690634036 ) ) ;
#1822 = AXIS2_PLACEMENT_3D ( 'NONE', #118, #757, #1393 ) ;
#1823 = DIRECTION ( 'NONE',  ( -0.000000000000000000, 1.000000000000000000, -0.000000000000000000 ) ) ;
#1824 = CARTESIAN_POINT ( 'NONE',  ( -1.214108048391776107, 2.466660036897445174, 4.241111458152959202 ) ) ;
#1825 = CARTESIAN_POINT ( 'NONE',  ( -5.578366196235310603, 4.137825532027910924, 9.081960215689171889 ) ) ;
#1826 = CARTESIAN_POINT ( 'NONE',  ( -3.079140106677681134E-14, 3.190789842845494384, 6.867977024565047550 ) ) ;
#1827 = B_SPLINE_CURVE_WITH_KNOTS ( 'NONE', 3,
 ( #1347, #961, #1771, #2486, #2692, #1979 ),
 .UNSPECIFIED., .F., .F.,
 ( 4, 2, 4 ),
 ( 0.000000000000000000, 0.002902799596362385867, 0.005805599192724771734 ),
 .UNSPECIFIED. ) ;
#1828 = EDGE_CURVE ( 'NONE', #1105, #2076, #1685, .T. ) ;
#1829 = ORIENTED_EDGE ( 'NONE', *, *, #1265, .T. ) ;
#1830 = CARTESIAN_POINT ( 'NONE',  ( -10.08274900560356535, 5.000000000000003553, -1.976024059789856402 ) ) ;
#1831 = CARTESIAN_POINT ( 'NONE',  ( 9.822696352618120130, 5.500000000000000000, -2.458352155533725991 ) ) ;
#1832 = ORIENTED_EDGE ( 'NONE', *, *, #173, .F. ) ;
#1833 = CARTESIAN_POINT ( 'NONE',  ( 1.236430234329436439, 4.816254974526737342, -10.19988915971655352 ) ) ;
#1834 = ADVANCED_FACE ( 'NONE', ( #430 ), #456, .T. ) ;
#1835 = VERTEX_POINT ( 'NONE', #2258 ) ;
#1836 = CARTESIAN_POINT ( 'NONE',  ( 6.171351495273150078, 4.881111650490368881, 8.909820506656373595 ) ) ;
#1837 = VECTOR ( 'NONE', #2366, 1000.000000000000000 ) ;
#1838 = FACE_OUTER_BOUND ( 'NONE', #320, .T. ) ;
#1839 = CARTESIAN_POINT ( 'NONE',  ( 8.323612104170828493E-16, 2.186811464869681032, -3.367062859407734532 ) ) ;
#1840 = CARTESIAN_POINT ( 'NONE',  ( -6.995637495030818442, 4.816254974526751553, 7.525128213724162407 ) ) ;
#1841 = CARTESIAN_POINT ( 'NONE',  ( 2.372310608169763177E-12, 3.075849475831232471, 6.684997886176244464 ) ) ;
#1842 = AXIS2_PLACEMENT_3D ( 'NONE', #1267, #2131, #857 ) ;
#1843 = EDGE_LOOP ( 'NONE', ( #1072, #288, #1778, #466 ) ) ;
#1844 = VERTEX_POINT ( 'NONE', #1558 ) ;
#1845 = CARTESIAN_POINT ( 'NONE',  ( -5.905504706260126468, 4.013308877769989458, 8.297082128216286989 ) ) ;
#1846 = CARTESIAN_POINT ( 'NONE',  ( -6.995637495030818442, 4.816254974526752441, 7.525128213724162407 ) ) ;
#1847 = CIRCLE ( 'NONE', #936, 0.9000000000000001332 ) ;
#1848 = VERTEX_POINT ( 'NONE', #2447 ) ;
#1849 = CARTESIAN_POINT ( 'NONE',  ( 0.5250000000000000222, 8.185609800399156200, -0.6500000000000000222 ) ) ;
#1850 = EDGE_CURVE ( 'NONE', #652, #1576, #2083, .T. ) ;
#1851 = CARTESIAN_POINT ( 'NONE',  ( 5.944933257391445736, 4.875152600222521393, 9.001312627800466259 ) ) ;
#1852 = FACE_OUTER_BOUND ( 'NONE', #527, .T. ) ;
#1853 = CARTESIAN_POINT ( 'NONE',  ( 3.225926071547329688, 4.429354497324058393, 8.351594191018456570 ) ) ;
#1854 = ADVANCED_FACE ( 'NONE', ( #262 ), #101, .F. ) ;
#1855 = CARTESIAN_POINT ( 'NONE',  ( 0.2500000000000222045, 1.201231195828761367, 3.192946023617682538 ) ) ;
#1856 = CARTESIAN_POINT ( 'NONE',  ( 0.2500000000000000000, 7.786483990622643070, 1.384738242412623110 ) ) ;
#1857 = FACE_OUTER_BOUND ( 'NONE', #948, .T. ) ;
#1858 = ORIENTED_EDGE ( 'NONE', *, *, #141, .T. ) ;
#1859 = LINE ( 'NONE', #1887, #2535 ) ;
#1860 = FACE_OUTER_BOUND ( 'NONE', #2628, .T. ) ;
#1861 = VERTEX_POINT ( 'NONE', #2687 ) ;
#1862 = B_SPLINE_CURVE_WITH_KNOTS ( 'NONE', 3,
 ( #1363, #1841, #1826, #524, #1594, #282 ),
 .UNSPECIFIED., .F., .F.,
 ( 4, 2, 4 ),
 ( -7.582031947799243720E-06, 0.0006095933556397153388, 0.001226768743227229803 ),
 .UNSPECIFIED. ) ;
#1863 = CARTESIAN_POINT ( 'NONE',  ( -4.995051351167790976, 4.816254974526752441, 8.978639128178908635 ) ) ;
#1864 = CARTESIAN_POINT ( 'NONE',  ( 5.808908579497278346, 4.005819356673415932, 8.330488885407806521 ) ) ;
#1865 = CIRCLE ( 'NONE', #400, 0.9000000000000001332 ) ;
#1866 = ADVANCED_FACE ( 'NONE', ( #721 ), #316, .T. ) ;
#1867 = LINE ( 'NONE', #1416, #2456 ) ;
#1868 = EDGE_CURVE ( 'NONE', #1462, #1802, #1999, .T. ) ;
#1869 = DIRECTION ( 'NONE',  ( 0.000000000000000000, 0.000000000000000000, -1.000000000000000000 ) ) ;
#1870 = DIRECTION ( 'NONE',  ( 0.9425467651446755024, 0.000000000000000000, 0.3340742365333005948 ) ) ;
#1871 = CARTESIAN_POINT ( 'NONE',  ( -0.2500000000000000000, 1.524636162307613452, 1.396520043740417494 ) ) ;
#1872 = ORIENTED_EDGE ( 'NONE', *, *, #411, .F. ) ;
#1873 = ORIENTED_EDGE ( 'NONE', *, *, #2070, .F. ) ;
#1874 = CARTESIAN_POINT ( 'NONE',  ( -0.1071827703722279812, 4.192046823551601520, -10.85071157644279793 ) ) ;
#1875 = VERTEX_POINT ( 'NONE', #2004 ) ;
#1876 = CARTESIAN_POINT ( 'NONE',  ( 0.3738478185780407248, 3.984383251112872060, -10.06914427205618878 ) ) ;
#1877 = CARTESIAN_POINT ( 'NONE',  ( 6.789976059659511343, 4.870741255560618654, 8.333355300783258812 ) ) ;
#1878 = AXIS2_PLACEMENT_3D ( 'NONE', #1512, #1060, #2606 ) ;
#1879 = CARTESIAN_POINT ( 'NONE',  ( -0.5250000000000000222, 3.899999999999999911, -3.214697847761803062E-17 ) ) ;
#1880 = LINE ( 'NONE', #998, #2759 ) ;
#1881 = PLANE ( 'NONE',  #1355 ) ;
#1882 = LINE ( 'NONE', #2738, #1704 ) ;
#1883 = CARTESIAN_POINT ( 'NONE',  ( -0.2500000000000000000, 2.015453040631118409, 1.559889586238861758 ) ) ;
#1884 = ORIENTED_EDGE ( 'NONE', *, *, #2183, .F. ) ;
#1885 = ADVANCED_FACE ( 'NONE', ( #925 ), #1375, .T. ) ;
#1886 = EDGE_LOOP ( 'NONE', ( #305, #2807, #917, #1616 ) ) ;
#1887 = CARTESIAN_POINT ( 'NONE',  ( -4.236875967039762436, 5.000000000000002665, -5.831559480312312971 ) ) ;
#1888 = FACE_OUTER_BOUND ( 'NONE', #346, .T. ) ;
#1889 = VECTOR ( 'NONE', #770, 1000.000000000000000 ) ;
#1890 = CARTESIAN_POINT ( 'NONE',  ( 10.15699458015617651, 4.826634822600529340, -2.072725967568706196 ) ) ;
#1891 = PRODUCT_DEFINITION_FORMATION_WITH_SPECIFIED_SOURCE ( 'ANY', '', #1498, .NOT_KNOWN. ) ;
#1892 = CARTESIAN_POINT ( 'NONE',  ( 6.350895087932193483, 5.500000000000000000, 2.063530902778029752 ) ) ;
#1893 = CARTESIAN_POINT ( 'NONE',  ( 5.695633794458120569, 4.864705242682930475, 9.054812637436103984 ) ) ;
#1894 = CARTESIAN_POINT ( 'NONE',  ( 1.546957357999145133, 1.837793758762005680, 2.410846393613045535 ) ) ;
#1895 = CARTESIAN_POINT ( 'NONE',  ( -9.318593096069971438, 4.816254974526745336, -4.327854122396569636 ) ) ;
#1896 = DIRECTION ( 'NONE',  ( 0.7068591943765132335, 0.7071067811865492381, 0.01871040687382794984 ) ) ;
#1897 = ORIENTED_EDGE ( 'NONE', *, *, #141, .F. ) ;
#1898 = EDGE_LOOP ( 'NONE', ( #2455, #302, #2018, #1349 ) ) ;
#1899 = CARTESIAN_POINT ( 'NONE',  ( -0.5042981354597844135, 2.546031989619474967, 3.503696875288883295 ) ) ;
#1900 = EDGE_CURVE ( 'NONE', #1807, #1120, #364, .T. ) ;
#1901 = CARTESIAN_POINT ( 'NONE',  ( 1.676944476671975881, 4.145322675387120626, 7.802576505267144746 ) ) ;
#1902 = CARTESIAN_POINT ( 'NONE',  ( 0.03318868166979681983, 3.019586913459455957, 6.474938087552082777 ) ) ;
#1903 = PLANE ( 'NONE',  #1791 ) ;
#1904 = ADVANCED_FACE ( 'NONE', ( #1838 ), #2099, .T. ) ;
#1905 = CARTESIAN_POINT ( 'NONE',  ( -1.724999999999999867, 5.500000000000000000, 2.077107363618934333 ) ) ;
#1906 = DIRECTION ( 'NONE',  ( 0.000000000000000000, 1.000000000000000000, 0.000000000000000000 ) ) ;
#1907 = CARTESIAN_POINT ( 'NONE',  ( 6.820517623282248643, 4.869571469511309481, 8.296678692156426393 ) ) ;
#1908 = CARTESIAN_POINT ( 'NONE',  ( 7.470082810085624025, 3.560298940781824406, -4.108544169463613116 ) ) ;
#1909 = CARTESIAN_POINT ( 'NONE',  ( -5.713209196924561972, 4.107236758687565548, -5.394705139254081239 ) ) ;
#1910 = CARTESIAN_POINT ( 'NONE',  ( -10.08274900560356535, 4.816254974526746224, -1.976024059789855958 ) ) ;
#1911 = AXIS2_PLACEMENT_3D ( 'NONE', #1544, #1592, #2482 ) ;
#1912 = VERTEX_POINT ( 'NONE', #2072 ) ;
#1913 = COLOUR_RGB ( '',0.7921568627450980005, 0.8196078431372548767, 0.9333333333333333481 ) ;
#1914 = DIRECTION ( 'NONE',  ( 1.000000000000000000, 0.000000000000000000, 0.000000000000000000 ) ) ;
#1915 = CARTESIAN_POINT ( 'NONE',  ( 4.236875967039741120, 3.922394763470725021, -5.831559480312301424 ) ) ;
#1916 = EDGE_CURVE ( 'NONE', #419, #1629, #2358, .T. ) ;
#1917 = CARTESIAN_POINT ( 'NONE',  ( 10.35060263978203743, 4.859434704893037527, -2.515538439325392783 ) ) ;
#1918 = EDGE_CURVE ( 'NONE', #1813, #2411, #1819, .T. ) ;
#1919 = CARTESIAN_POINT ( 'NONE',  ( -3.017990713324496344E-14, 0.000000000000000000, 7.208203932499416489 ) ) ;
#1920 = LINE ( 'NONE', #1035, #150 ) ;
#1921 = CARTESIAN_POINT ( 'NONE',  ( -0.2500000000000000000, 1.827089797346550748, 1.475744894067220869 ) ) ;
#1922 = CARTESIAN_POINT ( 'NONE',  ( -0.2499999999999995559, 2.095589368535480723, 3.154945349236713881 ) ) ;
#1923 =( BOUNDED_SURFACE ( )  B_SPLINE_SURFACE ( 3, 2, ( 
 ( #603, #154, #1497 ),
 ( #2553, #1471, #1458 ),
 ( #392, #2830, #1260 ),
 ( #2124, #180, #2150 ),
 ( #1046, #2591, #2803 ),
 ( #837, #2367, #1708 ) ),
 .UNSPECIFIED., .F., .F., .T. ) 
 B_SPLINE_SURFACE_WITH_KNOTS ( ( 4, 2, 4 ),
 ( 3, 3 ),
 ( -1.734723475976807094E-18, 0.002856917329923055505, 0.005713834659846112746 ),
 ( 0.000000000000000000, 1.000000000000000000 ),
 .UNSPECIFIED. ) 
 GEOMETRIC_REPRESENTATION_ITEM ( )  RATIONAL_B_SPLINE_SURFACE ( (
 ( 1.000000000000000000, 0.7606641873261106301, 1.000000000000000000),
 ( 1.000000000000000000, 0.7646006905912240414, 1.000000000000000000),
 ( 1.000000000000000000, 0.7692918713868491798, 1.000000000000000000),
 ( 1.000000000000000000, 0.7793880885367675537, 1.000000000000000000),
 ( 1.000000000000000000, 0.7848477781066592884, 1.000000000000000000),
 ( 1.000000000000000000, 0.7887930771276833175, 1.000000000000000000) ) ) 
 REPRESENTATION_ITEM ( '' )  SURFACE ( )  );
#1924 = ORIENTED_EDGE ( 'NONE', *, *, #2330, .F. ) ;
#1925 = CARTESIAN_POINT ( 'NONE',  ( 10.13416932048432706, 4.178418035019064725, -3.740388919863001593 ) ) ;
#1926 = CIRCLE ( 'NONE', #1094, 1.499999999999999556 ) ;
#1927 = CARTESIAN_POINT ( 'NONE',  ( 0.5064452095373100926, 3.946921730866573608, -9.922968311830832278 ) ) ;
#1928 = CARTESIAN_POINT ( 'NONE',  ( -3.257633741999552690, 3.106146008434050643, -6.036062342544880721 ) ) ;
#1929 = LINE ( 'NONE', #1493, #1057 ) ;
#1930 = DIRECTION ( 'NONE',  ( 0.000000000000000000, 0.000000000000000000, -1.000000000000000000 ) ) ;
#1931 = CARTESIAN_POINT ( 'NONE',  ( 4.236875967039741120, 0.000000000000000000, -5.831559480312301424 ) ) ;
#1932 = CARTESIAN_POINT ( 'NONE',  ( -3.812540484307868738, 3.022603524283483445, -5.247511793665720958 ) ) ;
#1933 = CARTESIAN_POINT ( 'NONE',  ( 9.716057338753502748, 4.013267847640729968, -3.051502698581594064 ) ) ;
#1934 = VERTEX_POINT ( 'NONE', #2312 ) ;
#1935 = DIRECTION ( 'NONE',  ( 8.673617379884035472E-16, 0.000000000000000000, -1.000000000000000000 ) ) ;
#1936 = CARTESIAN_POINT ( 'NONE',  ( -1.100819537393337821, 4.836647600037805361, -10.39732390276573959 ) ) ;
#1937 = CARTESIAN_POINT ( 'NONE',  ( -10.35686981825453934, 4.882631791572205060, -3.238535710080128638 ) ) ;
#1938 = DIRECTION ( 'NONE',  ( 0.000000000000000000, 0.000000000000000000, -1.000000000000000000 ) ) ;
#1939 = ORIENTED_EDGE ( 'NONE', *, *, #333, .T. ) ;
#1940 = CARTESIAN_POINT ( 'NONE',  ( 5.987279940795636968, 4.876386399754645495, 8.985657445690023337 ) ) ;
#1941 = EDGE_CURVE ( 'NONE', #595, #1997, #1867, .T. ) ;
#1942 = CARTESIAN_POINT ( 'NONE',  ( -0.2500000000000000000, 1.317478221209520628, 1.384738242412623110 ) ) ;
#1943 = EDGE_CURVE ( 'NONE', #666, #2308, #563, .T. ) ;
#1944 = DIRECTION ( 'NONE',  ( 1.000000000000000000, 0.000000000000000000, -0.000000000000000000 ) ) ;
#1945 = LINE ( 'NONE', #2610, #1450 ) ;
#1946 = AXIS2_PLACEMENT_3D ( 'NONE', #1191, #576, #1231 ) ;
#1947 = CARTESIAN_POINT ( 'NONE',  ( -3.363592747380179659, 3.695972679917668202, 8.400388469802701152 ) ) ;
#1948 = CLOSED_SHELL ( 'NONE', ( #2085, #941, #2635, #1059, #1564, #1195, #398, #1278, #2498, #20, #1754, #994, #1854, #2260, #347, #1230, #295, #2599, #1960, #558, #788, #253, #636, #1639, #186, #1885, #1099, #2782, #1083, #521, #1142, #1815, #2800, #1181, #2051, #1720, #2364, #2768, #2222, #1904, #2145, #691, #95, #2732, #74, #2672, #2397, #1866, #368, #1163, #2834, #388, #2080, #2689, #2613, #1308, #2035, #52, #822, #159, #1525, #475, #314, #2297, #1336, #443, #656, #1679, #2054, #1834, #1442, #2147, #1584, #2178 ) ) ;
#1949 = CARTESIAN_POINT ( 'NONE',  ( 4.526864813714187363, 3.747178236936104856, 8.019492963361832594 ) ) ;
#1950 = B_SPLINE_CURVE_WITH_KNOTS ( 'NONE', 3,
 ( #2390, #1758, #1951, #273, #2376, #886, #2219, #1570, #1076, #1937, #665, #2602, #901, #1351, #1774, #918 ),
 .UNSPECIFIED., .F., .F.,
 ( 4, 2, 2, 2, 2, 2, 2, 4 ),
 ( 0.000000000000000000, 0.0003619523874338534657, 0.0007239047748677069315, 0.001085857162301560397, 0.001447809549735413863, 0.001809761937169267329, 0.002171714324603120794, 0.002895619099470827726 ),
 .UNSPECIFIED. ) ;
#1951 = CARTESIAN_POINT ( 'NONE',  ( -9.545956576323298748, 4.835893390466076802, -4.245301879111701204 ) ) ;
#1952 = CARTESIAN_POINT ( 'NONE',  ( 1.051429129194536793, 3.747178236936091977, -9.148730470252907310 ) ) ;
#1953 = B_SPLINE_CURVE_WITH_KNOTS ( 'NONE', 3,
 ( #2403, #1566, #1103, #648, #1346, #199, #2824, #1978, #2156, #1549, #2421, #634, #464, #210, #1075, #870 ),
 .UNSPECIFIED., .F., .F.,
 ( 4, 2, 2, 2, 2, 2, 2, 4 ),
 ( 0.000000000000000000, 0.0002984218417415238620, 0.0005968436834830504346, 0.0008952655252245768445, 0.001193687366966103471, 0.001790531050449156291, 0.002088952892190683135, 0.002387374733932209545 ),
 .UNSPECIFIED. ) ;
#1954 = VERTEX_POINT ( 'NONE', #413 ) ;
#1955 = CARTESIAN_POINT ( 'NONE',  ( 1.051130421972976903, 3.747287716844090344, -9.149154831956849421 ) ) ;
#1956 = CARTESIAN_POINT ( 'NONE',  ( 0.5250000000000000222, 3.899999999999999911, -3.214697847761803062E-17 ) ) ;
#1957 = PLANE ( 'NONE',  #957 ) ;
#1958 = FACE_OUTER_BOUND ( 'NONE', #2094, .T. ) ;
#1959 = CARTESIAN_POINT ( 'NONE',  ( -1.145901355879796579, 4.065029421196332926, -10.33168957265638888 ) ) ;
#1960 = ADVANCED_FACE ( 'NONE', ( #2735 ), #1716, .T. ) ;
#1961 = CARTESIAN_POINT ( 'NONE',  ( 6.899176611926306713, 3.392745889146167926, 3.880939042429377928 ) ) ;
#1962 = ORIENTED_EDGE ( 'NONE', *, *, #1943, .F. ) ;
#1963 = DIRECTION ( 'NONE',  ( 1.000000000000000000, 0.000000000000000000, 0.000000000000000000 ) ) ;
#1964 = VECTOR ( 'NONE', #601, 1000.000000000000000 ) ;
#1965 = CARTESIAN_POINT ( 'NONE',  ( -0.3326615410402761763, 3.888920157119618803, 7.090296095502116813 ) ) ;
#1966 = ORIENTED_EDGE ( 'NONE', *, *, #1828, .F. ) ;
#1967 = CARTESIAN_POINT ( 'NONE',  ( 3.812540484307842092, 3.022603524283477228, -5.247511793665711188 ) ) ;
#1968 = B_SPLINE_CURVE_WITH_KNOTS ( 'NONE', 3,
 ( #1726, #1690, #2562, #2785 ),
 .UNSPECIFIED., .F., .F.,
 ( 4, 4 ),
 ( 0.000000000000000000, 0.0005098447844805774690 ),
 .UNSPECIFIED. ) ;
#1969 = AXIS2_PLACEMENT_3D ( 'NONE', #2095, #599, #149 ) ;
#1970 = VERTEX_POINT ( 'NONE', #1429 ) ;
#1971 = CARTESIAN_POINT ( 'NONE',  ( 0.7500000000000000000, 8.185609800399156200, 1.127774356863995964 ) ) ;
#1972 = CARTESIAN_POINT ( 'NONE',  ( -9.280803497490262899, 3.946921730866583378, -3.548023859676729952 ) ) ;
#1973 = VECTOR ( 'NONE', #1464, 1000.000000000000000 ) ;
#1974 = B_SPLINE_CURVE_WITH_KNOTS ( 'NONE', 3,
 ( #891, #26, #2210, #2193, #687, #1764, #2637, #1124 ),
 .UNSPECIFIED., .F., .F.,
 ( 4, 2, 2, 4 ),
 ( -6.152541826718686982E-06, 0.0008805890323446768312, 0.001323959819430375103, 0.001767330606516073375 ),
 .UNSPECIFIED. ) ;
#1975 = ORIENTED_EDGE ( 'NONE', *, *, #1850, .F. ) ;
#1976 = CARTESIAN_POINT ( 'NONE',  ( 9.593803850423853419, 3.946921730866574496, -2.584707826322853119 ) ) ;
#1977 = LINE ( 'NONE', #2823, #1776 ) ;
#1978 = CARTESIAN_POINT ( 'NONE',  ( -6.703742700569712554, 4.875986625346710568, 8.460203564472209337 ) ) ;
#1979 = CARTESIAN_POINT ( 'NONE',  ( -3.812540484307868738, 3.022603524283483445, -5.247511793665720958 ) ) ;
#1980 = EDGE_LOOP ( 'NONE', ( #2821, #540, #1364, #708 ) ) ;
#1981 = CARTESIAN_POINT ( 'NONE',  ( 0.2500000000000000000, 2.109029336779280506, 1.601444454946994833 ) ) ;
#1982 = EDGE_LOOP ( 'NONE', ( #108, #717, #1095, #569, #436, #580, #1966, #744 ) ) ;
#1983 = CARTESIAN_POINT ( 'NONE',  ( -9.460652168082827274, 3.984354578993641205, -3.467177010451743424 ) ) ;
#1984 = EDGE_CURVE ( 'NONE', #104, #663, #2644, .T. ) ;
#1985 = ORIENTED_EDGE ( 'NONE', *, *, #1348, .F. ) ;
#1986 = CARTESIAN_POINT ( 'NONE',  ( -1.149999999999999911, 0.000000000000000000, 1.384738242412623110 ) ) ;
#1987 = DIRECTION ( 'NONE',  ( 0.8242868228862924029, 0.000000000000000000, 0.5661724415900353247 ) ) ;
#1988 = ORIENTED_EDGE ( 'NONE', *, *, #411, .T. ) ;
#1989 = CARTESIAN_POINT ( 'NONE',  ( -5.514328276142094865, 3.967314725583329871, 8.356776241055849042 ) ) ;
#1990 = CARTESIAN_POINT ( 'NONE',  ( 5.422851651424217323, 3.946921730866585154, 8.325531024175489847 ) ) ;
#1991 = CARTESIAN_POINT ( 'NONE',  ( 6.183226633704826725, 3.103295377187844650, 2.949688979688458002 ) ) ;
#1992 = AXIS2_PLACEMENT_3D ( 'NONE', #2723, #577, #1869 ) ;
#1993 = CARTESIAN_POINT ( 'NONE',  ( -1.319526887929059589, 2.121498637293544487, 2.900591871419052836 ) ) ;
#1994 =( BOUNDED_SURFACE ( )  B_SPLINE_SURFACE ( 3, 2, ( 
 ( #2458, #2042, #334 ),
 ( #1198, #978, #1425 ),
 ( #2681, #2014, #512 ),
 ( #498, #1152, #2267 ),
 ( #2743, #1134, #1368 ),
 ( #950, #2505, #2697 ) ),
 .UNSPECIFIED., .F., .F., .F. ) 
 B_SPLINE_SURFACE_WITH_KNOTS ( ( 4, 2, 4 ),
 ( 3, 3 ),
 ( 0.000000000000000000, 0.002856917329923055072, 0.005713834659846110144 ),
 ( 0.000000000000000000, 1.000000000000000000 ),
 .UNSPECIFIED. ) 
 GEOMETRIC_REPRESENTATION_ITEM ( )  RATIONAL_B_SPLINE_SURFACE ( (
 ( 1.000000000000000000, 0.7606641873261108522, 1.000000000000000000),
 ( 1.000000000000000000, 0.7646006905911838514, 1.000000000000000000),
 ( 1.000000000000000000, 0.7692918713869022485, 1.000000000000000000),
 ( 1.000000000000000000, 0.7793880885367144851, 1.000000000000000000),
 ( 1.000000000000000000, 0.7848477781066993675, 1.000000000000000000),
 ( 1.000000000000000000, 0.7887930771276833175, 1.000000000000000000) ) ) 
 REPRESENTATION_ITEM ( '' )  SURFACE ( )  );
#1995 = ORIENTED_EDGE ( 'NONE', *, *, #924, .F. ) ;
#1996 = FACE_OUTER_BOUND ( 'NONE', #79, .T. ) ;
#1997 = VERTEX_POINT ( 'NONE', #153 ) ;
#1998 = EDGE_CURVE ( 'NONE', #1426, #264, #1638, .T. ) ;
#1999 = CIRCLE ( 'NONE', #2127, 1.000000000000005995 ) ;
#2000 = CARTESIAN_POINT ( 'NONE',  ( 0.2500000000000000000, 3.109723489824535392, 3.129475856833196179 ) ) ;
#2001 = EDGE_CURVE ( 'NONE', #1643, #699, #1216, .T. ) ;
#2002 = VERTEX_POINT ( 'NONE', #1650 ) ;
#2003 = PLANE ( 'NONE',  #873 ) ;
#2004 = CARTESIAN_POINT ( 'NONE',  ( -5.496162705969350526, 4.853610981312551864, 9.064818980461890163 ) ) ;
#2005 = ORIENTED_EDGE ( 'NONE', *, *, #2413, .T. ) ;
#2006 = B_SPLINE_CURVE_WITH_KNOTS ( 'NONE', 3,
 ( #2520, #2742, #803, #1899, #1423, #359, #172, #2545 ),
 .UNSPECIFIED., .F., .F.,
 ( 4, 2, 2, 4 ),
 ( -6.152541826719783890E-06, 0.0008805890323446755302, 0.001323959819430373368, 0.001767330606516071424 ),
 .UNSPECIFIED. ) ;
#2007 = CARTESIAN_POINT ( 'NONE',  ( -5.945623906279696946, 4.013299046172005724, 8.267885491797693831 ) ) ;
#2008 = CARTESIAN_POINT ( 'NONE',  ( 6.855409320787876126, 3.713754981262328947, 2.227457514062674893 ) ) ;
#2009 = CARTESIAN_POINT ( 'NONE',  ( 6.974945826946473026, 3.874222866746870775, 6.743419086210845848 ) ) ;
#2010 = CARTESIAN_POINT ( 'NONE',  ( 5.639041532570353787, 3.237903514227669532, -4.679720599283692550 ) ) ;
#2011 = ORIENTED_EDGE ( 'NONE', *, *, #425, .T. ) ;
#2012 = CIRCLE ( 'NONE', #2235, 0.8999999999999999112 ) ;
#2013 = CARTESIAN_POINT ( 'NONE',  ( -0.8248160927706823520, 2.437312276546979017, 4.240048146236755855 ) ) ;
#2014 = CARTESIAN_POINT ( 'NONE',  ( -9.028651514711821591, 3.695972679917217896, -0.6031040040389199497 ) ) ;
#2015 = ORIENTED_EDGE ( 'NONE', *, *, #1984, .F. ) ;
#2016 = CARTESIAN_POINT ( 'NONE',  ( -0.2500000000000000000, 3.293082441334743038, 3.110605088528824336 ) ) ;
#2017 = AXIS2_PLACEMENT_3D ( 'NONE', #587, #2327, #2096 ) ;
#2018 = ORIENTED_EDGE ( 'NONE', *, *, #1900, .F. ) ;
#2019 = DIRECTION ( 'NONE',  ( 0.000000000000000000, -1.000000000000000000, 0.000000000000000000 ) ) ;
#2020 = VECTOR ( 'NONE', #2688, 1000.000000000000000 ) ;
#2021 = CARTESIAN_POINT ( 'NONE',  ( -10.32913587561676572, 4.853546236365309241, -2.393666031408177908 ) ) ;
#2022 = CARTESIAN_POINT ( 'NONE',  ( -6.172104862314666818, 4.881120383707515664, 8.909380681896394094 ) ) ;
#2023 = FILL_AREA_STYLE_COLOUR ( '', #1913 ) ;
#2024 = CARTESIAN_POINT ( 'NONE',  ( 6.215825505320241362, 3.560021254463354268, 5.833889318710664185 ) ) ;
#2025 = ORIENTED_EDGE ( 'NONE', *, *, #1916, .F. ) ;
#2026 = CARTESIAN_POINT ( 'NONE',  ( 0.2500000000000000000, 1.317478221209520628, 1.384738242412623110 ) ) ;
#2027 = VERTEX_POINT ( 'NONE', #2144 ) ;
#2028 = DIRECTION ( 'NONE',  ( -0.2362261580724163978, 0.7071067811865450192, 0.6664812092192466952 ) ) ;
#2029 = CARTESIAN_POINT ( 'NONE',  ( -6.847701139664666314, 3.190317696170867023, 1.936250661339796952 ) ) ;
#2030 = VERTEX_POINT ( 'NONE', #2084 ) ;
#2031 = CARTESIAN_POINT ( 'NONE',  ( -0.2500000000000000000, 3.104979099596938408, 3.110605088528824336 ) ) ;
#2032 = EDGE_LOOP ( 'NONE', ( #1734, #1829, #171, #532 ) ) ;
#2033 = CARTESIAN_POINT ( 'NONE',  ( 6.155092512511276759, 4.001408011457978198, 8.057343016871051589 ) ) ;
#2034 = CARTESIAN_POINT ( 'NONE',  ( -9.593803850423885393, 3.946921730866584266, -2.584707826322877544 ) ) ;
#2035 = ADVANCED_FACE ( 'NONE', ( #2588 ), #2167, .F. ) ;
#2036 = CARTESIAN_POINT ( 'NONE',  ( -4.995051351167790976, 5.000000000000002665, 8.978639128178908635 ) ) ;
#2037 =( NAMED_UNIT ( * ) SI_UNIT ( $, .STERADIAN. ) SOLID_ANGLE_UNIT ( ) );
#2038 = EDGE_CURVE ( 'NONE', #2265, #499, #1176, .T. ) ;
#2039 = CARTESIAN_POINT ( 'NONE',  ( -5.496162705967736706, 5.000000000000002665, 7.564818980461891051 ) ) ;
#2040 = ORIENTED_EDGE ( 'NONE', *, *, #481, .T. ) ;
#2041 = CARTESIAN_POINT ( 'NONE',  ( -6.220983586746705818, 3.984354578993646978, 7.926198274121330378 ) ) ;
#2042 = CARTESIAN_POINT ( 'NONE',  ( -10.18012368525773859, 4.065029421196342696, -2.102850707016327370 ) ) ;
#2043 = ORIENTED_EDGE ( 'NONE', *, *, #1662, .T. ) ;
#2044 = PLANE ( 'NONE',  #875 ) ;
#2045 = AXIS2_PLACEMENT_3D ( 'NONE', #625, #2721, #114 ) ;
#2046 = VERTEX_POINT ( 'NONE', #200 ) ;
#2047 = CARTESIAN_POINT ( 'NONE',  ( -0.5250000000000000222, 8.185609800399156200, 0.6500000000000000222 ) ) ;
#2048 = DIRECTION ( 'NONE',  ( -0.000000000000000000, 1.000000000000000000, -0.000000000000000000 ) ) ;
#2049 = CARTESIAN_POINT ( 'NONE',  ( 1.275194345747271196, 2.161557602292164315, 3.015223418836531888 ) ) ;
#2050 = DIRECTION ( 'NONE',  ( 0.000000000000000000, 1.000000000000000000, 0.000000000000000000 ) ) ;
#2051 = ADVANCED_FACE ( 'NONE', ( #796 ), #2539, .T. ) ;
#2052 = ORIENTED_EDGE ( 'NONE', *, *, #1030, .T. ) ;
#2053 = CARTESIAN_POINT ( 'NONE',  ( -0.1991258566745466863, 4.007193092270303403, -10.15925495429138969 ) ) ;
#2054 = ADVANCED_FACE ( 'NONE', ( #1055 ), #1709, .T. ) ;
#2055 = FACE_OUTER_BOUND ( 'NONE', #1595, .T. ) ;
#2056 = EDGE_LOOP ( 'NONE', ( #39, #361, #2304, #842 ) ) ;
#2057 = LINE ( 'NONE', #2071, #2187 ) ;
#2058 = CARTESIAN_POINT ( 'NONE',  ( 5.826044136331526069, 4.870689318967017734, 9.033058342142663122 ) ) ;
#2059 = CARTESIAN_POINT ( 'NONE',  ( -3.229562819428906106, 4.145322675387108191, -7.298100224972881911 ) ) ;
#2060 = CIRCLE ( 'NONE', #2715, 0.5000000000000000000 ) ;
#2061 = DIRECTION ( 'NONE',  ( -0.000000000000000000, 1.000000000000000000, -0.000000000000000000 ) ) ;
#2062 = CARTESIAN_POINT ( 'NONE',  ( 0.2500000000000000000, 2.095589368535510033, 3.154945349236710772 ) ) ;
#2063 = CARTESIAN_POINT ( 'NONE',  ( 9.280803497490232701, 3.946921730866573608, -3.548023859676707303 ) ) ;
#2064 = CARTESIAN_POINT ( 'NONE',  ( 6.855409320787875238, 3.922394763470731238, 2.227457514062674893 ) ) ;
#2065 = VECTOR ( 'NONE', #2143, 1000.000000000000000 ) ;
#2066 = ORIENTED_EDGE ( 'NONE', *, *, #2819, .F. ) ;
#2067 = PLANE ( 'NONE',  #2773 ) ;
#2068 = CARTESIAN_POINT ( 'NONE',  ( -6.970820913353493076, 4.616631415790854120, 6.587584254904641945 ) ) ;
#2069 = VERTEX_POINT ( 'NONE', #1091 ) ;
#2070 = EDGE_CURVE ( 'NONE', #2206, #2596, #1950, .T. ) ;
#2071 = CARTESIAN_POINT ( 'NONE',  ( -4.995051351167790976, 5.000000000000001776, 8.978639128178908635 ) ) ;
#2072 = CARTESIAN_POINT ( 'NONE',  ( -3.017990713324496344E-14, 5.000000000000001776, 7.208203932499416489 ) ) ;
#2073 = CARTESIAN_POINT ( 'NONE',  ( 0.2499999999999894806, 1.368931440795666310, 2.920607057005851104 ) ) ;
#2074 = CARTESIAN_POINT ( 'NONE',  ( -5.639041532570864490, 3.237903514227792545, -4.679720599283753835 ) ) ;
#2075 = CARTESIAN_POINT ( 'NONE',  ( -1.697377452916282170, 1.522068376470424367, 2.128142729385361864 ) ) ;
#2076 = VERTEX_POINT ( 'NONE', #1521 ) ;
#2077 = CARTESIAN_POINT ( 'NONE',  ( 0.5961297603381335852, 4.870689318967008852, -10.73236053251450350 ) ) ;
#2078 = ORIENTED_EDGE ( 'NONE', *, *, #851, .T. ) ;
#2079 = CARTESIAN_POINT ( 'NONE',  ( -0.2500000000000000000, 3.106560023536485193, 3.116895480236335114 ) ) ;
#2080 = ADVANCED_FACE ( 'NONE', ( #2649 ), #1788, .T. ) ;
#2081 = CARTESIAN_POINT ( 'NONE',  ( 4.995051351167724363, 4.816254974526746224, 8.978639128178924622 ) ) ;
#2082 = B_SPLINE_CURVE_WITH_KNOTS ( 'NONE', 3,
 ( #551, #354, #2088, #2114 ),
 .UNSPECIFIED., .F., .F.,
 ( 4, 4 ),
 ( 0.000000000000000000, 0.0001843274558911936099 ),
 .UNSPECIFIED. ) ;
#2083 = CIRCLE ( 'NONE', #2831, 0.8999999999999998002 ) ;
#2084 = CARTESIAN_POINT ( 'NONE',  ( 0.2500000000000000000, 0.000000000000000000, 1.384738242412623110 ) ) ;
#2085 = ADVANCED_FACE ( 'NONE', ( #1996 ), #651, .T. ) ;
#2086 = AXIS2_PLACEMENT_3D ( 'NONE', #1161, #330, #2230 ) ;
#2087 = CARTESIAN_POINT ( 'NONE',  ( 1.572805526418636468, 1.796841643289147861, 2.361195872049481892 ) ) ;
#2088 = CARTESIAN_POINT ( 'NONE',  ( -0.2500000000000000000, 3.170195759704225846, 3.116895288093864735 ) ) ;
#2089 = FACE_OUTER_BOUND ( 'NONE', #2559, .T. ) ;
#2090 = ORIENTED_EDGE ( 'NONE', *, *, #1868, .T. ) ;
#2091 = B_SPLINE_CURVE_WITH_KNOTS ( 'NONE', 3,
 ( #858, #477, #898, #2660, #696, #679 ),
 .UNSPECIFIED., .F., .F.,
 ( 4, 2, 4 ),
 ( 0.000000000000000000, 0.002687190208182731795, 0.005374380416365463591 ),
 .UNSPECIFIED. ) ;
#2092 = ORIENTED_EDGE ( 'NONE', *, *, #2787, .F. ) ;
#2093 = CARTESIAN_POINT ( 'NONE',  ( 4.191790474764220953, 3.512075990375461032, -5.769504623868733972 ) ) ;
#2094 = EDGE_LOOP ( 'NONE', ( #1275, #789, #470, #2268 ) ) ;
#2095 = CARTESIAN_POINT ( 'NONE',  ( -0.2500000000000000000, 7.786483990622643070, 0.2677561955834357743 ) ) ;
#2096 = DIRECTION ( 'NONE',  ( 0.000000000000000000, 0.000000000000000000, -1.000000000000000000 ) ) ;
#2097 = DIRECTION ( 'NONE',  ( 0.000000000000000000, 0.000000000000000000, -1.000000000000000000 ) ) ;
#2098 = AXIS2_PLACEMENT_3D ( 'NONE', #1971, #278, #2430 ) ;
#2099 = PLANE ( 'NONE',  #442 ) ;
#2100 =( BOUNDED_SURFACE ( )  B_SPLINE_SURFACE ( 3, 2, ( 
 ( #1824, #369, #1232 ),
 ( #327, #2750, #783 ),
 ( #2527, #1651, #565 ),
 ( #1430, #2705, #738 ) ),
 .UNSPECIFIED., .F., .F., .F. ) 
 B_SPLINE_SURFACE_WITH_KNOTS ( ( 4, 4 ),
 ( 3, 3 ),
 ( 0.01331090755535698118, 0.01444749675217310569 ),
 ( 0.000000000000000000, 1.000000000000000000 ),
 .UNSPECIFIED. ) 
 GEOMETRIC_REPRESENTATION_ITEM ( )  RATIONAL_B_SPLINE_SURFACE ( (
 ( 1.000000000000000000, 0.6814575684223664886, 1.000000000000000000),
 ( 1.000000000000000000, 0.6792415307110495348, 1.000000000000000000),
 ( 1.000000000000000000, 0.6765324495883777711, 1.000000000000000000),
 ( 1.000000000000000000, 0.6726930652386731158, 1.000000000000000000) ) ) 
 REPRESENTATION_ITEM ( '' )  SURFACE ( )  );
#2101 = EDGE_CURVE ( 'NONE', #554, #17, #437, .T. ) ;
#2102 = CARTESIAN_POINT ( 'NONE',  ( 1.643145457753784289, 1.665923246337100316, 2.228664700023554879 ) ) ;
#2103 = CARTESIAN_POINT ( 'NONE',  ( 4.236875967039741120, 5.000000000000002665, -5.831559480312301424 ) ) ;
#2104 = CARTESIAN_POINT ( 'NONE',  ( -0.2500000000002972622, 1.276827954946471388, 3.302068097887752796 ) ) ;
#2105 = ORIENTED_EDGE ( 'NONE', *, *, #2163, .T. ) ;
#2106 = ORIENTED_EDGE ( 'NONE', *, *, #921, .T. ) ;
#2107 = CARTESIAN_POINT ( 'NONE',  ( 1.005206522290562177, 4.105120892554970702, -10.49232518860504015 ) ) ;
#2108 = VECTOR ( 'NONE', #1243, 1000.000000000000000 ) ;
#2109 = CARTESIAN_POINT ( 'NONE',  ( -3.627562736691521295, 3.560021254463525686, 7.714372293773106293 ) ) ;
#2110 = CARTESIAN_POINT ( 'NONE',  ( 10.39781827279703741, 4.875245584192292370, -2.875463800954048743 ) ) ;
#2111 = DIRECTION ( 'NONE',  ( 0.000000000000000000, 0.000000000000000000, -1.000000000000000000 ) ) ;
#2112 = DIRECTION ( 'NONE',  ( -0.000000000000000000, 1.000000000000000000, -0.000000000000000000 ) ) ;
#2113 = CARTESIAN_POINT ( 'NONE',  ( 4.733972235913999071, 3.106146008434046646, -4.963439640984625534 ) ) ;
#2114 = CARTESIAN_POINT ( 'NONE',  ( -0.2500000000000000000, 3.109723489824535392, 3.129475856833196179 ) ) ;
#2115 = CARTESIAN_POINT ( 'NONE',  ( -1.469099414119779512, 1.951615778083648944, 2.564800534882218486 ) ) ;
#2116 = EDGE_CURVE ( 'NONE', #1658, #937, #1171, .T. ) ;
#2117 = ORIENTED_EDGE ( 'NONE', *, *, #1068, .F. ) ;
#2118 = CARTESIAN_POINT ( 'NONE',  ( -9.063224078001203665, 4.816254974526745336, -3.464843888036283737 ) ) ;
#2119 = CARTESIAN_POINT ( 'NONE',  ( 0.8256840625425310165, 4.137742420145107403, -10.62600125672907581 ) ) ;
#2120 = EDGE_CURVE ( 'NONE', #33, #1462, #212, .T. ) ;
#2121 = CARTESIAN_POINT ( 'NONE',  ( 5.496162705967676310, 4.853610981312450612, 9.064818980461909703 ) ) ;
#2122 = CARTESIAN_POINT ( 'NONE',  ( 1.375014648029812970E-13, 4.013288415475922299, -10.18356763792376896 ) ) ;
#2123 = CARTESIAN_POINT ( 'NONE',  ( -8.892978065955357891, 5.000000000000002665, -2.889503731796094321 ) ) ;
#2124 = CARTESIAN_POINT ( 'NONE',  ( -2.708119104839249669, 3.237903514227779667, -6.809160389315580098 ) ) ;
#2125 = DIRECTION ( 'NONE',  ( 0.000000000000000000, 0.000000000000000000, -1.000000000000000000 ) ) ;
#2126 = CARTESIAN_POINT ( 'NONE',  ( -1.546564674599057554, 1.838394381090583174, 2.411610804321550283 ) ) ;
#2127 = AXIS2_PLACEMENT_3D ( 'NONE', #1795, #1823, #504 ) ;
#2128 = VERTEX_POINT ( 'NONE', #1293 ) ;
#2129 = DIRECTION ( 'NONE',  ( 0.000000000000000000, 0.000000000000000000, 1.000000000000000000 ) ) ;
#2130 = CARTESIAN_POINT ( 'NONE',  ( 3.929236422732704792, 3.075800814175828624, -5.408129973503899457 ) ) ;
#2131 = DIRECTION ( 'NONE',  ( -0.000000000000000000, -1.000000000000000000, 0.000000000000000000 ) ) ;
#2132 = CARTESIAN_POINT ( 'NONE',  ( -0.7500000000000000000, 8.185609800399156200, 1.127774356863995964 ) ) ;
#2133 = EDGE_CURVE ( 'NONE', #1835, #239, #19, .T. ) ;
#2134 = CARTESIAN_POINT ( 'NONE',  ( 1.724999999999999867, 5.500000000000000000, 2.077107363618934333 ) ) ;
#2135 = ADVANCED_BREP_SHAPE_REPRESENTATION ( 'fall2025badge_joystick', ( #2512, #2344 ), #1102 ) ;
#2136 = CARTESIAN_POINT ( 'NONE',  ( -9.176721419365101440, 5.500000000000000000, -3.848403992196416379 ) ) ;
#2137 = CARTESIAN_POINT ( 'NONE',  ( -0.2500000000000000000, 3.005661665080132217, 2.712985730274355411 ) ) ;
#2138 = DIRECTION ( 'NONE',  ( 0.000000000000000000, -1.000000000000000000, 0.000000000000000000 ) ) ;
#2139 = ORIENTED_EDGE ( 'NONE', *, *, #1601, .F. ) ;
#2140 = CARTESIAN_POINT ( 'NONE',  ( 10.37539819034507893, 4.189261976790429998, -3.143840508530161948 ) ) ;
#2141 = DIRECTION ( 'NONE',  ( -8.673617379884035472E-16, 0.000000000000000000, -1.000000000000000000 ) ) ;
#2142 = CARTESIAN_POINT ( 'NONE',  ( -1.599075167150244559, 3.560298940781826182, -8.374080904300704731 ) ) ;
#2143 = DIRECTION ( 'NONE',  ( 0.000000000000000000, 1.000000000000000000, 0.000000000000000000 ) ) ;
#2144 = CARTESIAN_POINT ( 'NONE',  ( 6.855409320787875238, 5.000000000000002665, 2.227457514062674893 ) ) ;
#2145 = ADVANCED_FACE ( 'NONE', ( #1860 ), #1814, .T. ) ;
#2146 = DIRECTION ( 'NONE',  ( 0.000000000000000000, -1.000000000000000000, 0.000000000000000000 ) ) ;
#2147 = ADVANCED_FACE ( 'NONE', ( #1804 ), #1994, .T. ) ;
#2148 = AXIS2_PLACEMENT_3D ( 'NONE', #2118, #556, #775 ) ;
#2149 = ORIENTED_EDGE ( 'NONE', *, *, #536, .T. ) ;
#2150 = CARTESIAN_POINT ( 'NONE',  ( -3.365190741910011329, 4.107236758687143663, -7.100640403363319919 ) ) ;
#2151 = CYLINDRICAL_SURFACE ( 'NONE', #2221, 0.6500000000000000222 ) ;
#2152 = ORIENTED_EDGE ( 'NONE', *, *, #1424, .F. ) ;
#2153 = CARTESIAN_POINT ( 'NONE',  ( -6.855409320787920535, 3.922394763470740564, 2.227457514062654909 ) ) ;
#2154 = DIRECTION ( 'NONE',  ( -0.000000000000000000, 1.000000000000000000, -0.000000000000000000 ) ) ;
#2155 = CARTESIAN_POINT ( 'NONE',  ( -4.257995868678787765, 3.874222866747571548, 8.717398777353928097 ) ) ;
#2156 = CARTESIAN_POINT ( 'NONE',  ( -6.640513723538999713, 4.878723513941655376, 8.539688845705654785 ) ) ;
#2157 = CARTESIAN_POINT ( 'NONE',  ( 7.793011454051243625, 4.107236758687559330, 1.006268028084382982 ) ) ;
#2158 = CARTESIAN_POINT ( 'NONE',  ( 0.08330687623917523710, 3.290996402672809573, 3.110605088528824336 ) ) ;
#2159 = DIRECTION ( 'NONE',  ( -0.000000000000000000, -1.000000000000000000, 0.000000000000000000 ) ) ;
#2160 = ORIENTED_EDGE ( 'NONE', *, *, #1916, .T. ) ;
#2161 = LINE ( 'NONE', #1340, #1371 ) ;
#2162 = CARTESIAN_POINT ( 'NONE',  ( -3.039508204450289742E-14, 3.022603524283493215, 6.486281289702733766 ) ) ;
#2163 = EDGE_CURVE ( 'NONE', #1586, #1300, #731, .T. ) ;
#2164 = ORIENTED_EDGE ( 'NONE', *, *, #2377, .F. ) ;
#2165 = CARTESIAN_POINT ( 'NONE',  ( 9.669467528981552817, 4.105386300841070479, -4.197757817553990911 ) ) ;
#2166 = CARTESIAN_POINT ( 'NONE',  ( 10.08274900560353160, 5.000000000000002665, -1.976024059789830867 ) ) ;
#2167 = TOROIDAL_SURFACE ( 'NONE', #402, 3.600000000000000089, 0.9000000000000000222 ) ;
#2168 = CARTESIAN_POINT ( 'NONE',  ( 0.2500000000000000000, 3.056144708529846099, 2.915517796436953191 ) ) ;
#2169 = CARTESIAN_POINT ( 'NONE',  ( 0.9129061857784850353, 3.106189849310014850, 6.798229701519685086 ) ) ;
#2170 = VECTOR ( 'NONE', #1562, 1000.000000000000114 ) ;
#2171 = ORIENTED_EDGE ( 'NONE', *, *, #835, .T. ) ;
#2172 = CARTESIAN_POINT ( 'NONE',  ( -0.08336559103839069618, 3.290996893024529246, 3.110605088528824336 ) ) ;
#2173 = EDGE_LOOP ( 'NONE', ( #732, #2647, #2241, #2015 ) ) ;
#2174 = DIRECTION ( 'NONE',  ( 0.000000000000000000, 0.000000000000000000, 1.000000000000000000 ) ) ;
#2175 = ORIENTED_EDGE ( 'NONE', *, *, #1706, .F. ) ;
#2176 = DIRECTION ( 'NONE',  ( 0.000000000000000000, 0.000000000000000000, 1.000000000000000000 ) ) ;
#2177 = CARTESIAN_POINT ( 'NONE',  ( -9.471917699569434745, 4.065029421196340920, -4.282484610098182820 ) ) ;
#2178 = ADVANCED_FACE ( 'NONE', ( #776 ), #1634, .T. ) ;
#2179 = ORIENTED_EDGE ( 'NONE', *, *, #2436, .T. ) ;
#2180 = CARTESIAN_POINT ( 'NONE',  ( 10.32886790320821824, 4.853502510098419265, -2.393101978752883774 ) ) ;
#2181 = CARTESIAN_POINT ( 'NONE',  ( -0.5949826757499798724, 4.870741255560631089, -10.73287384978496206 ) ) ;
#2182 = CARTESIAN_POINT ( 'NONE',  ( 4.995051351167724363, 4.816254974526746224, 8.978639128178924622 ) ) ;
#2183 = EDGE_CURVE ( 'NONE', #1526, #1127, #2252, .T. ) ;
#2184 =( BOUNDED_SURFACE ( )  B_SPLINE_SURFACE ( 3, 2, ( 
 ( #1895, #987, #1697 ),
 ( #2556, #1206, #2569 ),
 ( #1670, #1419, #1219 ),
 ( #1909, #2793, #2074 ),
 ( #2779, #1460, #1446 ),
 ( #1432, #2317, #128 ) ),
 .UNSPECIFIED., .F., .F., .F. ) 
 B_SPLINE_SURFACE_WITH_KNOTS ( ( 4, 2, 4 ),
 ( 3, 3 ),
 ( 0.000000000000000000, 0.002856917329923055505, 0.005713834659846111011 ),
 ( 0.000000000000000000, 1.000000000000000000 ),
 .UNSPECIFIED. ) 
 GEOMETRIC_REPRESENTATION_ITEM ( )  RATIONAL_B_SPLINE_SURFACE ( (
 ( 1.000000000000000000, 0.7606641873261101860, 1.000000000000000000),
 ( 1.000000000000000000, 0.7646006905912632323, 1.000000000000000000),
 ( 1.000000000000000000, 0.7692918713867955560, 1.000000000000000000),
 ( 1.000000000000000000, 0.7793880885368200673, 1.000000000000000000),
 ( 1.000000000000000000, 0.7848477781066192094, 1.000000000000000000),
 ( 1.000000000000000000, 0.7887930771276830955, 1.000000000000000000) ) ) 
 REPRESENTATION_ITEM ( '' )  SURFACE ( )  );
#2185 = ORIENTED_EDGE ( 'NONE', *, *, #2748, .F. ) ;
#2186 = FACE_OUTER_BOUND ( 'NONE', #2263, .T. ) ;
#2187 = VECTOR ( 'NONE', #561, 999.9999999999998863 ) ;
#2188 = CARTESIAN_POINT ( 'NONE',  ( 0.2499999999999998890, 2.716367503115924897, 2.166214521889489042 ) ) ;
#2189 = ORIENTED_EDGE ( 'NONE', *, *, #2772, .F. ) ;
#2190 = DIRECTION ( 'NONE',  ( 0.000000000000000000, 0.000000000000000000, 1.000000000000000000 ) ) ;
#2191 = VECTOR ( 'NONE', #2558, 1000.000000000000114 ) ;
#2192 = ORIENTED_EDGE ( 'NONE', *, *, #220, .T. ) ;
#2193 = CARTESIAN_POINT ( 'NONE',  ( 0.5042981354597845245, 2.546031989619474967, 3.503696875288881962 ) ) ;
#2194 = CARTESIAN_POINT ( 'NONE',  ( -9.564676078646298762, 4.001356074919216077, -3.364368138049979251 ) ) ;
#2195 = ORIENTED_EDGE ( 'NONE', *, *, #2594, .T. ) ;
#2196 = CARTESIAN_POINT ( 'NONE',  ( 10.28651865366596496, 4.192046823551580204, -3.454991150378853515 ) ) ;
#2197 = EDGE_CURVE ( 'NONE', #1844, #1586, #2521, .T. ) ;
#2198 = CARTESIAN_POINT ( 'NONE',  ( 0.5212335547249078438, 5.500000000000000000, -10.35801624643702823 ) ) ;
#2199 = CARTESIAN_POINT ( 'NONE',  ( 0.2500000000000000000, 2.095589368535481611, 3.154945349236716545 ) ) ;
#2200 = B_SPLINE_CURVE_WITH_KNOTS ( 'NONE', 3,
 ( #2437, #1130, #1299, #1563, #2385, #494 ),
 .UNSPECIFIED., .F., .F.,
 ( 4, 2, 4 ),
 ( 0.000000000000000000, 0.002687190208182733096, 0.005374380416365466193 ),
 .UNSPECIFIED. ) ;
#2201 = CARTESIAN_POINT ( 'NONE',  ( 6.183389485592707402, 3.106146008434054195, 2.968487943307848376 ) ) ;
#2202 = CARTESIAN_POINT ( 'NONE',  ( 6.855409320787875238, 3.922394763470731238, 2.227457514062674893 ) ) ;
#2203 = EDGE_LOOP ( 'NONE', ( #2662, #596, #2617, #1108, #854, #2669, #1039, #1287, #2835, #2234, #828, #1110, #2391 ) ) ;
#2204 = EDGE_CURVE ( 'NONE', #1816, #595, #2270, .T. ) ;
#2205 = CARTESIAN_POINT ( 'NONE',  ( 0.2500000000000000000, 1.725323253335495632, 1.441353506559736486 ) ) ;
#2206 = VERTEX_POINT ( 'NONE', #1185 ) ;
#2207 =( BOUNDED_SURFACE ( )  B_SPLINE_SURFACE ( 3, 2, ( 
 ( #62, #1532, #1116 ),
 ( #1785, #2009, #2611 ),
 ( #2024, #897, #1088 ),
 ( #1769, #1961, #883 ),
 ( #1991, #2643, #1580 ),
 ( #1753, #929, #678 ) ),
 .UNSPECIFIED., .F., .F., .F. ) 
 B_SPLINE_SURFACE_WITH_KNOTS ( ( 4, 2, 4 ),
 ( 3, 3 ),
 ( 0.000000000000000000, 0.002856917329923056807, 0.005713834659846113613 ),
 ( 0.000000000000000000, 1.000000000000000000 ),
 .UNSPECIFIED. ) 
 GEOMETRIC_REPRESENTATION_ITEM ( )  RATIONAL_B_SPLINE_SURFACE ( (
 ( 1.000000000000000000, 0.7606641873261104081, 1.000000000000000000),
 ( 1.000000000000000000, 0.7646006905911438833, 1.000000000000000000),
 ( 1.000000000000000000, 0.7692918713869546510, 1.000000000000000000),
 ( 1.000000000000000000, 0.7793880885366609723, 1.000000000000000000),
 ( 1.000000000000000000, 0.7848477781067386694, 1.000000000000000000),
 ( 1.000000000000000000, 0.7887930771276833175, 1.000000000000000000) ) ) 
 REPRESENTATION_ITEM ( '' )  SURFACE ( )  );
#2208 = CARTESIAN_POINT ( 'NONE',  ( -0.9122557144469661816, 4.853779742815840237, -10.56557144428182227 ) ) ;
#2209 = ORIENTED_EDGE ( 'NONE', *, *, #2120, .T. ) ;
#2210 = CARTESIAN_POINT ( 'NONE',  ( 0.7860409901853550041, 2.399962455245075343, 3.816710806993480087 ) ) ;
#2211 = CARTESIAN_POINT ( 'NONE',  ( -0.4945720937317794608, 4.816254974526736454, -9.690333962285524905 ) ) ;
#2212 = ORIENTED_EDGE ( 'NONE', *, *, #804, .F. ) ;
#2213 = CARTESIAN_POINT ( 'NONE',  ( 1.719143374378633293, 1.421019045659051239, 2.087927036360346822 ) ) ;
#2214 = CARTESIAN_POINT ( 'NONE',  ( -6.196805960723073881, 4.189277979485510173, 8.895692074404296434 ) ) ;
#2215 = SURFACE_STYLE_FILL_AREA ( #2468 ) ;
#2216 = FACE_OUTER_BOUND ( 'NONE', #454, .T. ) ;
#2217 = ORIENTED_EDGE ( 'NONE', *, *, #2696, .T. ) ;
#2218 = CARTESIAN_POINT ( 'NONE',  ( -0.7796117816872272233, 3.306641662571344398, 3.110605088528824780 ) ) ;
#2219 = CARTESIAN_POINT ( 'NONE',  ( -10.10216690281686525, 4.875245584192299475, -3.785385155085453146 ) ) ;
#2220 = ORIENTED_EDGE ( 'NONE', *, *, #1662, .F. ) ;
#2221 = AXIS2_PLACEMENT_3D ( 'NONE', #444, #1733, #2125 ) ;
#2222 = ADVANCED_FACE ( 'NONE', ( #2055 ), #762, .T. ) ;
#2223 = CARTESIAN_POINT ( 'NONE',  ( -9.280803497490262899, 3.946921730866583378, -3.548023859676730396 ) ) ;
#2224 = B_SPLINE_CURVE_WITH_KNOTS ( 'NONE', 3,
 ( #1942, #181, #2580, #1749, #1921, #1261, #2805, #1710, #616, #629, #2137, #2622 ),
 .UNSPECIFIED., .F., .F.,
 ( 4, 2, 2, 2, 2, 4 ),
 ( 0.000000000000000000, 0.0003101852982458024976, 0.0006203705964916049953, 0.001240741192983211075, 0.001861111789474817263, 0.002481482385966423451 ),
 .UNSPECIFIED. ) ;
#2225 = ORIENTED_EDGE ( 'NONE', *, *, #1794, .T. ) ;
#2226 = B_SPLINE_CURVE_WITH_KNOTS ( 'NONE', 3,
 ( #915, #1949, #1755, #1291, #2169, #2438 ),
 .UNSPECIFIED., .F., .F.,
 ( 4, 2, 4 ),
 ( 0.000000000000000000, 0.002902799596362386301, 0.005805599192724771734 ),
 .UNSPECIFIED. ) ;
#2227 = CARTESIAN_POINT ( 'NONE',  ( 0.000000000000000000, 1.317478221209520628, 0.000000000000000000 ) ) ;
#2228 = CARTESIAN_POINT ( 'NONE',  ( -9.691508183147464095, 3.984212993590164231, -2.754870068668301641 ) ) ;
#2229 = DIRECTION ( 'NONE',  ( 0.000000000000000000, 0.000000000000000000, 1.000000000000000000 ) ) ;
#2230 = DIRECTION ( 'NONE',  ( 0.000000000000000000, 0.9780748893935099497, -0.2082534771327316792 ) ) ;
#2231 = DIRECTION ( 'NONE',  ( 0.000000000000000000, 0.000000000000000000, -1.000000000000000000 ) ) ;
#2232 = ORIENTED_EDGE ( 'NONE', *, *, #37, .F. ) ;
#2233 = CARTESIAN_POINT ( 'NONE',  ( -1.235471271963634265, 2.186811464869682808, 3.132207374257895971 ) ) ;
#2234 = ORIENTED_EDGE ( 'NONE', *, *, #1253, .T. ) ;
#2235 = AXIS2_PLACEMENT_3D ( 'NONE', #215, #1140, #1542 ) ;
#2236 = CARTESIAN_POINT ( 'NONE',  ( -6.243767818281943605, 3.967630753362197726, 7.828321541525684601 ) ) ;
#2237 = CARTESIAN_POINT ( 'NONE',  ( -6.242297213895217745, 3.946921730866590483, 7.730168973655062281 ) ) ;
#2238 = EDGE_LOOP ( 'NONE', ( #36, #1787, #1434, #2755, #2185 ) ) ;
#2239 = DIRECTION ( 'NONE',  ( 0.000000000000000000, 0.000000000000000000, 1.000000000000000000 ) ) ;
#2240 = EDGE_CURVE ( 'NONE', #802, #2543, #1691, .T. ) ;
#2241 = ORIENTED_EDGE ( 'NONE', *, *, #2518, .F. ) ;
#2242 = CARTESIAN_POINT ( 'NONE',  ( 6.949484868406803351, 4.853546236365351874, 8.007830234879691034 ) ) ;
#2243 = AXIS2_PLACEMENT_3D ( 'NONE', #2724, #2050, #2229 ) ;
#2244 = CARTESIAN_POINT ( 'NONE',  ( -9.669442380265524051, 4.013277671436202176, -3.195095221772483729 ) ) ;
#2245 = EDGE_CURVE ( 'NONE', #77, #967, #1356, .T. ) ;
#2246 = CARTESIAN_POINT ( 'NONE',  ( -5.895415300128161284, 4.170125270833397124, 9.016311073478417981 ) ) ;
#2247 = DIRECTION ( 'NONE',  ( -0.9425467651446767237, 0.000000000000000000, 0.3340742365332977082 ) ) ;
#2248 = EDGE_LOOP ( 'NONE', ( #2337, #106, #2717, #2522, #962 ) ) ;
#2249 = CARTESIAN_POINT ( 'NONE',  ( 7.469154167118644772, 3.560021254463606510, -4.108830408204593887 ) ) ;
#2250 = ORIENTED_EDGE ( 'NONE', *, *, #980, .T. ) ;
#2251 = CARTESIAN_POINT ( 'NONE',  ( -9.593803850423885393, 3.946921730866584266, -2.584707826322877100 ) ) ;
#2252 = LINE ( 'NONE', #1168, #2508 ) ;
#2253 = ORIENTED_EDGE ( 'NONE', *, *, #1486, .F. ) ;
#2254 = PLANE ( 'NONE',  #2567 ) ;
#2255 = ORIENTED_EDGE ( 'NONE', *, *, #2518, .T. ) ;
#2256 = CARTESIAN_POINT ( 'NONE',  ( 5.219295779395486612, 4.836510646338185282, 9.058119838237418620 ) ) ;
#2257 = EDGE_CURVE ( 'NONE', #1912, #33, #1226, .T. ) ;
#2258 = CARTESIAN_POINT ( 'NONE',  ( 0.2500000000000000000, 3.056144708529846987, 2.915517796436957187 ) ) ;
#2259 = CARTESIAN_POINT ( 'NONE',  ( -1.219612441863203056, 2.370814443392172510, 3.867418355076049696 ) ) ;
#2260 = ADVANCED_FACE ( 'NONE', ( #1437 ), #148, .T. ) ;
#2261 = CARTESIAN_POINT ( 'NONE',  ( 4.236875967039741120, 0.000000000000000000, -5.831559480312301424 ) ) ;
#2262 = CARTESIAN_POINT ( 'NONE',  ( 5.496162705967675421, 0.000000000000000000, 9.064818980461909703 ) ) ;
#2263 = EDGE_LOOP ( 'NONE', ( #1988, #2429, #1582, #2179 ) ) ;
#2264 = EDGE_CURVE ( 'NONE', #160, #59, #136, .T. ) ;
#2265 = VERTEX_POINT ( 'NONE', #397 ) ;
#2266 = CARTESIAN_POINT ( 'NONE',  ( 1.163771311421712307, 3.335325015622450096, 3.110605088528824780 ) ) ;
#2267 = CARTESIAN_POINT ( 'NONE',  ( -7.793011454051308462, 4.107236758687982103, 1.006268028084329913 ) ) ;
#2268 = ORIENTED_EDGE ( 'NONE', *, *, #1742, .F. ) ;
#2269 = CARTESIAN_POINT ( 'NONE',  ( -7.938895571140625940, 4.145322675387117073, 0.8162597680341608930 ) ) ;
#2270 = CIRCLE ( 'NONE', #2592, 0.6500000000000000222 ) ;
#2271 = DIRECTION ( 'NONE',  ( -0.000000000000000000, -1.000000000000000000, 0.000000000000000000 ) ) ;
#2272 = CIRCLE ( 'NONE', #1565, 0.9000000000000000222 ) ;
#2273 = DIRECTION ( 'NONE',  ( -0.5661724415900365459, 0.000000000000000000, 0.8242868228862916258 ) ) ;
#2274 = CARTESIAN_POINT ( 'NONE',  ( 1.686914827907357362, 1.557449489058783998, 2.147482111631656476 ) ) ;
#2275 = FACE_OUTER_BOUND ( 'NONE', #1118, .T. ) ;
#2276 = CARTESIAN_POINT ( 'NONE',  ( 6.168820087095071791, 3.022603524283483889, 2.004371148814426906 ) ) ;
#2277 = CIRCLE ( 'NONE', #325, 0.6500000000000000222 ) ;
#2278 = VERTEX_POINT ( 'NONE', #818 ) ;
#2279 = ORIENTED_EDGE ( 'NONE', *, *, #602, .F. ) ;
#2280 = CARTESIAN_POINT ( 'NONE',  ( 1.236430234329436439, 4.816254974526737342, -10.19988915971655352 ) ) ;
#2281 = CARTESIAN_POINT ( 'NONE',  ( -6.999868432855440581, 4.065029421196348025, 7.684968527317400877 ) ) ;
#2282 = EDGE_CURVE ( 'NONE', #1422, #1326, #806, .T. ) ;
#2283 = ORIENTED_EDGE ( 'NONE', *, *, #602, .T. ) ;
#2284 = CARTESIAN_POINT ( 'NONE',  ( -9.548728309061958797, 4.629609045400273182, -1.280483342917111411 ) ) ;
#2285 = CARTESIAN_POINT ( 'NONE',  ( 6.753237882738004849, 4.170125270833350939, 8.393066485728940762 ) ) ;
#2286 = CARTESIAN_POINT ( 'NONE',  ( 9.025869198864022280, 3.747178236936093310, -1.827144667521013455 ) ) ;
#2287 = CARTESIAN_POINT ( 'NONE',  ( -5.093285047927217590, 4.012904324918757482, -5.578143776368176709 ) ) ;
#2288 = CARTESIAN_POINT ( 'NONE',  ( 0.2500000000000000000, 2.585287536789336205, 2.002158267029948036 ) ) ;
#2289 = FACE_OUTER_BOUND ( 'NONE', #2408, .T. ) ;
#2290 = CARTESIAN_POINT ( 'NONE',  ( -4.995051351167790976, 4.816254974526752441, 8.978639128178908635 ) ) ;
#2291 = ORIENTED_EDGE ( 'NONE', *, *, #220, .F. ) ;
#2292 = EDGE_CURVE ( 'NONE', #1239, #1238, #420, .T. ) ;
#2293 = ORIENTED_EDGE ( 'NONE', *, *, #851, .F. ) ;
#2294 = PLANE ( 'NONE',  #1707 ) ;
#2295 = ORIENTED_EDGE ( 'NONE', *, *, #905, .F. ) ;
#2296 = CARTESIAN_POINT ( 'NONE',  ( 1.732907294880556615, 4.629609045400260747, -9.477071394640770308 ) ) ;
#2297 = ADVANCED_FACE ( 'NONE', ( #1888 ), #261, .T. ) ;
#2298 = CARTESIAN_POINT ( 'NONE',  ( 5.998329700671853892, 4.178295538999218017, 8.983461533688204881 ) ) ;
#2299 = CARTESIAN_POINT ( 'NONE',  ( 11.41267819554185259, 0.000000000000000000, -3.708203932499337441 ) ) ;
#2300 = CARTESIAN_POINT ( 'NONE',  ( 8.457687649496145710, 3.560087264838662335, -1.066013086774247887 ) ) ;
#2301 = DIRECTION ( 'NONE',  ( -0.000000000000000000, 1.000000000000000000, -0.000000000000000000 ) ) ;
#2302 = CARTESIAN_POINT ( 'NONE',  ( -5.496162705967736706, 0.000000000000000000, 7.564818980461891051 ) ) ;
#2303 = CARTESIAN_POINT ( 'NONE',  ( -0.2500000000000002220, 1.239222949120106554, 3.275861161650035935 ) ) ;
#2304 = ORIENTED_EDGE ( 'NONE', *, *, #37, .T. ) ;
#2305 = ORIENTED_EDGE ( 'NONE', *, *, #2163, .F. ) ;
#2306 = FACE_OUTER_BOUND ( 'NONE', #1789, .T. ) ;
#2307 = CARTESIAN_POINT ( 'NONE',  ( -6.531830971618961534, 3.190786778109448107, 2.122320535143131348 ) ) ;
#2308 = VERTEX_POINT ( 'NONE', #2166 ) ;
#2309 = CARTESIAN_POINT ( 'NONE',  ( 0.2500000000000000000, 3.231315416026412812, 3.110605088528824336 ) ) ;
#2310 = CARTESIAN_POINT ( 'NONE',  ( 0.5929081070320466607, 4.870828349748386188, -10.73373548785530751 ) ) ;
#2311 = AXIS2_PLACEMENT_3D ( 'NONE', #2546, #1242, #572 ) ;
#2312 = CARTESIAN_POINT ( 'NONE',  ( 9.318593096069943016, 5.000000000000002665, -4.327854122396544767 ) ) ;
#2313 = EDGE_CURVE ( 'NONE', #64, #2046, #447, .T. ) ;
#2314 = CARTESIAN_POINT ( 'NONE',  ( -5.942915979930623038, 4.145322675387114408, -5.326733760370636617 ) ) ;
#2315 = AXIS2_PLACEMENT_3D ( 'NONE', #710, #492, #76 ) ;
#2316 = CARTESIAN_POINT ( 'NONE',  ( 0.5250000000000000222, 8.185609800399156200, -0.6500000000000000222 ) ) ;
#2317 = CARTESIAN_POINT ( 'NONE',  ( -3.957539833205083291, 3.190317696170856365, -5.914216430796065183 ) ) ;
#2318 = CARTESIAN_POINT ( 'NONE',  ( -0.2500000000000000000, 1.826609426576177642, 1.475563081416030986 ) ) ;
#2319 = ORIENTED_EDGE ( 'NONE', *, *, #275, .F. ) ;
#2320 = VERTEX_POINT ( 'NONE', #30 ) ;
#2321 = APPLICATION_PROTOCOL_DEFINITION ( 'draft international standard', 'automotive_design', 1998, #966 ) ;
#2322 = B_SPLINE_CURVE_WITH_KNOTS ( 'NONE', 3,
 ( #1417, #2287, #2314, #1008, #1217, #2497 ),
 .UNSPECIFIED., .F., .F.,
 ( 4, 2, 4 ),
 ( 0.000000000000000000, 0.002687190208182733096, 0.005374380416365466193 ),
 .UNSPECIFIED. ) ;
#2323 = CARTESIAN_POINT ( 'NONE',  ( -6.855409320787920535, 3.922394763470740564, 2.227457514062654909 ) ) ;
#2324 = CARTESIAN_POINT ( 'NONE',  ( -0.8945988152896673373, 3.103295377188436621, 6.792102004561164641 ) ) ;
#2325 = B_SPLINE_CURVE_WITH_KNOTS ( 'NONE', 3,
 ( #213, #1952, #654, #1524, #228, #1967 ),
 .UNSPECIFIED., .F., .F.,
 ( 4, 2, 4 ),
 ( 1.084202172485504434E-19, 0.002902799596362383699, 0.005805599192724770000 ),
 .UNSPECIFIED. ) ;
#2326 = DIRECTION ( 'NONE',  ( 0.000000000000000000, 0.000000000000000000, -1.000000000000000000 ) ) ;
#2327 = DIRECTION ( 'NONE',  ( 0.000000000000000000, -1.000000000000000000, 0.000000000000000000 ) ) ;
#2328 = CARTESIAN_POINT ( 'NONE',  ( 6.147776194117168025, 3.019586913459447075, 2.032430218548576306 ) ) ;
#2329 = B_SPLINE_CURVE_WITH_KNOTS ( 'NONE', 3,
 ( #1145, #958, #2676, #2707 ),
 .UNSPECIFIED., .F., .F.,
 ( 4, 4 ),
 ( 8.673617379884035472E-19, 0.001137064097644406796 ),
 .UNSPECIFIED. ) ;
#2330 = EDGE_CURVE ( 'NONE', #1875, #2382, #14, .T. ) ;
#2331 = CARTESIAN_POINT ( 'NONE',  ( 6.423726342358912156, 4.882854899048253650, 8.747868914675384744 ) ) ;
#2332 = VECTOR ( 'NONE', #2346, 1000.000000000000114 ) ;
#2333 = EDGE_CURVE ( 'NONE', #1573, #2069, #908, .T. ) ;
#2334 = CARTESIAN_POINT ( 'NONE',  ( 9.280803497490232701, 3.946921730866573608, -3.548023859676707303 ) ) ;
#2335 = DIRECTION ( 'NONE',  ( -0.9589002604003161734, 0.000000000000000000, 0.2837433534097419940 ) ) ;
#2336 = CARTESIAN_POINT ( 'NONE',  ( -0.2500000000000000000, 2.585753337565464882, 2.002768605004270785 ) ) ;
#2337 = ORIENTED_EDGE ( 'NONE', *, *, #516, .T. ) ;
#2338 = ORIENTED_EDGE ( 'NONE', *, *, #768, .F. ) ;
#2339 = CYLINDRICAL_SURFACE ( 'NONE', #2813, 1.499999999999999556 ) ;
#2340 = CARTESIAN_POINT ( 'NONE',  ( 0.1238363522127673283, 4.882610914951594161, -10.85052379703188663 ) ) ;
#2341 = VECTOR ( 'NONE', #1517, 1000.000000000000114 ) ;
#2342 = CARTESIAN_POINT ( 'NONE',  ( 0.3326615410402163908, 3.888920157119618359, 7.090296095502116813 ) ) ;
#2343 = CARTESIAN_POINT ( 'NONE',  ( -1.149999999999999911, 1.317478221209520628, 2.284738242412623688 ) ) ;
#2344 = AXIS2_PLACEMENT_3D ( 'NONE', #1040, #2129, #1914 ) ;
#2345 = AXIS2_PLACEMENT_3D ( 'NONE', #730, #2457, #2695 ) ;
#2346 = DIRECTION ( 'NONE',  ( -0.6089864480041584649, 0.000000000000000000, -0.7931806264321377142 ) ) ;
#2347 = CARTESIAN_POINT ( 'NONE',  ( 6.171345155380841163, 4.880961297402755861, 8.907989387603635123 ) ) ;
#2348 = CARTESIAN_POINT ( 'NONE',  ( -9.459645907001593912, 3.984169267213542032, -3.467912580339659101 ) ) ;
#2349 = CARTESIAN_POINT ( 'NONE',  ( -1.724999993813752130, 1.369719271409233441, 2.077107368756505146 ) ) ;
#2350 = EDGE_CURVE ( 'NONE', #2443, #649, #698, .T. ) ;
#2351 = EDGE_LOOP ( 'NONE', ( #119, #934, #976, #1182 ) ) ;
#2352 = CARTESIAN_POINT ( 'NONE',  ( 4.036893549229742639, 3.190786778109430788, -5.556307296026505860 ) ) ;
#2353 = DIRECTION ( 'NONE',  ( -0.2006368493126401420, 0.7071067811865460184, -0.6780448766106114133 ) ) ;
#2354 = CARTESIAN_POINT ( 'NONE',  ( 1.149999999999999911, 5.500000000000000000, 1.384738242412623110 ) ) ;
#2355 = CARTESIAN_POINT ( 'NONE',  ( -4.236875967039763324, 3.922394763470731238, -5.831559480312312971 ) ) ;
#2356 = DIRECTION ( 'NONE',  ( 0.000000000000000000, -1.000000000000000000, 0.000000000000000000 ) ) ;
#2357 = CARTESIAN_POINT ( 'NONE',  ( 1.724999999999999867, 0.000000000000000000, 2.077107363618934333 ) ) ;
#2358 = CIRCLE ( 'NONE', #820, 1.000000000000007327 ) ;
#2359 = ORIENTED_EDGE ( 'NONE', *, *, #89, .F. ) ;
#2360 = CARTESIAN_POINT ( 'NONE',  ( 10.23014029655492507, 4.881120383707499677, -3.579968167338769991 ) ) ;
#2361 = CARTESIAN_POINT ( 'NONE',  ( 6.066092709680509287, 4.013308877769983241, 8.180408114243881812 ) ) ;
#2362 = CARTESIAN_POINT ( 'NONE',  ( -4.995051351167790976, 4.816254974526752441, 8.978639128178908635 ) ) ;
#2363 = CARTESIAN_POINT ( 'NONE',  ( 10.31513500340867928, 4.852299440335205105, -2.397528939230375133 ) ) ;
#2364 = ADVANCED_FACE ( 'NONE', ( #2384 ), #541, .T. ) ;
#2365 = CARTESIAN_POINT ( 'NONE',  ( 9.593803850423853419, 3.946921730866574496, -2.584707826322853563 ) ) ;
#2366 = DIRECTION ( 'NONE',  ( 0.02646051115848641749, 0.000000000000000000, -0.9996498593753873063 ) ) ;
#2367 = CARTESIAN_POINT ( 'NONE',  ( -4.401807010912335727, 3.190317696170857698, -5.591437432394830154 ) ) ;
#2368 = CIRCLE ( 'NONE', #1503, 0.9000000000000000222 ) ;
#2369 = CARTESIAN_POINT ( 'NONE',  ( -1.724999999999999867, 1.317478221209520628, 2.077107363618934777 ) ) ;
#2370 = ORIENTED_EDGE ( 'NONE', *, *, #2240, .T. ) ;
#2371 = DIRECTION ( 'NONE',  ( 0.000000000000000000, 0.9703113247897439120, -0.2418593247835857940 ) ) ;
#2372 = VECTOR ( 'NONE', #2816, 1000.000000000000000 ) ;
#2373 = CARTESIAN_POINT ( 'NONE',  ( 0.5250000000000000222, 0.000000000000000000, -0.6500000000000000222 ) ) ;
#2374 = CARTESIAN_POINT ( 'NONE',  ( -3.017990713324496344E-14, 3.922394763470739676, 7.208203932499416489 ) ) ;
#2375 = AXIS2_PLACEMENT_3D ( 'NONE', #2799, #1703, #1244 ) ;
#2376 = CARTESIAN_POINT ( 'NONE',  ( -9.852409833816201612, 4.859434704893046408, -4.048818236585712604 ) ) ;
#2377 = EDGE_CURVE ( 'NONE', #59, #1912, #1977, .T. ) ;
#2378 = CARTESIAN_POINT ( 'NONE',  ( 0.4783739654484360782, 4.875245584192291481, -10.77748000480122315 ) ) ;
#2379 = ORIENTED_EDGE ( 'NONE', *, *, #1403, .T. ) ;
#2380 = CARTESIAN_POINT ( 'NONE',  ( 0.2500000000000000000, 7.786483990622643070, 3.110605088528824336 ) ) ;
#2381 = DIRECTION ( 'NONE',  ( 0.000000000000000000, 0.000000000000000000, -1.000000000000000000 ) ) ;
#2382 = VERTEX_POINT ( 'NONE', #1784 ) ;
#2383 = CARTESIAN_POINT ( 'NONE',  ( 9.851235330290364800, 4.137825532027980202, -4.068578774695557065 ) ) ;
#2384 = FACE_OUTER_BOUND ( 'NONE', #145, .T. ) ;
#2385 = CARTESIAN_POINT ( 'NONE',  ( 9.548728309061925046, 4.629609045400262524, -1.280483342917087874 ) ) ;
#2386 = PLANE ( 'NONE',  #1284 ) ;
#2387 =( BOUNDED_SURFACE ( )  B_SPLINE_SURFACE ( 3, 2, ( 
 ( #970, #2493, #2081 ),
 ( #1665, #1387, #2256 ),
 ( #308, #1157, #795 ),
 ( #1006, #323, #2058 ),
 ( #1864, #2298, #1851 ),
 ( #954, #2524, #1836 ),
 ( #2538, #1374, #350 ),
 ( #765, #2719, #1621 ),
 ( #112, #125, #546 ),
 ( #1203, #984, #1415 ),
 ( #2033, #2285, #1877 ),
 ( #294, #338, #2242 ),
 ( #1821, #2747, #779 ),
 ( #1215, #2702, #736 ) ),
 .UNSPECIFIED., .F., .F., .F. ) 
 B_SPLINE_SURFACE_WITH_KNOTS ( ( 4, 2, 2, 2, 2, 2, 4 ),
 ( 3, 3 ),
 ( 0.000000000000000000, 0.0002916144502916316627, 0.0004374216754374475212, 0.0005832289005832633254, 0.0007290361257290792381, 0.0008748433508748950423, 0.001166457801166526651 ),
 ( 0.000000000000000000, 1.000000000000000000 ),
 .UNSPECIFIED. ) 
 GEOMETRIC_REPRESENTATION_ITEM ( )  RATIONAL_B_SPLINE_SURFACE ( (
 ( 1.000000000000000000, 0.7606641873261105191, 1.000000000000000000),
 ( 1.000000000000000000, 0.7710063201837249469, 1.000000000000000000),
 ( 1.000000000000000000, 0.7793065196092536784, 1.000000000000000000),
 ( 1.000000000000000000, 0.7876401718753678338, 1.000000000000000000),
 ( 1.000000000000000000, 0.7897820606216070516, 1.000000000000000000),
 ( 1.000000000000000000, 0.7926350131787809339, 1.000000000000000000),
 ( 1.000000000000000000, 0.7933482184071742882, 1.000000000000000000),
 ( 1.000000000000000000, 0.7933584081430018475, 1.000000000000000000),
 ( 1.000000000000000000, 0.7926391432104612500, 1.000000000000000000),
 ( 1.000000000000000000, 0.7898138623160214644, 1.000000000000000000),
 ( 1.000000000000000000, 0.7876652215139832158, 1.000000000000000000),
 ( 1.000000000000000000, 0.7793279875930212430, 1.000000000000000000),
 ( 1.000000000000000000, 0.7710636768690501963, 1.000000000000000000),
 ( 1.000000000000000000, 0.7606641873261104081, 1.000000000000000000) ) ) 
 REPRESENTATION_ITEM ( '' )  SURFACE ( )  );
#2388 = ORIENTED_EDGE ( 'NONE', *, *, #632, .F. ) ;
#2389 = CARTESIAN_POINT ( 'NONE',  ( 0.8242868228862954005, 5.500000000000000000, -9.916802938921540189 ) ) ;
#2390 = CARTESIAN_POINT ( 'NONE',  ( -9.318593096069971438, 4.816254974526745336, -4.327854122396569636 ) ) ;
#2391 = ORIENTED_EDGE ( 'NONE', *, *, #2547, .T. ) ;
#2392 = CARTESIAN_POINT ( 'NONE',  ( -0.2418099320539631725, 4.881142307618427267, -10.83593052814124569 ) ) ;
#2393 = EDGE_CURVE ( 'NONE', #1150, #1750, #1502, .T. ) ;
#2394 = ORIENTED_EDGE ( 'NONE', *, *, #2116, .F. ) ;
#2395 = CARTESIAN_POINT ( 'NONE',  ( 0.5250000000000000222, 4.899999999999999467, 0.6500000000000000222 ) ) ;
#2396 = CARTESIAN_POINT ( 'NONE',  ( 9.593803850423853419, 3.946921730866574496, -2.584707826322853563 ) ) ;
#2397 = ADVANCED_FACE ( 'NONE', ( #1115 ), #896, .T. ) ;
#2398 = LINE ( 'NONE', #866, #723 ) ;
#2399 = CARTESIAN_POINT ( 'NONE',  ( 10.28942013995517790, 4.105120892554674938, -2.286298580540349956 ) ) ;
#2400 = CARTESIAN_POINT ( 'NONE',  ( 3.306546357697853733E-16, 2.008072510390587428, -2.700000000000000178 ) ) ;
#2401 = VECTOR ( 'NONE', #367, 1000.000000000000000 ) ;
#2402 = CARTESIAN_POINT ( 'NONE',  ( 0.2500000000000000000, 3.147785030576256027, 3.283168046065411794 ) ) ;
#2403 = CARTESIAN_POINT ( 'NONE',  ( -6.995637495030818442, 4.816254974526751553, 7.525128213724162407 ) ) ;
#2404 =( GEOMETRIC_REPRESENTATION_CONTEXT ( 3 ) GLOBAL_UNCERTAINTY_ASSIGNED_CONTEXT ( ( #2825 ) ) GLOBAL_UNIT_ASSIGNED_CONTEXT ( ( #2501, #61, #2037 ) ) REPRESENTATION_CONTEXT ( 'NONE', 'WORKASPACE' ) );
#2405 = ORIENTED_EDGE ( 'NONE', *, *, #536, .F. ) ;
#2406 = FACE_OUTER_BOUND ( 'NONE', #274, .T. ) ;
#2407 = CARTESIAN_POINT ( 'NONE',  ( -0.2500000000000000000, 3.293082441334743038, 3.110605088528824336 ) ) ;
#2408 = EDGE_LOOP ( 'NONE', ( #438, #243, #1686, #356 ) ) ;
#2409 = CARTESIAN_POINT ( 'NONE',  ( 9.318593096069943016, 4.816254974526736454, -4.327854122396544767 ) ) ;
#2410 = AXIS2_PLACEMENT_3D ( 'NONE', #1773, #885, #2097 ) ;
#2411 = VERTEX_POINT ( 'NONE', #2373 ) ;
#2412 = FACE_OUTER_BOUND ( 'NONE', #681, .T. ) ;
#2413 = EDGE_CURVE ( 'NONE', #254, #419, #2658, .T. ) ;
#2414 = CARTESIAN_POINT ( 'NONE',  ( -10.06844439290434501, 4.170028781614379731, -3.829977363461462669 ) ) ;
#2415 = EDGE_CURVE ( 'NONE', #1300, #499, #2699, .T. ) ;
#2416 = ORIENTED_EDGE ( 'NONE', *, *, #1372, .F. ) ;
#2417 = CARTESIAN_POINT ( 'NONE',  ( 0.2500000000000000000, 1.317478221209520628, 1.384738242412622444 ) ) ;
#2418 = CARTESIAN_POINT ( 'NONE',  ( 10.39129564647400095, 4.870689318967007075, -2.749528701178860945 ) ) ;
#2419 = DIRECTION ( 'NONE',  ( -0.9425467651446755024, 0.000000000000000000, -0.3340742365333005948 ) ) ;
#2420 = CARTESIAN_POINT ( 'NONE',  ( -0.2500000000000000000, 3.899999999999999911, 1.127774356863995964 ) ) ;
#2421 = CARTESIAN_POINT ( 'NONE',  ( -6.262895609524361085, 4.883234571798607426, 8.869332051777558235 ) ) ;
#2422 = CARTESIAN_POINT ( 'NONE',  ( -1.715576514527201279, 1.445519934449526867, 2.094511779369893301 ) ) ;
#2423 = ORIENTED_EDGE ( 'NONE', *, *, #853, .F. ) ;
#2424 = CIRCLE ( 'NONE', #109, 1.500000000000000000 ) ;
#2425 = CARTESIAN_POINT ( 'NONE',  ( -0.03318868166985598778, 3.019586913459456401, 6.474938087552083665 ) ) ;
#2426 = ORIENTED_EDGE ( 'NONE', *, *, #2204, .F. ) ;
#2427 = CARTESIAN_POINT ( 'NONE',  ( 0.5250000000000000222, 0.000000000000000000, -0.6500000000000000222 ) ) ;
#2428 = AXIS2_PLACEMENT_3D ( 'NONE', #342, #578, #1870 ) ;
#2429 = ORIENTED_EDGE ( 'NONE', *, *, #2116, .T. ) ;
#2430 = DIRECTION ( 'NONE',  ( 0.000000000000000000, 0.000000000000000000, -1.000000000000000000 ) ) ;
#2431 = CARTESIAN_POINT ( 'NONE',  ( -10.22978933232289123, 4.881111650490388421, -3.580766811080713818 ) ) ;
#2432 = FACE_OUTER_BOUND ( 'NONE', #389, .T. ) ;
#2433 = CARTESIAN_POINT ( 'NONE',  ( 0.2499999999998398503, 1.276741558653253339, 3.302068093629563439 ) ) ;
#2434 = CARTESIAN_POINT ( 'NONE',  ( -5.422851651424282160, 3.946921730866589595, 8.325531024175472083 ) ) ;
#2435 = CYLINDRICAL_SURFACE ( 'NONE', #1822, 2.700000000000000178 ) ;
#2436 = EDGE_CURVE ( 'NONE', #1069, #2744, #422, .T. ) ;
#2437 = CARTESIAN_POINT ( 'NONE',  ( 6.855409320787875238, 3.922394763470731238, 2.227457514062674893 ) ) ;
#2438 = CARTESIAN_POINT ( 'NONE',  ( -3.039508204450289742E-14, 3.022603524283493215, 6.486281289702733766 ) ) ;
#2439 = CARTESIAN_POINT ( 'NONE',  ( -1.686561869864535046, 1.558553408933725404, 2.148134732182992668 ) ) ;
#2440 = EDGE_LOOP ( 'NONE', ( #2532, #1339, #751, #2379 ) ) ;
#2441 = DIRECTION ( 'NONE',  ( -0.9589002604003161734, 0.000000000000000000, 0.2837433534097419940 ) ) ;
#2442 = CARTESIAN_POINT ( 'NONE',  ( 5.162088469434373827, 5.500000000000000000, 8.507365745606591645 ) ) ;
#2443 = VERTEX_POINT ( 'NONE', #1074 ) ;
#2444 = CARTESIAN_POINT ( 'NONE',  ( 0.2500000000000000000, 3.072357874296240521, 2.980563121308767549 ) ) ;
#2445 = ORIENTED_EDGE ( 'NONE', *, *, #750, .T. ) ;
#2446 = CARTESIAN_POINT ( 'NONE',  ( 0.5064452095373099816, 3.946921730866573608, -9.922968311830832278 ) ) ;
#2447 = CARTESIAN_POINT ( 'NONE',  ( -4.236875967039763324, 5.000000000000002665, -5.831559480312312971 ) ) ;
#2448 = ORIENTED_EDGE ( 'NONE', *, *, #1186, .F. ) ;
#2449 = CARTESIAN_POINT ( 'NONE',  ( -6.999868432855440581, 4.065029421196347137, 7.684968527317400877 ) ) ;
#2450 = CARTESIAN_POINT ( 'NONE',  ( -4.995051351167791864, 5.000000000000001776, 8.978639128178908635 ) ) ;
#2451 = CARTESIAN_POINT ( 'NONE',  ( 1.226145162953264478, 2.278443904087227523, 3.503504604231508335 ) ) ;
#2452 = VECTOR ( 'NONE', #2301, 1000.000000000000000 ) ;
#2453 = LINE ( 'NONE', #1786, #1122 ) ;
#2454 = EDGE_CURVE ( 'NONE', #1300, #1069, #1945, .T. ) ;
#2455 = ORIENTED_EDGE ( 'NONE', *, *, #2696, .F. ) ;
#2456 = VECTOR ( 'NONE', #1444, 1000.000000000000000 ) ;
#2457 = DIRECTION ( 'NONE',  ( -0.7068591943765174523, 0.7071067811865452413, -0.01871040687382811984 ) ) ;
#2458 = CARTESIAN_POINT ( 'NONE',  ( -9.593803850423885393, 3.946921730866584266, -2.584707826322877100 ) ) ;
#2459 = ORIENTED_EDGE ( 'NONE', *, *, #2264, .F. ) ;
#2460 = VECTOR ( 'NONE', #2247, 1000.000000000000000 ) ;
#2461 = DIRECTION ( 'NONE',  ( 0.000000000000000000, -1.000000000000000000, 0.000000000000000000 ) ) ;
#2462 = EDGE_CURVE ( 'NONE', #17, #1422, #1862, .T. ) ;
#2463 = ORIENTED_EDGE ( 'NONE', *, *, #1763, .F. ) ;
#2464 = DIRECTION ( 'NONE',  ( 0.8242868228862936242, 0.000000000000000000, -0.5661724415900337704 ) ) ;
#2465 = CARTESIAN_POINT ( 'NONE',  ( -9.710263561478466698, 4.011787139860784279, -3.050261135894366316 ) ) ;
#2466 = CARTESIAN_POINT ( 'NONE',  ( 1.724999999999999867, 1.317478221209520628, 2.077107363618933888 ) ) ;
#2467 = CARTESIAN_POINT ( 'NONE',  ( -6.855409320787920535, 0.000000000000000000, 2.227457514062654909 ) ) ;
#2468 = FILL_AREA_STYLE ('',( #2023 ) ) ;
#2469 = CARTESIAN_POINT ( 'NONE',  ( 6.879041624351531325, 4.012904324918758370, 3.120260710215261302 ) ) ;
#2470 = EDGE_LOOP ( 'NONE', ( #2117, #2066, #375, #206 ) ) ;
#2471 = CIRCLE ( 'NONE', #1138, 3.367062859407734088 ) ;
#2472 = CARTESIAN_POINT ( 'NONE',  ( 9.368886441814609611, 4.816254974526737342, -2.524111862993575262 ) ) ;
#2473 = CARTESIAN_POINT ( 'NONE',  ( -6.846070373645765983, 3.888920157119619248, 1.874642062333385484 ) ) ;
#2474 = ORIENTED_EDGE ( 'NONE', *, *, #124, .F. ) ;
#2475 = VECTOR ( 'NONE', #2507, 1000.000000000000000 ) ;
#2476 = DIRECTION ( 'NONE',  ( -0.7931806264321377142, 0.000000000000000000, 0.6089864480041584649 ) ) ;
#2477 = EDGE_CURVE ( 'NONE', #2278, #91, #493, .T. ) ;
#2478 = EDGE_LOOP ( 'NONE', ( #158, #2025, #1211, #2338 ) ) ;
#2479 = CARTESIAN_POINT ( 'NONE',  ( -6.168820087095116200, 3.022603524283493215, 2.004371148814406922 ) ) ;
#2480 = CARTESIAN_POINT ( 'NONE',  ( -1.236430234329442657, 4.816254974526736454, -10.19988915971655530 ) ) ;
#2481 = AXIS2_PLACEMENT_3D ( 'NONE', #881, #234, #1297 ) ;
#2482 = DIRECTION ( 'NONE',  ( 0.000000000000000000, 0.000000000000000000, -1.000000000000000000 ) ) ;
#2483 = CARTESIAN_POINT ( 'NONE',  ( 9.471917699569408100, 4.065029421196331150, -4.282484610098158839 ) ) ;
#2484 = CARTESIAN_POINT ( 'NONE',  ( 6.357810801066868578, 3.075849475831218260, 2.065777954190077370 ) ) ;
#2485 = VERTEX_POINT ( 'NONE', #974 ) ;
#2486 = CARTESIAN_POINT ( 'NONE',  ( -5.648191758755725544, 3.239421324660087809, -4.676863459756450681 ) ) ;
#2487 = ORIENTED_EDGE ( 'NONE', *, *, #2736, .F. ) ;
#2488 = CARTESIAN_POINT ( 'NONE',  ( 0.7766802023676554478, 3.306420307597229602, 3.110605088528824780 ) ) ;
#2489 = CARTESIAN_POINT ( 'NONE',  ( 0.5250000000000000222, 4.899999999999999467, -3.214697847761803062E-17 ) ) ;
#2490 = ORIENTED_EDGE ( 'NONE', *, *, #463, .T. ) ;
#2491 = CARTESIAN_POINT ( 'NONE',  ( -1.214205016591350494, 2.464969063223616086, 4.234518972224779354 ) ) ;
#2492 = ORIENTED_EDGE ( 'NONE', *, *, #236, .T. ) ;
#2493 = CARTESIAN_POINT ( 'NONE',  ( 5.145761091287281985, 4.065029421196342696, 9.032056362453602105 ) ) ;
#2494 = LINE ( 'NONE', #2776, #1722 ) ;
#2495 = EDGE_CURVE ( 'NONE', #1912, #1526, #313, .T. ) ;
#2496 = CARTESIAN_POINT ( 'NONE',  ( 4.111062805299396494, 4.616631415792267212, 8.665320140213573552 ) ) ;
#2497 = CARTESIAN_POINT ( 'NONE',  ( -9.318593096069971438, 4.816254974526745336, -4.327854122396569636 ) ) ;
#2498 = ADVANCED_FACE ( 'NONE', ( #1857 ), #2435, .T. ) ;
#2499 = CARTESIAN_POINT ( 'NONE',  ( 1.715701224098419964, 1.444758461345085232, 2.094281611284759759 ) ) ;
#2500 = CARTESIAN_POINT ( 'NONE',  ( -0.5064452095373179752, 3.946921730866574496, -9.922968311830834054 ) ) ;
#2501 =( LENGTH_UNIT ( ) NAMED_UNIT ( * ) SI_UNIT ( .MILLI., .METRE. ) );
#2502 = VERTEX_POINT ( 'NONE', #725 ) ;
#2503 = ORIENTED_EDGE ( 'NONE', *, *, #275, .T. ) ;
#2504 = FACE_OUTER_BOUND ( 'NONE', #1004, .T. ) ;
#2505 = CARTESIAN_POINT ( 'NONE',  ( -6.678006177866484983, 3.190317696170866579, 2.458518051607642807 ) ) ;
#2506 = ORIENTED_EDGE ( 'NONE', *, *, #2133, .F. ) ;
#2507 = DIRECTION ( 'NONE',  ( 0.000000000000000000, -0.7071067811865492381, -0.7071067811865457964 ) ) ;
#2508 = VECTOR ( 'NONE', #557, 1000.000000000000000 ) ;
#2509 = FACE_OUTER_BOUND ( 'NONE', #1511, .T. ) ;
#2510 = CARTESIAN_POINT ( 'NONE',  ( 4.257995868677967088, 3.874222866750743233, 8.717398777354409489 ) ) ;
#2511 = EDGE_CURVE ( 'NONE', #1848, #817, #988, .T. ) ;
#2512 = MANIFOLD_SOLID_BREP ( 'Fillet3', #1948 ) ;
#2513 =( BOUNDED_SURFACE ( )  B_SPLINE_SURFACE ( 3, 2, ( 
 ( #1976, #29, #1288 ),
 ( #1713, #2399, #1051 ),
 ( #1530, #207, #2180 ),
 ( #1767, #2584, #2418 ),
 ( #2640, #1073, #460 ),
 ( #1735, #2140, #2836 ),
 ( #676, #1546, #1064 ),
 ( #1327, #2196, #1515 ),
 ( #867, #222, #2360 ),
 ( #645, #1925, #2609 ),
 ( #408, #2808, #843 ),
 ( #621, #2383, #1276 ),
 ( #432, #2165, #12 ),
 ( #1362, #2483, #298 ) ),
 .UNSPECIFIED., .F., .F., .F. ) 
 B_SPLINE_SURFACE_WITH_KNOTS ( ( 4, 2, 2, 2, 2, 2, 4 ),
 ( 3, 3 ),
 ( -2.710505431213761085E-20, 0.0002916144502916319880, 0.0004374216754374479548, 0.0005832289005832639759, 0.0007290361257290798886, 0.0008748433508748959097, 0.001166457801166527952 ),
 ( 0.000000000000000000, 1.000000000000000000 ),
 .UNSPECIFIED. ) 
 GEOMETRIC_REPRESENTATION_ITEM ( )  RATIONAL_B_SPLINE_SURFACE ( (
 ( 1.000000000000000000, 0.7606641873261106301, 1.000000000000000000),
 ( 1.000000000000000000, 0.7710063201837127345, 1.000000000000000000),
 ( 1.000000000000000000, 0.7793065196092699987, 1.000000000000000000),
 ( 1.000000000000000000, 0.7876401718753598402, 1.000000000000000000),
 ( 1.000000000000000000, 0.7897820606216046091, 1.000000000000000000),
 ( 1.000000000000000000, 0.7926350131787840425, 1.000000000000000000),
 ( 1.000000000000000000, 0.7933482184071635190, 1.000000000000000000),
 ( 1.000000000000000000, 0.7933584081430128387, 1.000000000000000000),
 ( 1.000000000000000000, 0.7926391432104562540, 1.000000000000000000),
 ( 1.000000000000000000, 0.7898138623160271266, 1.000000000000000000),
 ( 1.000000000000000000, 0.7876652215139834379, 1.000000000000000000),
 ( 1.000000000000000000, 0.7793279875930213541, 1.000000000000000000),
 ( 1.000000000000000000, 0.7710636768690498632, 1.000000000000000000),
 ( 1.000000000000000000, 0.7606641873261102971, 1.000000000000000000) ) ) 
 REPRESENTATION_ITEM ( '' )  SURFACE ( )  );
#2514 = DIRECTION ( 'NONE',  ( 0.9589002604003155072, 0.000000000000000000, 0.2837433534097443255 ) ) ;
#2515 = CARTESIAN_POINT ( 'NONE',  ( 0.2500000000000000000, 3.293082441334743038, 3.110605088528824336 ) ) ;
#2516 = CARTESIAN_POINT ( 'NONE',  ( -0.2500000000000109912, 1.425703758174278857, 2.895718000606089415 ) ) ;
#2517 = ORIENTED_EDGE ( 'NONE', *, *, #1539, .F. ) ;
#2518 = EDGE_CURVE ( 'NONE', #663, #2320, #292, .T. ) ;
#2519 = ORIENTED_EDGE ( 'NONE', *, *, #2817, .F. ) ;
#2520 = CARTESIAN_POINT ( 'NONE',  ( -1.214205016591350494, 2.464969063223616086, 4.234518972224779354 ) ) ;
#2521 = LINE ( 'NONE', #1615, #671 ) ;
#2522 = ORIENTED_EDGE ( 'NONE', *, *, #1403, .F. ) ;
#2523 = CARTESIAN_POINT ( 'NONE',  ( -4.168531349458062252, 4.629609045400275846, 8.685689166689945395 ) ) ;
#2524 = CARTESIAN_POINT ( 'NONE',  ( 6.196144366053972341, 4.189261976790377595, 8.896089913344454203 ) ) ;
#2525 = VECTOR ( 'NONE', #2271, 1000.000000000000000 ) ;
#2526 = CARTESIAN_POINT ( 'NONE',  ( 5.251492305404346084, 5.500000000000000000, 4.816398702291652789 ) ) ;
#2527 = CARTESIAN_POINT ( 'NONE',  ( -1.226145162953126144, 2.278443904087448235, 3.503504604232450248 ) ) ;
#2528 = DIRECTION ( 'NONE',  ( 0.02588075446913022659, 0.2081837199595089061, 0.9777472706645259359 ) ) ;
#2529 = DIRECTION ( 'NONE',  ( 0.9589002604003155072, 0.000000000000000000, 0.2837433534097443255 ) ) ;
#2530 = CARTESIAN_POINT ( 'NONE',  ( -1.719158091523602661, 1.421057192178881268, 2.087899809935969131 ) ) ;
#2531 = ORIENTED_EDGE ( 'NONE', *, *, #2393, .T. ) ;
#2532 = ORIENTED_EDGE ( 'NONE', *, *, #425, .F. ) ;
#2533 = EDGE_CURVE ( 'NONE', #1802, #1643, #2739, .T. ) ;
#2534 = CARTESIAN_POINT ( 'NONE',  ( 0.8418035140526286542, 4.012904324918764587, 7.506570949042119523 ) ) ;
#2535 = VECTOR ( 'NONE', #1255, 1000.000000000000114 ) ;
#2536 = ORIENTED_EDGE ( 'NONE', *, *, #2292, .T. ) ;
#2537 = CARTESIAN_POINT ( 'NONE',  ( 10.08274900560353160, 4.816254974526736454, -1.976024059789830867 ) ) ;
#2538 = CARTESIAN_POINT ( 'NONE',  ( 5.944713360736128216, 4.013277671436218164, 8.268441962072115459 ) ) ;
#2539 = CYLINDRICAL_SURFACE ( 'NONE', #1946, 1.499999999999999556 ) ;
#2540 = DIRECTION ( 'NONE',  ( 0.2006368493126419461, 0.7071067811865452413, -0.6780448766106115244 ) ) ;
#2541 = CARTESIAN_POINT ( 'NONE',  ( -9.686158692387500935, 5.500000000000000000, -2.280517283791930971 ) ) ;
#2542 = CARTESIAN_POINT ( 'NONE',  ( -1.620594070148482668, 1.711451318903978391, 2.270695416039705261 ) ) ;
#2543 = VERTEX_POINT ( 'NONE', #1799 ) ;
#2544 = ORIENTED_EDGE ( 'NONE', *, *, #1523, .T. ) ;
#2545 = CARTESIAN_POINT ( 'NONE',  ( -0.2500000000000000000, 3.109723489824535392, 3.129475856833196179 ) ) ;
#2546 = CARTESIAN_POINT ( 'NONE',  ( 5.496162705967675421, 5.000000000000002665, 7.564818980461910591 ) ) ;
#2547 = EDGE_CURVE ( 'NONE', #428, #1970, #2329, .T. ) ;
#2548 = CARTESIAN_POINT ( 'NONE',  ( 9.318593096069943016, 4.816254974526736454, -4.327854122396544767 ) ) ;
#2549 = EDGE_CURVE ( 'NONE', #1399, #160, #740, .T. ) ;
#2550 = LINE ( 'NONE', #1470, #1837 ) ;
#2551 = CARTESIAN_POINT ( 'NONE',  ( 8.457782572918361552, 3.560021254463440865, -1.066145039288840968 ) ) ;
#2552 = VECTOR ( 'NONE', #659, 1000.000000000000000 ) ;
#2553 = CARTESIAN_POINT ( 'NONE',  ( -1.051130421972712892, 3.747287716844023731, -9.149154831956614942 ) ) ;
#2554 = AXIS2_PLACEMENT_3D ( 'NONE', #594, #1251, #2570 ) ;
#2555 = CARTESIAN_POINT ( 'NONE',  ( 5.295718164047695353, 4.816254974526747112, 8.130347039548716737 ) ) ;
#2556 = CARTESIAN_POINT ( 'NONE',  ( -8.419267059240416629, 4.616631415792600279, -4.593969166929126935 ) ) ;
#2557 = CARTESIAN_POINT ( 'NONE',  ( -1.235471271963636708, 2.186811464869682808, 3.132207374257895527 ) ) ;
#2558 = DIRECTION ( 'NONE',  ( 0.2362261580724146770, 0.7071067811865492381, -0.6664812092192426984 ) ) ;
#2559 = EDGE_LOOP ( 'NONE', ( #2225, #227, #283, #2710, #1302 ) ) ;
#2560 = ORIENTED_EDGE ( 'NONE', *, *, #1354, .T. ) ;
#2561 = CARTESIAN_POINT ( 'NONE',  ( 3.340308551297221484, 4.453674048553377673, 8.392135669710352630 ) ) ;
#2562 = CARTESIAN_POINT ( 'NONE',  ( 5.324280228468921905, 4.843323611982664367, 9.064818980461909703 ) ) ;
#2563 = DIRECTION ( 'NONE',  ( -0.000000000000000000, -1.000000000000000000, -0.000000000000000000 ) ) ;
#2564 = CARTESIAN_POINT ( 'NONE',  ( -0.8242868228863018398, 5.500000000000000000, -9.916802938921541966 ) ) ;
#2565 = EDGE_CURVE ( 'NONE', #2650, #2502, #1305, .T. ) ;
#2566 = FACE_OUTER_BOUND ( 'NONE', #1980, .T. ) ;
#2567 = AXIS2_PLACEMENT_3D ( 'NONE', #545, #2461, #500 ) ;
#2568 = CARTESIAN_POINT ( 'NONE',  ( 1.557206740087193841, 1.824332036725637263, 2.389833582517820965 ) ) ;
#2569 = CARTESIAN_POINT ( 'NONE',  ( -8.376546157831526784, 3.747287716843926919, -3.826928764534544669 ) ) ;
#2570 = DIRECTION ( 'NONE',  ( 0.000000000000000000, 0.000000000000000000, 1.000000000000000000 ) ) ;
#2571 = ORIENTED_EDGE ( 'NONE', *, *, #1270, .T. ) ;
#2572 = SHAPE_DEFINITION_REPRESENTATION ( #591, #2135 ) ;
#2573 = CARTESIAN_POINT ( 'NONE',  ( -0.09966573066241851686, 4.011787139860761187, -10.17759196336018235 ) ) ;
#2574 = VECTOR ( 'NONE', #1944, 1000.000000000000000 ) ;
#2575 = DIRECTION ( 'NONE',  ( -0.5537674559730503265, 0.2081837199595092669, -0.8062264839664824434 ) ) ;
#2576 = FACE_OUTER_BOUND ( 'NONE', #183, .T. ) ;
#2577 = DIRECTION ( 'NONE',  ( -0.9589002604003155072, 0.000000000000000000, -0.2837433534097443255 ) ) ;
#2578 = LINE ( 'NONE', #628, #505 ) ;
#2579 = EDGE_CURVE ( 'NONE', #1875, #1127, #838, .T. ) ;
#2580 = CARTESIAN_POINT ( 'NONE',  ( -0.2499999999999999445, 1.525067505056996842, 1.396580332722150430 ) ) ;
#2581 = FACE_OUTER_BOUND ( 'NONE', #130, .T. ) ;
#2582 = EDGE_CURVE ( 'NONE', #42, #239, #959, .T. ) ;
#2583 = ORIENTED_EDGE ( 'NONE', *, *, #1736, .F. ) ;
#2584 = CARTESIAN_POINT ( 'NONE',  ( 10.39674683163551094, 4.170028781614372626, -2.819566352564319534 ) ) ;
#2585 = CARTESIAN_POINT ( 'NONE',  ( -6.782459461886609198, 3.512075990375478352, 2.203754668068206968 ) ) ;
#2586 = CARTESIAN_POINT ( 'NONE',  ( 0.09985863227640164042, 4.013288415475917859, -10.18356763792374586 ) ) ;
#2587 = PRODUCT_DEFINITION_CONTEXT ( 'detailed design', #2682, 'design' ) ;
#2588 = FACE_OUTER_BOUND ( 'NONE', #719, .T. ) ;
#2589 = DIRECTION ( 'NONE',  ( 0.2837433534097443255, 0.000000000000000000, -0.9589002604003155072 ) ) ;
#2590 = CIRCLE ( 'NONE', #1220, 1.499999999999999556 ) ;
#2591 = CARTESIAN_POINT ( 'NONE',  ( -3.847151808238635340, 3.267538914982352161, -6.398956381083458211 ) ) ;
#2592 = AXIS2_PLACEMENT_3D ( 'NONE', #2489, #529, #318 ) ;
#2593 = DIRECTION ( 'NONE',  ( 0.000000000000000000, 0.000000000000000000, 1.000000000000000000 ) ) ;
#2594 = EDGE_CURVE ( 'NONE', #763, #1312, #129, .T. ) ;
#2595 = VECTOR ( 'NONE', #424, 1000.000000000000227 ) ;
#2596 = VERTEX_POINT ( 'NONE', #1910 ) ;
#2597 = CARTESIAN_POINT ( 'NONE',  ( -1.149999999999999911, 3.056144708529846987, 2.915517796436957187 ) ) ;
#2598 = CARTESIAN_POINT ( 'NONE',  ( -4.119968255444916849E-15, 5.000000000000003553, -9.350630497331502866 ) ) ;
#2599 = ADVANCED_FACE ( 'NONE', ( #2794 ), #157, .T. ) ;
#2600 = CARTESIAN_POINT ( 'NONE',  ( -4.527355906485304615, 3.747287716843640926, 8.019660703489595477 ) ) ;
#2601 = DIRECTION ( 'NONE',  ( 1.000000000000000000, 0.000000000000000000, -0.000000000000000000 ) ) ;
#2602 = CARTESIAN_POINT ( 'NONE',  ( -10.39778572392780909, 4.875308522817947576, -2.877581598143518438 ) ) ;
#2603 = B_SPLINE_CURVE_WITH_KNOTS ( 'NONE', 3,
 ( #1723, #1501, #1489, #895 ),
 .UNSPECIFIED., .F., .F.,
 ( 4, 4 ),
 ( 2.168404344971008868E-19, 0.001215010543820838930 ),
 .UNSPECIFIED. ) ;
#2604 = CARTESIAN_POINT ( 'NONE',  ( -9.691886493050695606, 3.984396705940971728, -2.756046791446169486 ) ) ;
#2605 = ORIENTED_EDGE ( 'NONE', *, *, #1457, .F. ) ;
#2606 = DIRECTION ( 'NONE',  ( 0.000000000000000000, 0.000000000000000000, 1.000000000000000000 ) ) ;
#2607 = CARTESIAN_POINT ( 'NONE',  ( -0.9124273681390027146, 3.106146008434063965, 6.798066085143180004 ) ) ;
#2608 = DIRECTION ( 'NONE',  ( -0.000000000000000000, 0.000000000000000000, -1.000000000000000000 ) ) ;
#2609 = CARTESIAN_POINT ( 'NONE',  ( 10.10167166916646053, 4.875218920076511253, -3.786054757253001668 ) ) ;
#2610 = CARTESIAN_POINT ( 'NONE',  ( -0.2500000000000000000, 3.899999999999999911, 0.2677561955834357743 ) ) ;
#2611 = CARTESIAN_POINT ( 'NONE',  ( 6.970820913353431791, 4.616631415791240478, 6.587584254904585990 ) ) ;
#2612 = DIRECTION ( 'NONE',  ( -0.000000000000000000, 1.000000000000000000, -0.000000000000000000 ) ) ;
#2613 = ADVANCED_FACE ( 'NONE', ( #2089 ), #555, .T. ) ;
#2614 = ORIENTED_EDGE ( 'NONE', *, *, #1694, .F. ) ;
#2615 = AXIS2_PLACEMENT_3D ( 'NONE', #814, #2766, #1683 ) ;
#2616 = CARTESIAN_POINT ( 'NONE',  ( 1.559029545367103475, 3.392745889146419724, 7.760782992087557730 ) ) ;
#2617 = ORIENTED_EDGE ( 'NONE', *, *, #1106, .T. ) ;
#2618 = CYLINDRICAL_SURFACE ( 'NONE', #2804, 0.9000000000000000222 ) ;
#2619 = EDGE_CURVE ( 'NONE', #2650, #759, #674, .T. ) ;
#2620 = ORIENTED_EDGE ( 'NONE', *, *, #728, .F. ) ;
#2621 = CARTESIAN_POINT ( 'NONE',  ( -0.2500000000000000000, 1.317478221209520628, 1.384738242412623110 ) ) ;
#2622 = CARTESIAN_POINT ( 'NONE',  ( -0.2500000000000000000, 3.056144708529846987, 2.915517796436957187 ) ) ;
#2623 = B_SPLINE_CURVE_WITH_KNOTS ( 'NONE', 3,
 ( #1053, #1928, #2798, #2142, #1066, #831 ),
 .UNSPECIFIED., .F., .F.,
 ( 4, 2, 4 ),
 ( 0.000000000000000000, 0.002902276939797760955, 0.005804553879595521909 ),
 .UNSPECIFIED. ) ;
#2624 = DIRECTION ( 'NONE',  ( -1.000000000000000000, 0.000000000000000000, 0.000000000000000000 ) ) ;
#2625 = DIRECTION ( 'NONE',  ( 0.000000000000000000, -0.2418593247835856552, -0.9703113247897441340 ) ) ;
#2626 = DIRECTION ( 'NONE',  ( 0.000000000000000000, 1.000000000000000000, 0.000000000000000000 ) ) ;
#2627 = CARTESIAN_POINT ( 'NONE',  ( -3.824732555596622063, 5.500000000000000000, -5.548473259517299638 ) ) ;
#2628 = EDGE_LOOP ( 'NONE', ( #1373, #2757, #2416, #2220 ) ) ;
#2629 = CARTESIAN_POINT ( 'NONE',  ( 1.811409678727684325, 3.237903514227878699, 7.100518943657309734 ) ) ;
#2630 = B_SPLINE_CURVE_WITH_KNOTS ( 'NONE', 3,
 ( #1045, #202, #1455, #2775, #1058, #1271 ),
 .UNSPECIFIED., .F., .F.,
 ( 4, 2, 4 ),
 ( 0.000000000000000000, 0.002902276939797758786, 0.005804553879595518440 ),
 .UNSPECIFIED. ) ;
#2631 = CARTESIAN_POINT ( 'NONE',  ( -9.368886441814639809, 4.816254974526746224, -2.524111862993599242 ) ) ;
#2632 = EDGE_LOOP ( 'NONE', ( #146, #1792, #1646, #2092, #1227, #726, #2106, #1939, #1386, #1209, #357, #2217 ) ) ;
#2633 = EDGE_CURVE ( 'NONE', #2683, #1312, #608, .T. ) ;
#2634 = LINE ( 'NONE', #244, #1194 ) ;
#2635 = ADVANCED_FACE ( 'NONE', ( #1262 ), #821, .T. ) ;
#2636 = ORIENTED_EDGE ( 'NONE', *, *, #56, .T. ) ;
#2637 = CARTESIAN_POINT ( 'NONE',  ( 0.2500000000000000555, 2.961844934535984741, 3.160240310256497764 ) ) ;
#2638 = CARTESIAN_POINT ( 'NONE',  ( 9.600705909025350593, 4.007223406015244294, -3.328494297608152408 ) ) ;
#2639 = ORIENTED_EDGE ( 'NONE', *, *, #1781, .F. ) ;
#2640 = CARTESIAN_POINT ( 'NONE',  ( 9.717817208226486869, 4.005819356673403497, -2.950337720051102508 ) ) ;
#2641 = CARTESIAN_POINT ( 'NONE',  ( 5.810115964211984618, 4.007169344211592765, 8.336117018265444045 ) ) ;
#2642 = AXIS2_PLACEMENT_3D ( 'NONE', #1017, #2797, #2784 ) ;
#2643 = CARTESIAN_POINT ( 'NONE',  ( 6.873623383668899578, 3.267538914981436449, 2.915565362346610012 ) ) ;
#2644 = B_SPLINE_CURVE_WITH_KNOTS ( 'NONE', 3,
 ( #2365, #2286, #2300, #548, #352, #326 ),
 .UNSPECIFIED., .F., .F.,
 ( 4, 2, 4 ),
 ( 0.000000000000000000, 0.002902799596362386735, 0.005805599192724773469 ),
 .UNSPECIFIED. ) ;
#2645 = DIRECTION ( 'NONE',  ( 0.000000000000000000, 0.000000000000000000, -1.000000000000000000 ) ) ;
#2646 = CARTESIAN_POINT ( 'NONE',  ( 8.419267059239963658, 4.616631415792987525, -4.593969166929230852 ) ) ;
#2647 = ORIENTED_EDGE ( 'NONE', *, *, #1311, .F. ) ;
#2648 = CARTESIAN_POINT ( 'NONE',  ( 10.08274900560353160, 4.816254974526737342, -1.976024059789830423 ) ) ;
#2649 = FACE_OUTER_BOUND ( 'NONE', #1223, .T. ) ;
#2650 = VERTEX_POINT ( 'NONE', #2357 ) ;
#2651 = CARTESIAN_POINT ( 'NONE',  ( -9.593803850423885393, 3.946921730866584266, -2.584707826322877100 ) ) ;
#2652 = ORIENTED_EDGE ( 'NONE', *, *, #2619, .T. ) ;
#2653 = CARTESIAN_POINT ( 'NONE',  ( 0.000000000000000000, 2.186811464869681032, 0.000000000000000000 ) ) ;
#2654 = CARTESIAN_POINT ( 'NONE',  ( -10.39781120263673486, 4.875218920076521023, -2.874630990384875684 ) ) ;
#2655 = EDGE_LOOP ( 'NONE', ( #431, #133, #1015, #2405, #2426, #2636 ) ) ;
#2656 = CARTESIAN_POINT ( 'NONE',  ( 1.724999992375765290, 1.369805780690981134, 2.077107369950722315 ) ) ;
#2657 = CARTESIAN_POINT ( 'NONE',  ( -5.220811939862537443, 4.836647600038003425, 9.058657222873579329 ) ) ;
#2658 = LINE ( 'NONE', #409, #365 ) ;
#2659 = FACE_OUTER_BOUND ( 'NONE', #816, .T. ) ;
#2660 = CARTESIAN_POINT ( 'NONE',  ( 5.942915979930595505, 4.145322675387105527, -5.326733760370619741 ) ) ;
#2661 = DIRECTION ( 'NONE',  ( 0.000000000000000000, -1.000000000000000000, 0.000000000000000000 ) ) ;
#2662 = ORIENTED_EDGE ( 'NONE', *, *, #589, .T. ) ;
#2663 = VECTOR ( 'NONE', #1508, 1000.000000000000000 ) ;
#2664 = CARTESIAN_POINT ( 'NONE',  ( 1.250158771114909584, 2.178426302721353736, 3.110605088528824336 ) ) ;
#2665 = CARTESIAN_POINT ( 'NONE',  ( -1.149999999999999911, 5.500000000000000000, 1.384738242412623110 ) ) ;
#2666 = B_SPLINE_CURVE_WITH_KNOTS ( 'NONE', 3,
 ( #1630, #949, #511, #2053, #1167, #497 ),
 .UNSPECIFIED., .F., .F.,
 ( 4, 2, 4 ),
 ( 2.168404344971008627E-19, 0.0002978395315781394090, 0.0005956790631562786011 ),
 .UNSPECIFIED. ) ;
#2667 = ORIENTED_EDGE ( 'NONE', *, *, #1457, .T. ) ;
#2668 = CARTESIAN_POINT ( 'NONE',  ( -0.2500000000000000000, 7.786483990622643070, 3.110605088528824336 ) ) ;
#2669 = ORIENTED_EDGE ( 'NONE', *, *, #1742, .T. ) ;
#2670 = CARTESIAN_POINT ( 'NONE',  ( 3.300392392056702207, 3.392745889146396632, -7.194979904909795998 ) ) ;
#2671 = CARTESIAN_POINT ( 'NONE',  ( -10.13309686974614898, 4.178295538999174497, -3.742043312624462992 ) ) ;
#2672 = ADVANCED_FACE ( 'NONE', ( #2581 ), #617, .T. ) ;
#2673 = B_SPLINE_CURVE_WITH_KNOTS ( 'NONE', 3,
 ( #353, #1625, #2499, #2274, #1249, #168, #2568, #1696, #2792, #825 ),
 .UNSPECIFIED., .F., .F.,
 ( 4, 2, 2, 2, 4 ),
 ( 0.000000000000000000, 0.0001909744509666736227, 0.0003819489019333472454, 0.0007638978038666947076, 0.001527795607733390066 ),
 .UNSPECIFIED. ) ;
#2674 = EDGE_LOOP ( 'NONE', ( #900, #293, #1132, #1098, #2160, #927, #307, #2283, #581, #2209, #2090, #1135, #2043, #2544, #2531, #1620 ) ) ;
#2675 = DIRECTION ( 'NONE',  ( -0.000000000000000000, 1.000000000000000000, -0.000000000000000000 ) ) ;
#2676 = CARTESIAN_POINT ( 'NONE',  ( 1.226231204799112406, 2.277598498604805233, 3.500078997870033515 ) ) ;
#2677 = CARTESIAN_POINT ( 'NONE',  ( 1.236430234329436439, 5.000000000000002665, -10.19988915971655352 ) ) ;
#2678 = CARTESIAN_POINT ( 'NONE',  ( 3.898442639246506136, 3.888920157119603260, -5.931703584239838456 ) ) ;
#2679 = VERTEX_POINT ( 'NONE', #1485 ) ;
#2680 = DIRECTION ( 'NONE',  ( 0.7931806264321361599, 0.000000000000000000, 0.6089864480041604633 ) ) ;
#2681 = CARTESIAN_POINT ( 'NONE',  ( -8.457782572918294051, 3.560021254463422657, -1.066145039288806329 ) ) ;
#2682 = APPLICATION_CONTEXT ( 'automotive_design' ) ;
#2683 = VERTEX_POINT ( 'NONE', #1274 ) ;
#2684 = FACE_OUTER_BOUND ( 'NONE', #1600, .T. ) ;
#2685 = ORIENTED_EDGE ( 'NONE', *, *, #2257, .T. ) ;
#2686 = CARTESIAN_POINT ( 'NONE',  ( 2.216420761290228469, 3.695972679917433723, -8.773127243049090751 ) ) ;
#2687 = CARTESIAN_POINT ( 'NONE',  ( -10.08274900560356535, 5.000000000000002665, -1.976024059789855958 ) ) ;
#2688 = DIRECTION ( 'NONE',  ( -0.000000000000000000, 1.000000000000000000, -0.000000000000000000 ) ) ;
#2689 = ADVANCED_FACE ( 'NONE', ( #194 ), #849, .T. ) ;
#2690 = CARTESIAN_POINT ( 'NONE',  ( -5.326067215466515847, 4.843430565265501642, 9.064818980462082010 ) ) ;
#2691 = ORIENTED_EDGE ( 'NONE', *, *, #750, .F. ) ;
#2692 = CARTESIAN_POINT ( 'NONE',  ( -4.734455778814762539, 3.106189849310007300, -4.963290567466726699 ) ) ;
#2693 = ORIENTED_EDGE ( 'NONE', *, *, #853, .T. ) ;
#2694 = VECTOR ( 'NONE', #2626, 1000.000000000000000 ) ;
#2695 = DIRECTION ( 'NONE',  ( 0.02646051115848641749, 0.000000000000000000, -0.9996498593753873063 ) ) ;
#2696 = EDGE_CURVE ( 'NONE', #2128, #759, #2272, .T. ) ;
#2697 = CARTESIAN_POINT ( 'NONE',  ( -6.640474234532976361, 3.888920157119618803, 2.507401914987611224 ) ) ;
#2698 = ORIENTED_EDGE ( 'NONE', *, *, #2454, .T. ) ;
#2699 = CIRCLE ( 'NONE', #321, 0.5000000000000000000 ) ;
#2700 = CARTESIAN_POINT ( 'NONE',  ( -0.2500000000000000000, 3.899999999999999911, 3.110605088528824336 ) ) ;
#2701 = ORIENTED_EDGE ( 'NONE', *, *, #2495, .F. ) ;
#2702 = CARTESIAN_POINT ( 'NONE',  ( 6.999868432855378408, 4.065029421196342696, 7.684968527317423082 ) ) ;
#2703 =( BOUNDED_SURFACE ( )  B_SPLINE_SURFACE ( 3, 2, ( 
 ( #1146, #448, #695 ),
 ( #462, #1330, #434 ),
 ( #2402, #15, #2451 ),
 ( #2168, #2199, #662 ) ),
 .UNSPECIFIED., .F., .F., .T. ) 
 B_SPLINE_SURFACE_WITH_KNOTS ( ( 4, 4 ),
 ( 3, 3 ),
 ( 0.01331090613971565306, 0.01444749533653807982 ),
 ( 0.000000000000000000, 1.000000000000000000 ),
 .UNSPECIFIED. ) 
 GEOMETRIC_REPRESENTATION_ITEM ( )  RATIONAL_B_SPLINE_SURFACE ( (
 ( 1.000000000000000000, 0.6814575684223667107, 1.000000000000000000),
 ( 1.000000000000000000, 0.6792415307110444278, 1.000000000000000000),
 ( 1.000000000000000000, 0.6765324495883696665, 1.000000000000000000),
 ( 1.000000000000000000, 0.6726930652386731158, 1.000000000000000000) ) ) 
 REPRESENTATION_ITEM ( '' )  SURFACE ( )  );
#2704 = CARTESIAN_POINT ( 'NONE',  ( -10.38060984719118984, 4.881120383707509447, -3.116870508499525627 ) ) ;
#2705 = CARTESIAN_POINT ( 'NONE',  ( -0.2500000000000000000, 2.095589368535479835, 3.154945349236711660 ) ) ;
#2706 = CARTESIAN_POINT ( 'NONE',  ( -6.291175558777056587, 4.192046823551575763, 8.841410518127798213 ) ) ;
#2707 = CARTESIAN_POINT ( 'NONE',  ( 1.235471271963634265, 2.186811464869682808, 3.132207374257895971 ) ) ;
#2708 = ORIENTED_EDGE ( 'NONE', *, *, #673, .T. ) ;
#2709 = CARTESIAN_POINT ( 'NONE',  ( 3.957539833205057977, 3.190317696170851036, -5.914216430796054524 ) ) ;
#2710 = ORIENTED_EDGE ( 'NONE', *, *, #1900, .T. ) ;
#2711 = CARTESIAN_POINT ( 'NONE',  ( -1.250043845495208750, 2.178415505234405636, 3.110605088528824780 ) ) ;
#2712 = CARTESIAN_POINT ( 'NONE',  ( -6.945972098115496429, 4.429354497324061946, 5.648822546579094883 ) ) ;
#2713 = ORIENTED_EDGE ( 'NONE', *, *, #1070, .F. ) ;
#2714 = B_SPLINE_CURVE_WITH_KNOTS ( 'NONE', 3,
 ( #2355, #403, #204, #1272, #191, #1932 ),
 .UNSPECIFIED., .F., .F.,
 ( 4, 2, 4 ),
 ( 0.000000000000000000, 0.0006166113489113581210, 0.001233222697822716242 ),
 .UNSPECIFIED. ) ;
#2715 = AXIS2_PLACEMENT_3D ( 'NONE', #1678, #1229, #823 ) ;
#2716 = CYLINDRICAL_SURFACE ( 'NONE', #378, 1.499999999999999556 ) ;
#2717 = ORIENTED_EDGE ( 'NONE', *, *, #2582, .F. ) ;
#2718 = EDGE_CURVE ( 'NONE', #104, #666, #1847, .T. ) ;
#2719 = CARTESIAN_POINT ( 'NONE',  ( 6.464600924247571712, 4.192046823551567769, 8.715409614678629069 ) ) ;
#2720 = AXIS2_PLACEMENT_3D ( 'NONE', #2774, #2612, #2645 ) ;
#2721 = DIRECTION ( 'NONE',  ( 0.000000000000000000, 1.000000000000000000, 0.000000000000000000 ) ) ;
#2722 =( BOUNDED_SURFACE ( )  B_SPLINE_SURFACE ( 3, 2, ( 
 ( #1491, #598, #2362 ),
 ( #2600, #2155, #1504 ),
 ( #2109, #1947, #209 ),
 ( #2838, #583, #1452 ),
 ( #2324, #162, #1031 ),
 ( #1902, #1467, #2342 ) ),
 .UNSPECIFIED., .F., .F., .T. ) 
 B_SPLINE_SURFACE_WITH_KNOTS ( ( 4, 2, 4 ),
 ( 3, 3 ),
 ( 0.000000000000000000, 0.002856917329923057674, 0.005713834659846115348 ),
 ( 0.000000000000000000, 1.000000000000000000 ),
 .UNSPECIFIED. ) 
 GEOMETRIC_REPRESENTATION_ITEM ( )  RATIONAL_B_SPLINE_SURFACE ( (
 ( 1.000000000000000000, 0.7606641873261107412, 1.000000000000000000),
 ( 1.000000000000000000, 0.7646006905913036444, 1.000000000000000000),
 ( 1.000000000000000000, 0.7692918713867424874, 1.000000000000000000),
 ( 1.000000000000000000, 0.7793880885368729139, 1.000000000000000000),
 ( 1.000000000000000000, 0.7848477781065794634, 1.000000000000000000),
 ( 1.000000000000000000, 0.7887930771276832065, 1.000000000000000000) ) ) 
 REPRESENTATION_ITEM ( '' )  SURFACE ( )  );
#2723 = CARTESIAN_POINT ( 'NONE',  ( 8.892978065955327693, 5.500000000000000000, -2.889503731796071673 ) ) ;
#2724 = CARTESIAN_POINT ( 'NONE',  ( 5.496162705967675421, 0.000000000000000000, 7.564818980461910591 ) ) ;
#2725 = B_SPLINE_CURVE_WITH_KNOTS ( 'NONE', 3,
 ( #2827, #809, #861, #1730, #575, #2310, #2378, #469, #4, #1338, #2392, #1121, #439, #2208, #1294, #1136 ),
 .UNSPECIFIED., .F., .F.,
 ( 4, 2, 2, 2, 2, 2, 2, 4 ),
 ( 0.000000000000000000, 0.0003619523874338540078, 0.0007239047748677079073, 0.001085857162301561698, 0.001447809549735415381, 0.001809761937169269497, 0.002171714324603122963, 0.002895619099470830328 ),
 .UNSPECIFIED. ) ;
#2726 = VERTEX_POINT ( 'NONE', #715 ) ;
#2727 = ORIENTED_EDGE ( 'NONE', *, *, #1578, .F. ) ;
#2728 = CARTESIAN_POINT ( 'NONE',  ( -6.242297213895217745, 3.946921730866590483, 7.730168973655062281 ) ) ;
#2729 = DIRECTION ( 'NONE',  ( -0.000000000000000000, -0.000000000000000000, -1.000000000000000000 ) ) ;
#2730 = ORIENTED_EDGE ( 'NONE', *, *, #1794, .F. ) ;
#2731 = FACE_OUTER_BOUND ( 'NONE', #2674, .T. ) ;
#2732 = ADVANCED_FACE ( 'NONE', ( #332 ), #286, .T. ) ;
#2733 = CARTESIAN_POINT ( 'NONE',  ( -6.193348710168151250, 3.239421324660096690, 3.926519288013260667 ) ) ;
#2734 = PLANE ( 'NONE',  #1588 ) ;
#2735 = FACE_OUTER_BOUND ( 'NONE', #1085, .T. ) ;
#2736 = EDGE_CURVE ( 'NONE', #1576, #2046, #2666, .T. ) ;
#2737 = CARTESIAN_POINT ( 'NONE',  ( 0.2500000000000119904, 1.275771655954680561, 2.990488934132318644 ) ) ;
#2738 = CARTESIAN_POINT ( 'NONE',  ( -1.236430234329440658, 5.000000000000002665, -10.19988915971655885 ) ) ;
#2739 = LINE ( 'NONE', #1579, #137 ) ;
#2740 = ORIENTED_EDGE ( 'NONE', *, *, #406, .F. ) ;
#2741 = VERTEX_POINT ( 'NONE', #2251 ) ;
#2742 = CARTESIAN_POINT ( 'NONE',  ( -1.005197216059674048, 2.398494270594104361, 4.036365123678075761 ) ) ;
#2743 = CARTESIAN_POINT ( 'NONE',  ( -6.736119107851037846, 3.103295377188317161, 1.248060914186295722 ) ) ;
#2744 = VERTEX_POINT ( 'NONE', #1151 ) ;
#2745 = CARTESIAN_POINT ( 'NONE',  ( -1.676944476672038276, 4.145322675387121514, 7.802576505267136753 ) ) ;
#2746 = VECTOR ( 'NONE', #1637, 1000.000000000000000 ) ;
#2747 = CARTESIAN_POINT ( 'NONE',  ( 6.980334719225552043, 4.105386300841167291, 7.899031598648136310 ) ) ;
#2748 = EDGE_CURVE ( 'NONE', #245, #2278, #1492, .T. ) ;
#2749 = CARTESIAN_POINT ( 'NONE',  ( 6.995637495030756270, 0.000000000000000000, 7.525128213724185500 ) ) ;
#2750 = CARTESIAN_POINT ( 'NONE',  ( -0.2499999999999588107, 2.299079011575758891, 3.890059401983637866 ) ) ;
#2751 = CARTESIAN_POINT ( 'NONE',  ( 0.2499999999999655276, 1.424833304896757191, 2.896002985735226076 ) ) ;
#2752 = DIRECTION ( 'NONE',  ( 0.5661724415900365459, 0.000000000000000000, -0.8242868228862916258 ) ) ;
#2753 = CARTESIAN_POINT ( 'NONE',  ( -0.2499999999999772682, 1.200899548799168493, 3.137440082212173742 ) ) ;
#2754 = VERTEX_POINT ( 'NONE', #93 ) ;
#2755 = ORIENTED_EDGE ( 'NONE', *, *, #2477, .F. ) ;
#2756 = CARTESIAN_POINT ( 'NONE',  ( -0.2154352772009203165, 4.189277979485472869, -10.83915721995069248 ) ) ;
#2757 = ORIENTED_EDGE ( 'NONE', *, *, #349, .F. ) ;
#2758 = CARTESIAN_POINT ( 'NONE',  ( 0.1990460808417070793, 4.007199331471849924, -10.15927978636873164 ) ) ;
#2759 = VECTOR ( 'NONE', #1668, 1000.000000000000000 ) ;
#2760 = CARTESIAN_POINT ( 'NONE',  ( 6.855409320787875238, 0.000000000000000000, 2.227457514062674893 ) ) ;
#2761 = VECTOR ( 'NONE', #888, 1000.000000000000000 ) ;
#2762 = DIRECTION ( 'NONE',  ( -0.000000000000000000, 1.000000000000000000, -0.000000000000000000 ) ) ;
#2763 = CARTESIAN_POINT ( 'NONE',  ( 0.2500000000000000000, 3.899999999999999911, 1.127774356863995964 ) ) ;
#2764 = CIRCLE ( 'NONE', #1469, 0.9000000000000004663 ) ;
#2765 = CARTESIAN_POINT ( 'NONE',  ( 6.095952621592907406, 4.816254974526745336, 7.548942673766820377 ) ) ;
#2766 = DIRECTION ( 'NONE',  ( -0.9218953200970920747, 0.2081837199595084897, 0.3267545830235609738 ) ) ;
#2767 = CARTESIAN_POINT ( 'NONE',  ( -0.2500000000000000000, 3.056144708529845211, 2.915517796436951414 ) ) ;
#2768 = ADVANCED_FACE ( 'NONE', ( #2504 ), #990, .T. ) ;
#2769 = ORIENTED_EDGE ( 'NONE', *, *, #1796, .T. ) ;
#2770 = ORIENTED_EDGE ( 'NONE', *, *, #349, .T. ) ;
#2771 = CARTESIAN_POINT ( 'NONE',  ( 0.2162043623934205849, 4.189261976790386477, -10.83909020282481883 ) ) ;
#2772 = EDGE_CURVE ( 'NONE', #1861, #1629, #528, .T. ) ;
#2773 = AXIS2_PLACEMENT_3D ( 'NONE', #120, #700, #2441 ) ;
#2774 = CARTESIAN_POINT ( 'NONE',  ( -4.119968255444916849E-15, 5.500000000000000000, -9.350630497331502866 ) ) ;
#2775 = CARTESIAN_POINT ( 'NONE',  ( -8.458365613950419970, 3.560298940781835952, -1.066922453935641890 ) ) ;
#2776 = CARTESIAN_POINT ( 'NONE',  ( 6.995637495030756270, 5.000000000000002665, 7.525128213724185500 ) ) ;
#2777 = CARTESIAN_POINT ( 'NONE',  ( -1.214205016591350494, 2.464969063223616086, 4.234518972224779354 ) ) ;
#2778 = CARTESIAN_POINT ( 'NONE',  ( 0.2500000000000001110, 2.926260159222075607, 2.521652297547187782 ) ) ;
#2779 = CARTESIAN_POINT ( 'NONE',  ( -4.808083342320446540, 3.972607498589010078, -5.662536378694992933 ) ) ;
#2780 = CARTESIAN_POINT ( 'NONE',  ( -0.2500000000000002776, 1.932427326380105503, 2.978600551801947383 ) ) ;
#2781 = VERTEX_POINT ( 'NONE', #2280 ) ;
#2782 = ADVANCED_FACE ( 'NONE', ( #1197 ), #2067, .T. ) ;
#2783 = ORIENTED_EDGE ( 'NONE', *, *, #1056, .T. ) ;
#2784 = DIRECTION ( 'NONE',  ( 0.000000000000000000, -0.000000000000000000, -1.000000000000000000 ) ) ;
#2785 = CARTESIAN_POINT ( 'NONE',  ( 5.496162705967676310, 4.853610981312450612, 9.064818980461909703 ) ) ;
#2786 = FACE_OUTER_BOUND ( 'NONE', #1797, .T. ) ;
#2787 = EDGE_CURVE ( 'NONE', #1519, #2030, #1240, .T. ) ;
#2788 = CARTESIAN_POINT ( 'NONE',  ( -10.08274900560356535, 5.000000000000003553, -1.976024059789856402 ) ) ;
#2789 = AXIS2_PLACEMENT_3D ( 'NONE', #637, #1507, #2826 ) ;
#2790 = CARTESIAN_POINT ( 'NONE',  ( 6.995637495030756270, 4.816254974526745336, 7.525128213724185500 ) ) ;
#2791 = AXIS2_PLACEMENT_3D ( 'NONE', #405, #1062, #2806 ) ;
#2792 = CARTESIAN_POINT ( 'NONE',  ( 1.316225860754819399, 2.135471904201671212, 2.894386133648531256 ) ) ;
#2793 = CARTESIAN_POINT ( 'NONE',  ( -5.822955185925770216, 3.392745889146404625, -5.362230755599507681 ) ) ;
#2794 = FACE_OUTER_BOUND ( 'NONE', #1982, .T. ) ;
#2795 = ORIENTED_EDGE ( 'NONE', *, *, #632, .T. ) ;
#2796 = PRODUCT_CONTEXT ( 'NONE', #966, 'mechanical' ) ;
#2797 = DIRECTION ( 'NONE',  ( 0.000000000000000000, -1.000000000000000000, 0.000000000000000000 ) ) ;
#2798 = CARTESIAN_POINT ( 'NONE',  ( -2.702001594230825976, 3.239566726364686122, -6.817786840940638804 ) ) ;
#2799 = CARTESIAN_POINT ( 'NONE',  ( 8.892978065955327693, 0.000000000000000000, -2.889503731796071673 ) ) ;
#2800 = ADVANCED_FACE ( 'NONE', ( #2306 ), #2339, .T. ) ;
#2801 = DIRECTION ( 'NONE',  ( 0.000000000000000000, -1.000000000000000000, 0.000000000000000000 ) ) ;
#2802 = EDGE_CURVE ( 'NONE', #254, #1848, #1859, .T. ) ;
#2803 = CARTESIAN_POINT ( 'NONE',  ( -3.899612658567871648, 3.972607498589205033, -6.322578965887550417 ) ) ;
#2804 = AXIS2_PLACEMENT_3D ( 'NONE', #935, #639, #2174 ) ;
#2805 = CARTESIAN_POINT ( 'NONE',  ( -0.2500000000000000000, 2.284127660948301219, 1.722059411262832240 ) ) ;
#2806 = DIRECTION ( 'NONE',  ( -0.6089864480041584649, 0.000000000000000000, -0.7931806264321377142 ) ) ;
#2807 = ORIENTED_EDGE ( 'NONE', *, *, #1026, .T. ) ;
#2808 = CARTESIAN_POINT ( 'NONE',  ( 10.06914584577351590, 4.170125270833340281, -3.829110715460361192 ) ) ;
#2809 = CARTESIAN_POINT ( 'NONE',  ( 3.812540484307842092, 3.022603524283477228, -5.247511793665711188 ) ) ;
#2810 = VECTOR ( 'NONE', #1480, 1000.000000000000000 ) ;
#2811 = CARTESIAN_POINT ( 'NONE',  ( 0.4498938771179112339, 3.967648508880462721, -10.00330863008882787 ) ) ;
#2812 =( BOUNDED_SURFACE ( )  B_SPLINE_SURFACE ( 3, 2, ( 
 ( #2648, #1292, #34 ),
 ( #682, #810, #380 ),
 ( #1680, #1090, #2551 ),
 ( #2157, #664, #1317 ),
 ( #588, #1247, #211 ),
 ( #871, #1456, #2328 ) ),
 .UNSPECIFIED., .F., .F., .F. ) 
 B_SPLINE_SURFACE_WITH_KNOTS ( ( 4, 2, 4 ),
 ( 3, 3 ),
 ( 0.000000000000000000, 0.002856917329923055939, 0.005713834659846111878 ),
 ( 0.000000000000000000, 1.000000000000000000 ),
 .UNSPECIFIED. ) 
 GEOMETRIC_REPRESENTATION_ITEM ( )  RATIONAL_B_SPLINE_SURFACE ( (
 ( 1.000000000000000000, 0.7606641873261107412, 1.000000000000000000),
 ( 1.000000000000000000, 0.7646006905913437235, 1.000000000000000000),
 ( 1.000000000000000000, 0.7692918713866900848, 1.000000000000000000),
 ( 1.000000000000000000, 0.7793880885369266487, 1.000000000000000000),
 ( 1.000000000000000000, 0.7848477781065396064, 1.000000000000000000),
 ( 1.000000000000000000, 0.7887930771276835396, 1.000000000000000000) ) ) 
 REPRESENTATION_ITEM ( '' )  SURFACE ( )  );
#2813 = AXIS2_PLACEMENT_3D ( 'NONE', #1016, #1673, #1659 ) ;
#2814 = CARTESIAN_POINT ( 'NONE',  ( 5.422851651424217323, 3.946921730866584266, 8.325531024175489847 ) ) ;
#2815 = B_SPLINE_CURVE_WITH_KNOTS ( 'NONE', 3,
 ( #384, #2113, #606, #1908, #1473, #1036 ),
 .UNSPECIFIED., .F., .F.,
 ( 4, 2, 4 ),
 ( 0.000000000000000000, 0.002902276939797760087, 0.005804553879595520174 ),
 .UNSPECIFIED. ) ;
#2816 = DIRECTION ( 'NONE',  ( -0.5828588021056103630, -0.7071067811865492381, -0.4003443727692578280 ) ) ;
#2817 = EDGE_CURVE ( 'NONE', #2206, #1954, #115, .T. ) ;
#2818 = FACE_OUTER_BOUND ( 'NONE', #1208, .T. ) ;
#2819 = EDGE_CURVE ( 'NONE', #1063, #620, #2006, .T. ) ;
#2820 = CARTESIAN_POINT ( 'NONE',  ( -1.821429349817711651, 3.239566726364699445, 7.103902107106530472 ) ) ;
#2821 = ORIENTED_EDGE ( 'NONE', *, *, #1850, .T. ) ;
#2822 = CARTESIAN_POINT ( 'NONE',  ( 0.2500000000000000000, 0.000000000000000000, 1.127774356863995964 ) ) ;
#2823 = CARTESIAN_POINT ( 'NONE',  ( -3.050254243480245976E-14, 5.000000000000002665, 7.208203932499416489 ) ) ;
#2824 = CARTESIAN_POINT ( 'NONE',  ( -6.811733716617485612, 4.868670777151934637, 8.292305002722276441 ) ) ;
#2825 = UNCERTAINTY_MEASURE_WITH_UNIT (LENGTH_MEASURE( 1.000000000000000082E-05 ), #2501, 'distance_accuracy_value', 'NONE');
#2826 = DIRECTION ( 'NONE',  ( 0.000000000000000000, 0.000000000000000000, 1.000000000000000000 ) ) ;
#2827 = CARTESIAN_POINT ( 'NONE',  ( 1.236430234329436439, 4.816254974526737342, -10.19988915971655352 ) ) ;
#2828 = ORIENTED_EDGE ( 'NONE', *, *, #89, .T. ) ;
#2829 = AXIS2_PLACEMENT_3D ( 'NONE', #1506, #1963, #166 ) ;
#2830 = CARTESIAN_POINT ( 'NONE',  ( -2.216420761290072150, 3.695972679918051895, -8.773127243049875901 ) ) ;
#2831 = AXIS2_PLACEMENT_3D ( 'NONE', #2211, #955, #1987 ) ;
#2832 = CARTESIAN_POINT ( 'NONE',  ( 3.925069023326851703, 5.500000000000000000, -5.402394040308506007 ) ) ;
#2833 = PRESENTATION_LAYER_ASSIGNMENT (  '', '', ( #1044 ) ) ;
#2834 = ADVANCED_FACE ( 'NONE', ( #571 ), #2294, .T. ) ;
#2835 = ORIENTED_EDGE ( 'NONE', *, *, #2350, .T. ) ;
#2836 = CARTESIAN_POINT ( 'NONE',  ( 10.38079534217633437, 4.881111650490400855, -3.116018100540144609 ) ) ;
#2837 = CARTESIAN_POINT ( 'NONE',  ( 6.242297213895153796, 3.946921730866583378, 7.730168973655082709 ) ) ;
#2838 = CARTESIAN_POINT ( 'NONE',  ( -1.811409678727755379, 3.237903514227783219, 7.100518943656910942 ) ) ;
ENDSEC;
END-ISO-10303-21;
